Tumor_Sample_Barcode,3'Flank,3'UTR,5'Flank,5'UTR,Intron,Missense_Mutation,Nonsense_Mutation,Nonstop_Mutation,RNA,Silent,Splice_Site,Translation_Start_Site
TCGA-02-0003-01A-01D-1490-08,0,3,1,0,0,44,0,0,1,12,0,0
TCGA-02-0033-01A-01D-1490-08,0,0,0,2,1,23,2,0,0,10,1,0
TCGA-02-0047-01A-01D-1490-08,0,4,0,1,2,56,2,1,2,15,1,0
TCGA-02-0055-01A-01D-1490-08,1,4,1,1,1,46,1,0,1,16,2,0
TCGA-02-2470-01A-01D-1494-08,0,4,1,2,3,44,3,0,0,15,1,0
TCGA-02-2483-01A-01D-1494-08,0,4,0,2,2,43,0,0,1,16,1,0
TCGA-02-2485-01A-01D-1494-08,0,3,0,0,1,45,2,0,2,16,1,0
TCGA-02-2486-01A-01D-1494-08,1,0,0,1,1,51,3,0,0,14,0,0
TCGA-04-1353-01A-01D-1526-09,0,1,0,7,0,11,0,0,1,7,0,0
TCGA-04-1369-01A-02D-1526-09,0,6,0,2,2,74,4,0,4,24,4,1
TCGA-04-1516-01A-01D-1526-09,0,6,0,3,2,45,2,0,0,9,2,0
TCGA-04-1644-01B-01D-1526-09,0,1,0,1,0,31,3,0,0,6,1,0
TCGA-05-4244-01A-01D-1105-08,1,11,3,4,8,163,10,1,5,49,6,0
TCGA-05-4249-01A-01D-1105-08,0,15,0,8,9,245,25,0,9,67,7,0
TCGA-05-4250-01A-01D-1105-08,0,20,3,7,14,266,16,0,5,95,8,0
TCGA-05-4382-01A-01D-1931-08,7,71,8,43,51,1327,113,1,26,409,53,1
TCGA-05-4384-01A-01D-1753-08,0,4,1,4,2,96,9,1,4,40,3,0
TCGA-05-4389-01A-01D-1265-08,0,12,1,8,5,185,7,0,2,72,4,0
TCGA-05-4390-01A-02D-1753-08,1,32,3,16,14,429,32,0,9,146,12,0
TCGA-05-4395-01A-01D-1265-08,2,18,2,7,14,196,19,0,6,77,7,0
TCGA-05-4396-01A-21D-1855-08,1,9,1,8,5,217,18,0,5,66,4,0
TCGA-05-4397-01A-01D-1265-08,2,46,6,20,32,624,59,0,16,197,14,3
TCGA-05-4398-01A-01D-1265-08,4,37,1,20,14,551,38,0,12,219,32,0
TCGA-05-4402-01A-01D-1265-08,1,4,0,0,3,100,7,0,1,35,3,1
TCGA-05-4403-01A-01D-1265-08,0,6,0,6,4,101,11,0,1,37,2,0
TCGA-05-4405-01A-21D-1855-08,1,7,0,9,11,303,28,0,5,112,6,0
TCGA-05-4410-01A-21D-1855-08,4,32,5,15,26,854,63,2,18,295,33,1
TCGA-05-4415-01A-22D-1855-08,0,8,1,5,3,160,7,0,4,55,7,0
TCGA-05-4417-01A-22D-1855-08,3,7,0,11,8,217,14,0,3,76,13,0
TCGA-05-4418-01A-01D-1265-08,2,12,1,9,9,211,9,0,9,68,4,0
TCGA-05-4420-01A-01D-1265-08,0,19,2,9,11,211,20,1,6,84,8,0
TCGA-05-4422-01A-01D-1265-08,0,2,0,0,2,29,5,0,2,13,1,0
TCGA-05-4424-01A-22D-1855-08,3,28,2,19,22,564,41,1,16,185,17,3
TCGA-05-4425-01A-01D-1753-08,0,3,0,0,0,32,3,0,1,14,0,0
TCGA-05-4426-01A-01D-1265-08,0,3,2,1,0,37,5,0,0,6,1,0
TCGA-05-4427-01A-21D-1855-08,4,37,6,23,31,789,62,1,19,247,30,1
TCGA-05-4430-01A-02D-1265-08,0,9,1,3,9,222,13,0,6,73,4,1
TCGA-05-4432-01A-01D-1265-08,1,28,0,17,20,437,37,0,14,176,22,1
TCGA-05-4433-01A-22D-1855-08,0,3,0,0,1,29,2,0,0,10,0,0
TCGA-05-4434-01A-01D-1265-08,0,2,0,2,0,33,4,0,0,17,1,0
TCGA-05-5420-01A-01D-1625-08,1,3,1,2,2,72,6,0,1,28,0,0
TCGA-05-5423-01A-01D-1625-08,1,6,1,3,4,119,11,0,2,34,4,2
TCGA-05-5425-01A-02D-1625-08,1,13,1,17,18,448,44,0,8,153,15,1
TCGA-05-5428-01A-01D-1625-08,1,14,3,5,16,288,29,0,5,103,11,0
TCGA-05-5429-01A-01D-1625-08,0,0,0,1,2,25,5,0,1,10,0,0
TCGA-05-5715-01A-01D-1625-08,1,10,0,4,3,88,7,0,3,34,1,0
TCGA-06-0119-01A-08D-1490-08,1,1,0,3,2,58,5,0,0,12,3,0
TCGA-06-0122-01A-01D-1490-08,0,5,0,2,1,55,8,0,1,28,1,0
TCGA-06-0124-01A-01D-1490-08,0,5,0,1,0,43,7,0,2,16,1,0
TCGA-06-0125-01A-01D-1490-08,0,1,1,1,2,50,3,0,1,15,3,1
TCGA-06-0126-01A-01D-1490-08,1,4,0,4,3,44,1,0,2,16,0,0
TCGA-06-0128-01A-01D-1490-08,0,2,2,1,2,42,4,0,0,15,2,0
TCGA-06-0129-01A-01D-1490-08,0,0,0,1,0,26,5,0,0,7,0,0
TCGA-06-0130-01A-01D-1490-08,0,2,0,1,0,22,1,1,3,7,1,0
TCGA-06-0132-01A-02D-1491-08,0,0,0,0,0,17,0,0,0,10,0,0
TCGA-06-0137-01A-01D-1490-08,0,2,0,2,5,55,4,0,4,30,0,0
TCGA-06-0139-01A-01D-1490-08,0,0,0,0,0,4,0,0,0,0,0,0
TCGA-06-0140-01A-01D-1490-08,0,4,1,0,2,40,2,0,0,12,0,0
TCGA-06-0141-01A-01D-1490-08,0,0,0,0,1,15,1,0,0,6,0,0
TCGA-06-0142-01A-01D-1490-08,0,0,0,1,0,24,1,0,1,7,1,0
TCGA-06-0145-01A-01D-1490-08,3,9,0,2,5,71,7,0,2,24,1,0
TCGA-06-0151-01A-01D-1491-08,0,2,0,0,0,17,2,0,0,1,0,0
TCGA-06-0152-01A-02D-1492-08,0,3,0,3,2,42,3,0,0,21,0,0
TCGA-06-0154-01A-03D-1491-08,0,2,0,1,0,45,2,0,1,18,0,0
TCGA-06-0155-01B-01D-1492-08,0,3,0,3,2,54,3,0,3,20,0,0
TCGA-06-0157-01A-01D-1491-08,0,5,0,4,1,37,4,0,1,14,2,0
TCGA-06-0158-01A-01D-1491-08,0,4,0,3,0,41,1,0,0,19,1,0
TCGA-06-0165-01A-01D-1491-08,0,0,0,1,1,0,0,0,0,0,0,0
TCGA-06-0166-01A-01D-1491-08,0,5,0,0,1,32,5,0,0,3,0,0
TCGA-06-0167-01A-01D-1491-08,0,1,0,0,1,0,0,0,0,2,0,0
TCGA-06-0168-01A-01D-1491-08,0,4,0,1,0,29,2,0,0,13,0,1
TCGA-06-0169-01A-01D-1490-08,0,2,1,1,2,42,1,0,1,14,0,0
TCGA-06-0171-01A-02D-1491-08,0,2,0,1,3,45,4,0,1,9,2,0
TCGA-06-0173-01A-01D-1491-08,0,1,1,3,2,64,1,0,2,21,0,0
TCGA-06-0174-01A-01D-1491-08,1,3,0,1,1,58,3,0,0,20,0,0
TCGA-06-0184-01A-01D-1491-08,0,3,0,1,2,38,5,0,1,17,2,0
TCGA-06-0185-01A-01D-1491-08,1,3,0,1,0,49,3,0,2,17,1,0
TCGA-06-0187-01A-01D-1491-08,0,0,1,1,1,33,1,0,0,9,3,0
TCGA-06-0188-01A-01D-1491-08,0,2,1,1,3,35,3,0,2,17,1,1
TCGA-06-0189-01A-01D-1491-08,0,0,0,2,0,20,1,0,0,6,0,0
TCGA-06-0190-01A-01D-1491-08,0,2,1,2,3,48,1,0,0,16,2,0
TCGA-06-0192-01B-01D-1492-08,0,2,0,2,1,47,7,0,1,26,2,0
TCGA-06-0195-01B-01D-1491-08,0,4,0,1,4,56,3,0,3,15,1,0
TCGA-06-0209-01A-01D-1491-08,0,3,0,2,4,57,3,0,3,21,2,0
TCGA-06-0210-01B-01D-1491-08,0,2,0,2,2,48,3,0,2,14,1,1
TCGA-06-0211-01B-01D-1491-08,1,2,0,3,4,44,5,0,1,21,1,0
TCGA-06-0213-01A-01D-1491-08,0,2,1,1,2,43,4,0,3,17,1,0
TCGA-06-0214-01A-02D-1491-08,0,8,1,3,2,52,4,0,0,25,3,0
TCGA-06-0216-01B-01D-1492-08,0,2,0,0,1,39,5,0,0,21,1,0
TCGA-06-0219-01A-01D-1491-08,0,1,0,0,8,30,4,0,1,8,1,0
TCGA-06-0221-01A-01D-1491-08,0,1,0,0,0,23,3,0,2,15,0,0
TCGA-06-0237-01A-02D-1491-08,0,4,0,2,1,30,0,0,1,15,1,0
TCGA-06-0238-01A-02D-1492-08,0,1,0,3,2,37,1,0,1,6,0,0
TCGA-06-0240-01A-03D-1491-08,0,0,0,0,0,7,0,0,0,0,0,0
TCGA-06-0241-01A-02D-1491-08,0,4,1,1,4,38,3,0,1,21,0,0
TCGA-06-0644-01A-02D-1492-08,0,2,0,0,1,39,3,0,2,20,2,0
TCGA-06-0645-01A-01D-1492-08,0,3,0,1,1,50,1,0,0,20,0,0
TCGA-06-0646-01A-01D-1492-08,0,1,1,0,2,26,0,0,0,13,0,0
TCGA-06-0648-01A-01D-1492-08,1,0,0,3,4,47,4,0,0,23,0,0
TCGA-06-0649-01B-01D-1492-08,0,8,0,0,3,72,5,0,3,32,0,0
TCGA-06-0650-01A-02D-1696-08,0,0,0,1,1,31,2,0,0,8,0,0
TCGA-06-0686-01A-01D-1492-08,0,7,0,3,3,45,4,0,2,17,3,0
TCGA-06-0743-01A-01D-1492-08,0,7,1,1,4,75,4,0,4,30,1,0
TCGA-06-0744-01A-01D-1492-08,0,5,0,1,1,57,3,0,1,19,2,0
TCGA-06-0745-01A-01D-1492-08,0,3,0,4,2,37,4,0,1,12,1,0
TCGA-06-0747-01A-01D-1492-08,0,3,0,3,1,59,3,0,1,20,0,0
TCGA-06-0749-01A-01D-1492-08,0,0,0,0,1,36,4,0,1,20,0,0
TCGA-06-0750-01A-01D-1492-08,0,4,1,4,0,29,4,0,0,9,1,0
TCGA-06-0875-01A-01D-1492-08,1,4,0,1,2,55,3,0,0,16,0,0
TCGA-06-0876-01A-01D-1492-08,0,6,0,2,0,52,5,0,0,24,2,0
TCGA-06-0877-01A-01D-1492-08,1,3,1,2,2,50,5,0,0,22,2,0
TCGA-06-0878-01A-01D-1492-08,1,5,1,0,1,34,1,0,1,18,0,0
TCGA-06-0879-01A-01D-1492-08,2,3,1,2,1,40,4,0,1,20,0,0
TCGA-06-0881-01A-02D-1492-08,0,0,0,1,0,19,0,0,0,6,0,0
TCGA-06-0882-01A-01D-1492-08,0,1,0,1,0,29,2,0,0,13,0,0
TCGA-06-0939-01A-01D-1353-08,1,5,0,3,1,51,3,0,1,30,1,0
TCGA-06-1804-01A-01D-1696-08,0,5,0,1,1,60,4,0,3,31,3,0
TCGA-06-1806-01A-02D-1845-08,0,1,0,1,1,20,0,0,3,8,0,0
TCGA-06-2557-01A-01D-1494-08,0,4,0,2,2,31,2,0,0,20,0,0
TCGA-06-2558-01A-01D-1494-08,1,4,0,0,0,61,6,0,3,23,0,0
TCGA-06-2559-01A-01D-1494-08,0,6,0,1,4,46,2,0,0,21,1,0
TCGA-06-2561-01A-02D-1494-08,1,3,0,0,0,28,3,0,0,6,1,0
TCGA-06-2562-01A-01D-1494-08,2,1,0,1,1,48,4,0,0,16,1,0
TCGA-06-2563-01A-01D-1494-08,0,7,0,1,2,59,2,0,2,17,1,0
TCGA-06-2564-01A-01D-1494-08,0,3,1,1,1,48,4,0,1,20,0,0
TCGA-06-2565-01A-01D-1494-08,0,6,0,1,2,37,3,0,1,13,1,0
TCGA-06-2567-01A-01D-1494-08,0,3,0,1,6,36,4,0,0,20,1,0
TCGA-06-2569-01A-01D-1494-08,1,0,0,0,1,26,0,0,1,7,0,0
TCGA-06-2570-01A-01D-1495-08,0,1,0,0,1,32,0,0,0,9,0,0
TCGA-06-5408-01A-01D-1696-08,1,5,0,1,1,39,0,0,0,16,0,0
TCGA-06-5410-01A-01D-1696-08,0,1,0,1,0,17,4,0,0,9,0,0
TCGA-06-5411-01A-01D-1696-08,1,0,0,0,3,23,3,0,1,11,0,0
TCGA-06-5412-01A-01D-1696-08,0,1,0,1,1,42,4,0,0,17,0,0
TCGA-06-5413-01A-01D-1696-08,1,1,0,1,0,36,2,0,3,14,0,0
TCGA-06-5414-01A-01D-1486-08,0,2,0,0,0,26,2,0,0,13,1,0
TCGA-06-5415-01A-01D-1486-08,0,4,1,0,1,35,3,0,0,16,1,0
TCGA-06-5416-01A-01D-1486-08,59,956,53,325,474,10725,1007,3,188,4051,230,9
TCGA-06-5417-01A-01D-1486-08,1,0,1,2,1,39,2,0,0,17,0,0
TCGA-06-5418-01A-01D-1486-08,0,3,0,3,2,30,2,0,0,16,0,0
TCGA-06-5856-01A-01D-1696-08,0,3,0,1,3,52,0,0,0,12,0,0
TCGA-06-5858-01A-01D-1696-08,0,7,0,2,7,147,6,0,1,75,1,0
TCGA-06-5859-01A-01D-1696-08,0,0,0,1,0,35,2,0,1,13,1,0
TCGA-06-6388-01A-12D-1845-08,0,2,0,2,1,36,3,0,2,17,2,0
TCGA-06-6389-01A-11D-1696-08,0,4,0,0,0,34,0,0,2,14,0,0
TCGA-06-6390-01A-11D-1696-08,1,4,0,3,1,33,0,0,2,17,0,0
TCGA-06-6391-01A-11D-1696-08,1,2,1,1,2,51,4,0,0,20,1,0
TCGA-06-6693-01A-11D-1845-08,1,1,0,1,3,33,5,0,3,15,1,0
TCGA-06-6694-01A-12D-1845-08,1,3,0,1,2,58,4,0,1,43,4,0
TCGA-06-6695-01A-11D-1845-08,0,7,0,0,1,42,0,0,2,14,3,0
TCGA-06-6697-01A-11D-1845-08,0,3,0,0,0,54,3,0,1,15,0,0
TCGA-06-6698-01A-11D-1845-08,0,2,0,0,0,27,2,0,0,10,2,0
TCGA-06-6699-01A-11D-1845-08,0,2,0,1,1,48,2,0,1,17,1,1
TCGA-06-6700-01A-12D-1845-08,0,1,0,2,1,39,3,0,1,17,1,0
TCGA-06-6701-01A-11D-1845-08,0,0,1,0,4,27,0,0,2,11,0,0
TCGA-06-A5U0-01A-11D-A33T-08,0,2,0,1,0,24,3,0,1,11,0,0
TCGA-06-A5U1-01A-11D-A33T-08,0,1,0,5,1,44,5,0,2,36,0,0
TCGA-06-A6S0-01A-11D-A33T-08,0,3,0,0,3,43,2,0,3,24,2,0
TCGA-06-A6S1-01A-11D-A33T-08,0,1,0,2,0,38,3,0,1,9,1,0
TCGA-06-A7TK-01A-21D-A391-08,0,2,0,0,0,46,0,0,1,17,1,0
TCGA-06-A7TL-01A-11D-A391-08,0,1,0,1,1,21,2,0,0,8,0,0
TCGA-08-0386-01A-01D-1492-08,0,1,0,0,0,9,0,0,0,7,0,0
TCGA-09-2044-01B-01D-0704-01,1,3,0,4,4,96,6,0,4,46,2,0
TCGA-10-0934-01A-02D-0399-01,0,1,0,0,2,13,0,0,0,4,0,0
TCGA-12-0615-01A-01D-1492-08,0,8,0,0,1,47,1,0,1,18,2,0
TCGA-12-0616-01A-01D-1492-08,0,1,0,4,1,33,0,0,1,13,1,0
TCGA-12-0618-01A-01D-1492-08,0,3,1,3,0,34,3,0,1,7,2,0
TCGA-12-0619-01A-01D-1492-08,0,3,0,0,0,42,7,1,0,13,0,0
TCGA-12-0688-01A-02D-1492-08,0,5,0,4,8,33,2,0,1,25,0,0
TCGA-12-0692-01A-01D-1492-08,0,7,0,1,2,55,2,0,0,18,2,0
TCGA-12-0821-01A-01D-1492-08,0,3,0,5,1,43,6,0,4,20,3,1
TCGA-12-1597-01B-01D-1495-08,0,3,0,2,4,57,2,0,3,21,0,0
TCGA-12-3649-01A-01D-1495-08,0,2,0,2,0,66,6,0,0,14,2,0
TCGA-12-3650-01A-01D-1495-08,0,4,0,2,0,37,5,0,1,14,0,0
TCGA-12-3652-01A-01D-1495-08,0,2,0,1,3,45,4,1,1,20,1,0
TCGA-12-3653-01A-01D-1495-08,0,0,0,1,1,22,2,0,0,4,0,0
TCGA-12-5295-01A-01D-1486-08,0,2,0,2,2,58,2,0,2,19,0,0
TCGA-12-5299-01A-02D-1486-08,0,3,0,1,1,27,2,0,2,9,1,0
TCGA-12-5301-01A-01D-1486-08,0,4,0,2,1,47,4,0,1,23,0,0
TCGA-13-0751-01A-01D-0446-08,1,7,0,3,5,38,3,0,2,19,1,0
TCGA-13-0757-01A-01D-0356-01,0,4,1,2,6,74,4,0,2,26,4,0
TCGA-13-1477-01A-01D-0472-01,1,10,2,1,8,167,15,0,4,75,4,0
TCGA-13-1500-01A-01D-0472-01,0,9,0,2,2,73,0,0,2,27,4,0
TCGA-13-1505-01A-01D-0472-01,0,1,0,1,2,58,5,0,1,26,1,0
TCGA-13-2057-01A-02D-1526-09,2,10,0,13,1,148,9,0,2,59,2,0
TCGA-13-2059-01A-01D-1526-09,0,8,0,2,2,71,2,0,0,31,2,0
TCGA-13-2061-01A-01D-1526-09,0,9,0,5,2,92,2,0,2,29,0,0
TCGA-13-2065-01A-01D-1526-09,1,2,0,3,4,38,2,0,2,14,1,0
TCGA-13-2071-01A-02D-1526-09,0,3,3,0,2,40,4,0,1,19,1,1
TCGA-13-A5FT-01A-11D-A403-09,1,27,0,5,4,64,2,0,6,15,1,0
TCGA-13-A5FU-01A-11D-A403-09,1,12,2,7,1,58,1,0,4,22,3,1
TCGA-14-0736-01A-01D-2280-08,0,5,0,2,3,47,6,0,0,18,1,0
TCGA-14-0740-01B-01D-1845-08,0,1,1,1,1,37,3,0,3,12,1,0
TCGA-14-0781-01B-01D-1696-08,0,1,0,1,0,23,2,0,0,8,0,0
TCGA-14-0786-01B-01D-1492-08,0,3,0,3,0,27,0,0,5,10,2,0
TCGA-14-0787-01A-01D-1492-08,1,4,0,0,2,26,1,0,1,11,0,0
TCGA-14-0789-01A-01D-1492-08,0,3,0,2,4,44,5,0,3,25,2,0
TCGA-14-0790-01B-01D-1494-08,1,5,0,1,1,49,0,0,2,22,1,0
TCGA-14-0813-01A-01D-1492-08,1,8,0,7,2,74,2,0,3,29,3,0
TCGA-14-0817-01A-01D-1492-08,0,4,0,3,0,53,5,0,2,15,1,0
TCGA-14-0862-01B-01D-1845-08,0,1,0,0,1,30,3,0,0,12,1,0
TCGA-14-0871-01A-01D-1492-08,0,3,0,1,2,43,5,0,1,11,0,0
TCGA-14-1034-01A-01D-1492-08,1,3,0,4,2,60,3,0,0,22,2,0
TCGA-14-1043-01B-11D-1845-08,0,1,0,1,1,13,2,0,1,9,0,0
TCGA-14-1395-01B-11D-1845-08,0,3,0,0,0,33,4,0,1,14,2,0
TCGA-14-1450-01B-01D-1845-08,0,3,1,0,2,45,2,0,2,16,1,0
TCGA-14-1456-01B-01D-1494-08,0,2,0,1,1,25,0,0,0,4,0,0
TCGA-14-1823-01A-01D-1494-08,0,5,0,1,1,50,1,0,1,11,2,0
TCGA-14-1825-01A-01D-1494-08,0,2,0,5,2,42,2,0,3,14,1,0
TCGA-14-1829-01A-01D-1494-08,0,6,2,0,1,41,1,0,2,20,1,0
TCGA-14-2554-01A-01D-1494-08,1,7,0,1,1,58,2,0,1,21,1,0
TCGA-14-3476-01B-01D-1353-08,1,6,0,0,1,47,1,0,1,22,1,0
TCGA-14-4157-01A-01D-1353-08,0,1,0,2,1,25,2,0,2,6,0,0
TCGA-15-0742-01A-01D-1492-08,0,2,0,3,1,58,5,0,0,13,1,0
TCGA-16-0846-01A-01D-1492-08,0,5,0,3,1,55,2,0,2,23,1,0
TCGA-16-0848-01A-01D-1492-08,1,22,1,5,9,298,13,0,4,134,2,0
TCGA-16-0861-01A-01D-1492-08,0,2,0,2,1,43,4,0,0,15,1,0
TCGA-16-1045-01B-01D-1492-08,0,5,0,2,2,57,5,0,2,26,0,0
TCGA-16-1048-01B-01D-1353-08,0,4,0,4,1,50,4,0,5,21,1,0
TCGA-18-3406-01A-01D-0983-08,1,14,1,3,9,158,12,1,5,69,4,0
TCGA-18-3407-01A-01D-0983-08,0,2,0,1,1,58,3,0,1,26,0,0
TCGA-18-3408-01A-01D-0983-08,0,4,1,5,1,59,7,0,1,19,1,0
TCGA-18-3409-01A-01D-0983-08,23,186,10,89,120,2275,137,0,57,1331,38,1
TCGA-18-3410-01A-01D-0983-08,0,9,0,5,8,166,9,0,1,48,1,0
TCGA-18-3411-01A-01D-0983-08,2,11,0,11,15,245,16,0,3,92,3,0
TCGA-18-3412-01A-01D-0983-08,0,7,0,1,2,94,6,1,2,30,4,0
TCGA-18-3414-01A-01D-0983-08,1,9,1,13,7,249,23,0,2,72,3,2
TCGA-18-3415-01A-01D-0983-08,2,10,1,3,11,139,11,0,5,49,4,0
TCGA-18-3416-01A-01D-0983-08,3,12,1,3,9,238,24,0,3,84,11,0
TCGA-18-3417-01A-01D-1441-08,0,13,0,7,11,207,21,0,9,77,7,0
TCGA-18-3421-01A-01D-0983-08,1,14,0,7,7,240,17,1,8,79,10,1
TCGA-18-4083-01A-01D-1352-08,2,28,4,12,15,287,25,0,8,81,10,1
TCGA-18-4721-01A-01D-1441-08,2,11,1,5,7,124,12,0,3,53,6,1
TCGA-18-5592-01A-01D-1632-08,2,18,2,17,8,227,10,2,6,65,6,1
TCGA-18-5595-01A-01D-1632-08,1,16,2,14,11,170,22,0,5,72,6,0
TCGA-19-1390-01A-01D-1495-08,0,7,0,2,3,85,4,0,1,39,3,0
TCGA-19-1787-01B-01D-1495-08,7,32,3,11,13,482,23,0,4,238,5,0
TCGA-19-1790-01B-01D-1353-08,1,9,0,5,3,77,6,0,1,30,0,0
TCGA-19-2619-01A-01D-1495-08,0,5,0,0,1,37,3,0,2,23,2,0
TCGA-19-2620-01A-01D-1495-08,0,4,0,1,1,56,5,0,0,22,2,0
TCGA-19-2623-01A-01D-1495-08,1,3,0,0,3,62,8,1,0,22,1,0
TCGA-19-2624-01A-01D-1495-08,0,1,0,0,2,34,3,0,2,13,0,0
TCGA-19-2625-01A-01D-1495-08,0,3,0,1,4,46,1,0,0,11,1,0
TCGA-19-2629-01A-01D-1495-08,0,6,1,0,0,54,3,0,1,21,2,0
TCGA-19-2631-01A-01D-1353-08,1,9,2,1,4,70,4,0,0,17,1,0
TCGA-19-4065-01A-01D-2280-08,0,2,0,3,3,36,1,0,0,17,1,0
TCGA-19-4068-01A-01D-1353-08,0,2,0,0,2,38,3,0,3,25,1,0
TCGA-19-5947-01A-11D-1696-08,0,2,0,2,2,18,0,0,0,6,0,0
TCGA-19-5950-01A-11D-1696-08,0,7,1,1,2,47,3,0,0,12,2,0
TCGA-19-5951-01A-11D-1696-08,0,1,1,2,0,57,3,0,2,23,0,0
TCGA-19-5952-01A-11D-1696-08,0,4,0,2,1,29,3,0,0,12,2,0
TCGA-19-5953-01B-12D-1845-08,0,4,0,1,1,37,1,0,1,24,0,0
TCGA-19-5954-01A-11D-1696-08,0,3,0,4,1,57,5,0,3,25,1,0
TCGA-19-5955-01A-11D-1696-08,0,3,0,3,1,44,4,0,1,33,1,0
TCGA-19-5956-01A-11D-1696-08,39,427,34,158,232,5878,638,6,119,2113,182,2
TCGA-19-5958-01A-11D-1696-08,0,3,0,1,0,37,1,0,1,12,0,0
TCGA-19-5959-01A-11D-1696-08,2,5,0,4,1,61,4,1,0,30,2,0
TCGA-19-5960-01A-11D-1696-08,0,3,0,0,1,35,2,0,0,6,0,0
TCGA-19-A60I-01A-12D-A33T-08,0,2,0,1,1,24,1,0,0,12,1,0
TCGA-19-A6J4-01A-11D-A33T-08,0,1,1,0,3,20,3,0,1,13,0,0
TCGA-19-A6J5-01A-21D-A33T-08,1,1,0,1,1,33,3,0,2,12,1,0
TCGA-20-0991-01A-03D-0428-01,0,16,0,4,10,188,3,0,4,86,4,1
TCGA-21-1070-01A-01D-1521-08,6,38,1,16,13,426,34,1,13,119,18,2
TCGA-21-1071-01A-01D-1521-08,0,7,0,5,6,146,6,0,2,39,5,1
TCGA-21-1076-01A-02D-1521-08,2,16,2,5,6,245,17,1,11,87,13,2
TCGA-21-1077-01A-01D-1521-08,4,16,1,8,9,162,21,0,6,63,5,0
TCGA-21-1078-01A-01D-1521-08,0,8,0,2,3,58,6,0,0,19,1,0
TCGA-21-1081-01A-01D-1521-08,2,15,0,7,5,166,12,0,3,48,3,0
TCGA-21-1082-01A-01D-1521-08,1,23,1,14,9,285,29,1,11,113,6,0
TCGA-21-1083-01A-01D-1521-08,0,47,6,29,26,565,45,0,14,167,14,3
TCGA-21-5782-01A-01D-1632-08,2,15,2,11,14,292,29,0,5,103,12,0
TCGA-21-5783-01A-41D-2184-08,1,17,4,8,13,311,30,1,5,125,12,2
TCGA-21-5784-01A-01D-1632-08,0,7,1,4,1,168,10,0,6,54,8,1
TCGA-21-5786-01A-01D-1632-08,1,17,5,5,11,314,25,0,8,91,6,1
TCGA-21-5787-01A-01D-1632-08,0,19,5,10,6,313,30,0,7,108,8,2
TCGA-21-A5DI-01A-31D-A26M-08,0,3,0,6,5,102,6,1,6,40,2,1
TCGA-22-0940-01A-01D-1521-08,1,13,1,4,9,166,10,0,5,53,5,0
TCGA-22-0944-01A-01D-1521-08,1,9,0,3,6,92,7,0,4,40,2,0
TCGA-22-1000-01A-01D-1521-08,0,4,0,1,2,78,6,0,1,26,4,0
TCGA-22-1002-01A-01D-1521-08,0,14,1,9,11,184,17,0,5,54,2,0
TCGA-22-1005-01A-01D-1521-08,1,12,1,4,6,214,15,0,4,83,5,1
TCGA-22-1011-01A-01D-1521-08,0,3,2,4,3,83,7,0,1,26,4,0
TCGA-22-1012-01A-01D-1521-08,3,19,1,8,19,194,16,0,5,74,9,0
TCGA-22-1016-01A-01D-1521-08,2,14,3,12,11,259,31,0,11,95,11,0
TCGA-22-4591-01A-01D-1267-08,0,14,1,7,8,156,6,0,3,70,4,0
TCGA-22-4593-01A-21D-1817-08,2,10,0,9,5,139,6,0,1,53,6,0
TCGA-22-4594-01A-01D-1267-08,2,19,4,6,14,274,18,0,3,90,8,1
TCGA-22-4595-01A-01D-1267-08,3,20,2,9,15,238,10,0,7,91,6,1
TCGA-22-4596-01A-01D-1267-08,1,6,0,2,5,112,5,0,2,38,3,0
TCGA-22-4599-01A-01D-1441-08,1,24,1,7,11,267,20,0,7,99,12,0
TCGA-22-4601-01A-01D-1441-08,0,8,2,11,9,136,7,0,2,53,5,1
TCGA-22-4604-01A-01D-1267-08,2,15,1,7,14,186,12,0,7,54,8,0
TCGA-22-4605-01A-21D-2122-08,0,3,1,1,2,77,0,0,1,24,4,0
TCGA-22-4607-01A-01D-1267-08,1,4,0,3,1,54,4,0,2,12,3,0
TCGA-22-4609-01A-21D-2122-08,1,13,0,4,4,148,9,1,6,62,3,0
TCGA-22-4613-01A-01D-1441-08,1,32,5,17,26,475,33,0,13,165,14,1
TCGA-22-5471-01A-01D-1632-08,2,13,1,4,5,179,22,0,3,62,6,1
TCGA-22-5472-01A-01D-1632-08,2,14,3,8,10,285,25,1,7,144,6,1
TCGA-22-5473-01A-01D-1632-08,4,41,6,22,24,571,50,2,14,253,22,0
TCGA-22-5474-01A-01D-1632-08,0,4,1,5,3,68,6,1,1,18,2,0
TCGA-22-5477-01A-01D-1632-08,1,8,2,3,5,132,8,0,1,62,0,0
TCGA-22-5478-01A-01D-1632-08,0,9,1,8,8,133,8,1,2,50,3,1
TCGA-22-5479-01A-31D-1945-08,2,24,2,11,19,392,19,2,7,154,11,0
TCGA-22-5480-01A-01D-1632-08,1,11,0,6,6,122,6,1,3,43,3,0
TCGA-22-5481-01A-31D-1945-08,1,12,1,7,13,230,19,0,7,75,5,0
TCGA-22-5482-01A-01D-1632-08,1,8,1,4,8,129,8,0,1,48,2,0
TCGA-22-5483-01A-01D-1817-08,1,12,2,6,7,186,8,0,7,66,5,0
TCGA-22-5485-01A-01D-1632-08,0,6,0,3,8,168,7,0,0,59,4,0
TCGA-22-5489-01A-01D-1632-08,1,9,1,6,4,189,16,0,5,69,7,0
TCGA-22-5491-01A-01D-1632-08,2,17,3,11,13,253,25,0,8,81,6,0
TCGA-22-5492-01A-01D-1632-08,0,17,0,4,10,163,15,0,6,64,11,0
TCGA-22-A5C4-01A-12D-A27K-08,1,35,1,6,10,264,21,1,3,86,9,0
TCGA-23-1110-01A-01D-0428-01,2,10,1,5,5,97,6,2,5,36,6,0
TCGA-23-2641-01A-01D-1526-09,0,5,1,3,2,64,3,0,3,31,3,0
TCGA-23-2643-01A-01D-1526-09,0,6,0,4,4,37,5,0,1,11,1,0
TCGA-23-2647-01A-01D-1526-09,0,1,0,4,1,48,0,0,1,14,0,0
TCGA-23-2649-01A-01D-1526-09,0,9,3,6,7,94,9,1,0,28,2,0
TCGA-24-1431-01A-01D-0472-01,1,3,0,0,5,88,8,0,1,26,2,0
TCGA-25-1319-01A-01D-0452-01,0,2,0,1,1,53,4,0,1,10,1,0
TCGA-25-2397-01A-01D-0704-01,0,3,1,0,2,57,4,0,3,11,1,0
TCGA-25-2398-01A-01D-0704-01,0,5,1,0,1,45,2,1,2,23,2,1
TCGA-26-1439-01A-01D-1353-08,0,2,0,1,3,32,6,0,0,13,0,0
TCGA-26-1442-01A-01D-1696-08,0,2,0,1,0,37,0,0,0,14,2,0
TCGA-26-5132-01A-01D-1486-08,1,10,1,1,2,35,3,0,1,9,1,0
TCGA-26-5133-01A-01D-1486-08,0,1,0,1,2,31,1,0,0,16,0,0
TCGA-26-5134-01A-01D-1486-08,0,3,0,5,3,40,2,0,1,9,1,0
TCGA-26-5135-01A-01D-1486-08,0,4,0,2,2,43,2,0,0,23,1,0
TCGA-26-5136-01B-01D-1486-08,0,1,0,3,1,35,3,0,2,14,3,0
TCGA-26-5139-01A-01D-1486-08,1,4,0,1,2,28,0,0,3,17,1,0
TCGA-26-6173-01A-11D-1845-08,0,0,0,1,1,25,1,0,0,13,1,0
TCGA-26-6174-01A-21D-1845-08,1,7,0,3,2,75,4,0,0,16,1,0
TCGA-26-A7UX-01B-11D-A391-08,0,1,1,1,0,29,0,0,1,8,2,0
TCGA-27-1830-01A-01D-1494-08,0,1,0,2,1,36,4,0,3,12,1,0
TCGA-27-1831-01A-01D-1494-08,0,4,0,0,0,42,5,0,1,9,0,0
TCGA-27-1832-01A-01D-1494-08,0,3,1,2,1,25,1,1,0,10,0,0
TCGA-27-1833-01A-01D-1494-08,1,9,0,3,3,41,6,0,3,20,0,0
TCGA-27-1834-01A-01D-1494-08,1,6,1,1,2,42,1,0,0,18,0,1
TCGA-27-1835-01A-01D-1494-08,0,4,0,1,1,50,4,0,0,18,2,0
TCGA-27-1836-01A-01D-1494-08,0,1,0,1,0,33,1,0,0,11,0,0
TCGA-27-1837-01A-01D-1494-08,0,3,0,1,3,31,1,0,0,9,0,0
TCGA-27-1838-01A-01D-1494-08,0,9,0,2,2,79,6,1,0,22,1,0
TCGA-27-2518-01A-01D-1494-08,0,1,0,1,1,36,3,0,1,20,1,0
TCGA-27-2519-01A-01D-1494-08,0,1,0,0,2,35,1,0,3,6,2,0
TCGA-27-2521-01A-01D-1494-08,0,5,0,1,0,44,4,0,1,21,1,0
TCGA-27-2523-01A-01D-1494-08,0,5,1,1,1,37,3,0,0,13,0,0
TCGA-27-2524-01A-01D-1494-08,0,1,0,3,2,32,4,0,1,13,1,0
TCGA-27-2526-01A-01D-1494-08,1,4,0,1,4,38,1,0,0,10,1,0
TCGA-27-2527-01A-01D-1494-08,0,4,0,1,0,53,0,0,0,16,1,0
TCGA-27-2528-01A-01D-1494-08,0,1,0,0,1,42,3,0,0,11,1,0
TCGA-28-1747-01C-01D-1494-08,1,4,1,0,1,37,2,0,1,9,0,0
TCGA-28-1753-01A-01D-1494-08,0,3,0,2,0,43,2,0,0,15,0,0
TCGA-28-2499-01A-01D-1494-08,0,2,1,0,1,25,1,0,0,4,1,0
TCGA-28-2501-01A-01D-1696-08,1,1,0,1,1,38,3,0,1,18,0,0
TCGA-28-2502-01B-01D-1494-08,0,1,0,1,0,35,4,0,3,20,0,0
TCGA-28-2509-01A-01D-1494-08,2,5,0,4,5,40,2,0,1,15,1,0
TCGA-28-2510-01A-01D-1696-08,0,1,0,0,0,24,0,0,0,9,0,0
TCGA-28-2513-01A-01D-1494-08,0,3,0,1,1,66,5,1,2,14,3,0
TCGA-28-2514-01A-02D-1494-08,0,7,0,2,2,36,4,0,1,13,2,0
TCGA-28-5204-01A-01D-1486-08,2,3,0,2,2,31,3,0,1,8,1,0
TCGA-28-5207-01A-01D-1486-08,0,2,1,2,1,40,0,0,0,17,1,0
TCGA-28-5208-01A-01D-1486-08,0,5,0,2,1,49,4,0,1,13,0,0
TCGA-28-5209-01A-01D-1486-08,1,3,1,1,1,69,6,0,1,22,0,0
TCGA-28-5211-01C-11D-1845-08,0,5,0,3,0,33,1,0,1,8,1,0
TCGA-28-5213-01A-01D-1486-08,0,4,1,1,5,41,1,0,0,14,1,0
TCGA-28-5214-01A-01D-1486-08,2,4,0,3,3,25,4,0,2,17,0,0
TCGA-28-5215-01A-01D-1486-08,0,3,0,3,3,23,2,0,1,12,0,0
TCGA-28-5216-01A-01D-1486-08,1,3,0,1,2,40,0,0,3,13,2,0
TCGA-28-5218-01A-01D-1486-08,1,2,0,1,0,15,3,0,1,2,0,0
TCGA-28-5219-01A-01D-1486-08,0,3,0,1,1,42,0,0,2,11,1,0
TCGA-28-5220-01A-01D-1486-08,0,4,0,0,1,30,0,0,1,9,0,0
TCGA-28-6450-01A-11D-1696-08,0,0,0,1,1,47,4,0,1,13,0,0
TCGA-29-2429-01A-01D-1526-09,0,6,0,7,4,57,2,0,1,27,1,0
TCGA-29-2431-01A-01D-1526-09,0,4,0,1,2,33,0,0,2,8,0,0
TCGA-29-2432-01A-01D-1526-09,0,5,0,3,5,64,4,0,1,32,3,0
TCGA-29-2434-01A-01D-1526-09,1,10,1,7,5,92,3,0,1,23,2,0
TCGA-29-2436-01A-01D-1526-09,0,0,0,0,1,6,0,0,1,6,0,0
TCGA-29-A5NZ-01A-11D-A403-09,0,10,0,3,2,39,5,0,1,18,3,0
TCGA-2A-A8VL-01A-21D-A377-08,0,2,0,2,1,19,1,0,0,9,1,1
TCGA-2A-A8VO-01A-11D-A377-08,2,2,1,0,0,22,2,0,0,8,0,0
TCGA-2A-A8VT-01A-11D-A377-08,0,5,0,0,1,33,4,0,0,11,1,0
TCGA-2A-A8VV-01A-11D-A377-08,1,0,1,0,1,21,2,0,0,4,1,0
TCGA-2A-A8VX-01A-11D-A377-08,0,1,0,0,0,24,1,0,0,5,1,0
TCGA-2A-A8W1-01A-11D-A377-08,0,0,0,0,1,23,0,0,0,4,0,0
TCGA-2A-A8W3-01A-11D-A377-08,0,3,0,0,2,28,1,0,2,12,1,0
TCGA-2A-AAYF-01A-11D-A41K-08,1,1,0,0,0,14,0,0,0,8,0,0
TCGA-2A-AAYO-01A-11D-A41K-08,0,0,0,0,1,16,0,0,0,3,1,0
TCGA-2A-AAYU-01A-11D-A41K-08,0,1,0,0,0,18,1,0,0,9,0,0
TCGA-2E-A9G8-01A-11D-A403-09,1,20,1,1,2,40,4,0,0,17,2,0
TCGA-2F-A9KO-01A-11D-A38G-08,1,28,4,26,26,426,41,2,6,165,7,0
TCGA-2F-A9KP-01A-11D-A38G-08,0,6,0,2,6,110,8,0,0,38,5,0
TCGA-2F-A9KQ-01A-11D-A38G-08,0,5,0,0,2,53,3,0,3,17,2,0
TCGA-2F-A9KR-01A-11D-A38G-08,2,12,0,8,9,176,20,1,6,76,7,0
TCGA-2F-A9KT-01A-11D-A38G-08,1,12,1,10,14,280,35,2,5,86,5,1
TCGA-2F-A9KW-01A-11D-A38G-08,1,12,0,2,3,80,4,0,2,38,4,0
TCGA-2G-AAEW-01A-11D-A42Y-10,0,1,0,0,0,12,0,0,0,1,1,0
TCGA-2G-AAEX-01A-11D-A42Y-10,0,1,0,1,1,15,0,0,0,6,1,0
TCGA-2G-AAF1-01A-11D-A42Y-10,0,0,0,2,0,5,0,0,1,4,0,0
TCGA-2G-AAF4-01A-11D-A42Y-10,0,1,1,0,0,6,0,0,0,3,0,0
TCGA-2G-AAF6-01A-11D-A42Y-10,0,4,0,0,1,13,1,0,0,2,0,0
TCGA-2G-AAF8-01A-11D-A42Y-10,0,2,0,1,0,8,1,0,0,8,0,0
TCGA-2G-AAFE-01A-11D-A42Y-10,0,4,0,2,3,43,0,0,0,6,2,0
TCGA-2G-AAFG-01A-11D-A42Y-10,0,5,0,0,0,15,0,0,0,1,1,0
TCGA-2G-AAFH-01A-12D-A42Y-10,0,2,0,2,0,14,2,0,0,6,0,0
TCGA-2G-AAFI-01A-21D-A42Y-10,0,2,0,1,0,6,1,0,0,2,0,0
TCGA-2G-AAFJ-01A-11D-A42Y-10,1,1,0,0,0,16,2,0,1,5,1,0
TCGA-2G-AAFL-01A-21D-A42Y-10,0,1,0,2,0,12,2,0,2,8,0,0
TCGA-2G-AAFM-01A-11D-A42Y-10,0,3,0,3,0,14,1,0,0,2,0,0
TCGA-2G-AAFN-01A-31D-A42Y-10,3,0,1,1,0,6,4,0,0,4,0,0
TCGA-2G-AAFO-01A-31D-A42Y-10,0,1,0,1,1,8,2,0,0,2,0,0
TCGA-2G-AAFV-01A-11D-A42Y-10,0,1,0,4,0,17,0,1,1,2,1,0
TCGA-2G-AAFY-01A-11D-A42Y-10,0,2,0,1,0,6,1,0,0,4,0,0
TCGA-2G-AAFZ-01A-11D-A42Y-10,0,4,0,1,2,16,0,0,0,11,1,1
TCGA-2G-AAG0-01A-11D-A42Y-10,0,3,0,3,0,18,2,0,0,3,0,0
TCGA-2G-AAG3-01A-11D-A42Y-10,1,1,0,1,0,11,2,0,0,5,0,0
TCGA-2G-AAG5-01A-11D-A42Y-10,0,0,0,1,0,13,1,0,1,7,0,0
TCGA-2G-AAG6-01A-11D-A42Y-10,0,3,0,0,0,9,0,0,0,3,0,0
TCGA-2G-AAG7-01A-11D-A42Y-10,0,1,0,3,0,16,2,1,0,3,0,0
TCGA-2G-AAG8-01A-31D-A42Y-10,1,2,0,1,2,14,0,0,0,3,1,0
TCGA-2G-AAG9-01A-11D-A42Y-10,0,1,0,2,0,13,0,0,0,7,0,0
TCGA-2G-AAGA-01A-11D-A42Y-10,0,2,0,1,0,21,2,0,1,7,1,0
TCGA-2G-AAGC-01A-21D-A42Y-10,0,1,0,1,2,15,1,0,0,2,0,0
TCGA-2G-AAGE-01A-21D-A42Y-10,0,5,0,1,1,14,0,1,0,3,0,0
TCGA-2G-AAGF-01A-31D-A42Y-10,0,1,0,1,1,7,2,0,1,4,0,0
TCGA-2G-AAGG-01A-11D-A42Y-10,1,7,0,0,2,33,1,0,0,8,0,0
TCGA-2G-AAGI-01A-11D-A42Y-10,0,0,0,1,2,9,0,0,0,3,0,0
TCGA-2G-AAGJ-01A-11D-A42Y-10,0,4,0,1,2,13,1,0,0,8,2,1
TCGA-2G-AAGK-01A-11D-A42Y-10,0,0,0,0,0,7,0,0,0,1,0,0
TCGA-2G-AAGM-01A-11D-A42Y-10,0,3,0,1,1,15,0,0,0,6,0,0
TCGA-2G-AAGN-01A-11D-A42Y-10,0,1,0,0,0,1,0,0,0,3,0,0
TCGA-2G-AAGO-01A-11D-A42Y-10,0,3,0,0,3,17,0,0,0,3,0,0
TCGA-2G-AAGP-01A-11D-A42Y-10,0,4,0,1,0,18,1,0,1,7,1,0
TCGA-2G-AAGS-01A-11D-A42Y-10,0,0,0,1,0,9,0,0,0,1,0,0
TCGA-2G-AAGT-01A-11D-A42Y-10,0,0,0,1,1,13,1,0,0,3,1,0
TCGA-2G-AAGV-01A-11D-A42Y-10,0,1,0,0,0,6,0,0,0,1,0,0
TCGA-2G-AAGW-01A-11D-A42Y-10,0,1,0,2,2,17,1,1,0,7,0,0
TCGA-2G-AAGX-01A-11D-A42Y-10,1,1,0,0,1,6,0,0,0,1,0,0
TCGA-2G-AAGY-01A-11D-A42Y-10,2,1,0,2,0,8,0,0,0,4,0,0
TCGA-2G-AAGZ-01A-11D-A42Y-10,1,2,0,1,1,8,0,0,1,6,0,0
TCGA-2G-AAH0-01A-11D-A42Y-10,0,0,1,1,0,8,0,1,0,4,0,0
TCGA-2G-AAH2-01A-11D-A42Y-10,0,0,0,1,1,6,0,0,0,2,1,0
TCGA-2G-AAH3-01A-11D-A42Y-10,1,3,0,2,2,24,3,0,1,6,0,0
TCGA-2G-AAH4-01A-12D-A42Y-10,0,3,1,1,1,10,1,0,0,6,0,0
TCGA-2G-AAH8-01A-11D-A42Y-10,0,1,0,1,0,21,1,0,0,2,0,0
TCGA-2G-AAHA-01A-11D-A42Y-10,0,2,0,1,1,13,0,0,0,2,1,0
TCGA-2G-AAHC-01A-11D-A42Y-10,0,1,1,0,1,9,1,0,0,4,0,0
TCGA-2G-AAHG-01A-11D-A42Y-10,0,0,1,2,0,8,0,0,0,3,0,1
TCGA-2G-AAHL-01A-11D-A42Y-10,0,2,0,1,1,13,1,0,1,3,0,0
TCGA-2G-AAHN-01A-11D-A42Y-10,0,0,0,1,0,11,3,0,0,3,0,0
TCGA-2G-AAHP-01A-12D-A42Y-10,0,2,0,0,0,8,0,0,1,0,0,0
TCGA-2G-AAHT-01A-11D-A42Y-10,0,1,0,0,1,11,0,0,0,5,0,0
TCGA-2G-AAKD-01A-31D-A42Y-10,0,1,0,1,0,9,1,0,0,6,0,0
TCGA-2G-AAKG-01A-11D-A42Y-10,0,0,0,0,0,17,0,0,0,4,1,0
TCGA-2G-AAKH-01A-11D-A42Y-10,1,2,0,1,1,43,1,0,1,13,0,0
TCGA-2G-AAKL-01A-11D-A42Y-10,0,2,0,3,0,18,0,0,0,0,1,0
TCGA-2G-AAKM-01A-11D-A42Y-10,0,1,0,2,1,3,0,0,0,2,0,0
TCGA-2G-AAKO-01A-11D-A42Y-10,0,0,0,2,1,2,0,0,1,3,0,0
TCGA-2G-AAL5-01A-11D-A42Y-10,0,3,0,2,0,17,1,0,1,6,1,0
TCGA-2G-AAL7-01A-11D-A42Y-10,0,1,1,0,3,15,0,0,1,6,0,0
TCGA-2G-AALF-01A-11D-A42Y-10,0,0,0,2,1,11,0,0,0,9,1,0
TCGA-2G-AALG-01A-11D-A42Y-10,0,1,0,2,1,6,1,0,0,2,0,0
TCGA-2G-AALN-01A-11D-A42Y-10,0,0,0,0,0,8,0,0,0,8,0,0
TCGA-2G-AALO-01A-12D-A42Y-10,0,0,0,2,1,8,0,0,1,3,0,0
TCGA-2G-AALP-01A-12D-A42Y-10,2,4,0,3,1,30,4,0,0,14,0,0
TCGA-2G-AALQ-01A-12D-A42Y-10,0,1,0,0,1,13,0,0,0,2,0,0
TCGA-2G-AALR-01A-21D-A42Y-10,0,6,1,0,1,36,0,0,0,10,1,0
TCGA-2G-AALS-01A-12D-A42Y-10,0,2,0,1,0,7,0,0,0,3,1,0
TCGA-2G-AALT-01A-11D-A42Y-10,0,2,0,1,0,3,1,0,0,2,1,0
TCGA-2G-AALW-01A-11D-A42Y-10,0,0,1,3,0,19,1,0,0,6,0,1
TCGA-2G-AALX-01A-11D-A42Y-10,0,0,0,1,0,6,0,0,0,3,0,0
TCGA-2G-AALY-01A-11D-A42Y-10,0,2,0,0,0,8,1,0,0,4,1,0
TCGA-2G-AALZ-01A-11D-A42Y-10,0,1,0,0,0,3,0,0,1,5,1,0
TCGA-2G-AAM2-01A-11D-A435-10,1,1,0,1,2,7,1,0,1,7,0,0
TCGA-2G-AAM3-01A-11D-A435-10,0,0,0,1,3,16,0,0,0,7,0,0
TCGA-2G-AAM4-01A-11D-A435-10,0,6,0,1,2,11,2,0,0,5,0,0
TCGA-2H-A9GF-01A-11D-A37C-09,4,44,6,14,18,219,6,0,4,91,1,0
TCGA-2H-A9GH-01A-11D-A37C-09,1,24,0,2,9,95,5,0,3,35,0,0
TCGA-2H-A9GI-01A-11D-A37C-09,1,49,0,8,11,149,12,0,12,58,0,0
TCGA-2H-A9GJ-01A-11D-A37C-09,0,28,3,8,3,78,6,0,4,25,1,0
TCGA-2H-A9GK-01A-11D-A37C-09,11,40,3,9,20,149,6,0,5,61,3,0
TCGA-2H-A9GL-01A-12D-A37C-09,3,48,4,10,12,165,8,0,7,55,3,0
TCGA-2H-A9GM-01A-11D-A37C-09,1,29,0,5,6,84,6,0,1,30,3,0
TCGA-2H-A9GN-01A-11D-A37C-09,1,35,1,7,7,87,4,0,3,31,2,1
TCGA-2H-A9GO-01A-11D-A37C-09,2,26,1,4,10,106,7,0,4,45,2,0
TCGA-2H-A9GQ-01A-11D-A37C-09,2,39,0,7,12,98,4,0,4,50,0,0
TCGA-2H-A9GR-01A-12D-A37C-09,4,84,3,13,21,265,16,0,16,82,5,0
TCGA-2J-AAB1-01A-11D-A40W-08,0,2,1,0,2,53,2,0,1,12,0,0
TCGA-2J-AAB4-01A-12D-A40W-08,0,0,0,1,1,23,1,0,0,13,0,0
TCGA-2J-AAB6-01A-11D-A40W-08,1,1,0,1,2,49,6,0,0,17,0,0
TCGA-2J-AAB8-01A-12D-A40W-08,0,3,0,1,1,31,6,0,0,16,2,0
TCGA-2J-AAB9-01A-11D-A40W-08,0,2,0,0,0,11,1,0,1,10,1,0
TCGA-2J-AABA-01A-21D-A40W-08,0,3,0,0,0,20,4,0,1,6,0,0
TCGA-2J-AABE-01A-12D-A40W-08,0,3,1,0,5,23,1,0,1,11,2,0
TCGA-2J-AABF-01A-31D-A40W-08,0,3,0,3,0,37,5,0,1,16,1,0
TCGA-2J-AABH-01A-21D-A40W-08,0,2,1,1,0,32,2,0,0,14,0,0
TCGA-2J-AABI-01A-12D-A40W-08,0,2,0,0,0,24,1,0,1,8,1,0
TCGA-2J-AABK-01A-31D-A40W-08,0,3,0,5,1,29,4,0,0,15,0,0
TCGA-2J-AABO-01A-21D-A40W-08,0,2,0,2,2,59,0,0,1,15,0,0
TCGA-2J-AABP-01A-11D-A40W-08,0,4,0,3,2,86,5,0,2,26,1,0
TCGA-2J-AABR-01A-11D-A40W-08,0,1,0,1,0,6,0,0,0,2,1,0
TCGA-2J-AABT-01A-11D-A40W-08,0,0,0,4,2,21,3,0,1,6,1,0
TCGA-2J-AABU-01A-11D-A40W-08,0,2,0,1,1,20,1,0,0,14,0,0
TCGA-2J-AABV-01A-12D-A40W-08,0,2,0,0,0,9,0,0,0,5,0,0
TCGA-2K-A9WE-01A-11D-A382-10,0,4,0,1,1,43,1,0,0,15,1,0
TCGA-2L-AAQA-01A-21D-A38G-08,0,6,0,1,2,46,3,0,1,18,1,0
TCGA-2L-AAQE-01A-11D-A397-08,1,4,1,1,1,30,2,0,0,8,0,0
TCGA-2L-AAQI-01A-12D-A397-08,0,1,0,2,1,25,4,0,0,12,1,0
TCGA-2L-AAQJ-01A-12D-A397-08,0,4,0,6,3,67,7,0,4,16,0,0
TCGA-2L-AAQL-01A-11D-A38G-08,0,2,0,3,1,43,2,0,1,15,1,0
TCGA-2L-AAQM-01A-11D-A397-08,0,3,0,1,0,31,1,0,2,8,1,0
TCGA-2V-A95S-01A-11D-A36X-10,1,14,0,6,3,74,5,0,4,33,2,0
TCGA-2W-A8YY-01A-11D-A37N-09,251,2828,134,404,690,9987,670,5,303,4158,230,7
TCGA-2X-A9D5-01A-11D-A435-10,0,0,0,2,1,8,1,0,0,6,0,1
TCGA-2X-A9D6-01A-11D-A435-10,1,1,0,0,0,10,0,0,1,1,0,0
TCGA-2Y-A9GS-01A-12D-A382-10,0,8,0,7,1,57,2,0,0,14,1,0
TCGA-2Y-A9GT-01A-11D-A382-10,1,9,0,4,2,73,3,0,2,20,3,1
TCGA-2Y-A9GU-01A-11D-A382-10,0,18,0,7,8,118,7,1,1,43,4,0
TCGA-2Y-A9GV-01A-11D-A382-10,0,6,0,4,3,55,2,0,1,14,1,0
TCGA-2Y-A9GW-01A-11D-A382-10,0,6,1,4,5,63,1,0,1,26,0,0
TCGA-2Y-A9GX-01A-11D-A382-10,0,2,1,1,2,46,3,0,1,16,3,0
TCGA-2Y-A9GY-01A-11D-A382-10,3,7,1,5,6,53,4,0,2,22,2,1
TCGA-2Y-A9GZ-01A-11D-A38X-10,0,13,1,6,4,68,6,0,1,31,4,0
TCGA-2Y-A9H0-01A-11D-A382-10,0,13,5,4,5,57,4,1,1,17,4,0
TCGA-2Y-A9H1-01A-11D-A382-10,3,9,2,6,8,103,7,0,1,30,4,0
TCGA-2Y-A9H2-01A-12D-A382-10,0,2,0,3,3,39,4,0,0,14,0,1
TCGA-2Y-A9H3-01A-11D-A382-10,0,21,4,16,8,136,11,0,1,49,9,0
TCGA-2Y-A9H4-01A-11D-A382-10,1,11,1,5,3,54,2,0,2,17,2,0
TCGA-2Y-A9H5-01A-11D-A382-10,0,10,0,4,6,57,4,0,1,26,2,0
TCGA-2Y-A9H6-01A-11D-A38X-10,0,8,1,8,1,43,2,0,1,21,2,0
TCGA-2Y-A9H7-01A-11D-A38X-10,3,10,1,3,1,66,2,1,3,15,1,0
TCGA-2Y-A9H8-01A-11D-A38X-10,1,7,1,10,1,58,2,0,1,24,2,0
TCGA-2Y-A9H9-01A-21D-A38X-10,1,18,1,2,5,99,11,1,2,36,1,0
TCGA-2Y-A9HA-01A-11D-A38X-10,0,20,2,10,8,116,9,0,1,37,5,0
TCGA-2Y-A9HB-01A-11D-A38X-10,1,10,2,4,4,55,2,0,0,29,3,0
TCGA-2Z-A9J1-01A-11D-A382-10,0,12,4,6,5,63,3,0,3,26,1,0
TCGA-2Z-A9J2-01A-11D-A382-10,0,13,0,3,3,55,4,0,2,22,2,0
TCGA-2Z-A9J3-01A-12D-A382-10,0,12,1,4,8,95,3,0,1,31,2,0
TCGA-2Z-A9J5-01A-21D-A382-10,1,10,0,4,5,65,5,0,1,21,2,2
TCGA-2Z-A9J6-01A-11D-A382-10,0,2,1,0,2,46,0,0,3,13,2,0
TCGA-2Z-A9J7-01A-11D-A382-10,0,2,0,7,4,28,4,0,0,17,0,0
TCGA-2Z-A9J8-01A-11D-A42J-10,0,7,0,2,2,17,1,0,1,3,3,0
TCGA-2Z-A9JD-01A-11D-A42J-10,1,11,0,6,8,72,3,1,2,31,1,0
TCGA-2Z-A9JE-01A-11D-A42J-10,2,15,0,8,2,57,8,0,0,22,2,0
TCGA-2Z-A9JG-01A-11D-A42J-10,1,6,0,7,5,56,2,1,0,21,0,0
TCGA-2Z-A9JI-01A-11D-A42J-10,0,1,0,3,0,6,2,0,0,3,0,0
TCGA-2Z-A9JJ-01A-11D-A42J-10,0,2,1,0,0,16,1,0,0,2,0,0
TCGA-2Z-A9JK-01A-11D-A42J-10,3,7,1,4,5,65,0,0,0,16,0,0
TCGA-2Z-A9JL-01A-11D-A42J-10,1,10,0,5,9,66,2,0,2,23,1,0
TCGA-2Z-A9JM-01A-12D-A42J-10,1,6,0,3,3,39,2,0,1,17,1,0
TCGA-2Z-A9JN-01A-21D-A42J-10,0,2,0,1,1,11,2,0,0,9,0,0
TCGA-2Z-A9JO-01A-11D-A42J-10,0,3,0,2,4,25,1,0,1,12,1,0
TCGA-2Z-A9JP-01A-11D-A42J-10,0,12,0,5,2,42,0,0,1,11,1,0
TCGA-2Z-A9JQ-01A-11D-A42J-10,0,14,0,7,2,52,5,0,1,27,0,0
TCGA-2Z-A9JR-01A-12D-A42J-10,0,3,0,3,3,31,3,0,2,13,0,0
TCGA-2Z-A9JS-01A-21D-A42J-10,1,11,0,5,5,82,5,1,1,36,2,0
TCGA-2Z-A9JT-01A-11D-A42J-10,0,9,1,5,3,55,2,0,0,18,2,0
TCGA-32-1970-01A-01D-1494-08,0,2,0,3,0,62,5,0,3,21,0,0
TCGA-32-1977-01A-01D-1353-08,0,7,1,2,2,54,2,0,1,27,1,0
TCGA-32-1979-01A-01D-1696-08,0,1,0,1,2,60,3,1,0,27,1,0
TCGA-32-1980-01A-01D-1696-08,0,0,1,1,0,15,0,0,0,3,1,0
TCGA-32-1982-01A-01D-1494-08,0,3,0,4,2,57,3,0,2,25,0,0
TCGA-32-1986-01A-01D-1494-08,0,4,0,3,1,35,0,0,0,14,0,0
TCGA-32-1991-01A-01D-1353-08,1,8,0,4,0,31,5,0,0,17,3,0
TCGA-32-2491-01A-01D-1353-08,2,7,0,4,4,67,3,0,1,14,2,0
TCGA-32-2494-01A-01D-1353-08,0,2,3,2,4,46,1,0,2,21,0,0
TCGA-32-2495-01A-01D-1353-08,0,1,1,2,3,52,4,0,0,19,3,1
TCGA-32-2615-01A-01D-1495-08,0,1,1,1,0,27,2,0,0,15,0,0
TCGA-32-2616-01A-01D-1495-08,6,48,5,17,23,900,58,0,14,413,4,0
TCGA-32-2632-01A-01D-1495-08,1,4,0,2,5,70,6,0,3,26,2,0
TCGA-32-2634-01A-01D-1495-08,0,1,0,1,2,33,4,0,2,12,1,0
TCGA-32-2638-01A-01D-1495-08,0,2,0,2,2,38,3,0,1,27,0,0
TCGA-32-4208-01A-01D-1353-08,0,6,0,1,0,31,3,0,0,8,0,0
TCGA-32-4209-01A-01D-1353-08,0,7,0,1,0,24,1,0,0,5,1,0
TCGA-32-4210-01A-01D-1353-08,0,6,0,1,1,61,0,0,2,27,3,0
TCGA-32-4211-01A-01D-1353-08,0,3,0,2,1,57,3,0,0,24,1,0
TCGA-32-4213-01A-01D-1353-08,0,4,1,2,2,46,1,0,4,16,1,0
TCGA-32-4719-01A-01D-1353-08,0,5,0,1,1,43,0,0,1,11,1,0
TCGA-32-5222-01A-01D-1486-08,0,4,1,3,2,52,2,0,0,22,1,0
TCGA-33-4532-01A-01D-1267-08,1,27,3,14,14,289,28,1,12,99,8,1
TCGA-33-4533-01A-01D-1267-08,5,19,1,5,14,225,18,0,8,70,7,2
TCGA-33-4538-01A-01D-1267-08,1,5,0,3,3,139,13,0,3,50,7,2
TCGA-33-4547-01A-01D-1267-08,0,11,1,7,5,144,17,0,1,58,4,1
TCGA-33-4566-01A-01D-1441-08,2,67,6,32,37,1003,90,1,23,335,40,2
TCGA-33-4582-01A-01D-1441-08,0,8,0,7,7,145,13,0,3,65,2,0
TCGA-33-4583-01A-01D-1441-08,3,37,4,14,21,434,38,0,12,165,13,2
TCGA-33-4586-01A-01D-1441-08,3,15,1,5,11,266,20,0,8,117,11,1
TCGA-33-4587-01A-11D-2122-08,0,12,0,4,4,160,14,0,9,72,12,0
TCGA-33-4589-01A-01D-1441-08,0,3,0,2,5,84,9,0,1,32,2,0
TCGA-33-6737-01A-11D-1817-08,3,19,0,19,14,332,34,0,9,124,9,0
TCGA-33-6738-01A-11D-1945-08,3,14,0,8,8,253,19,0,6,101,12,0
TCGA-33-A4WN-01A-11D-A25L-08,1,13,0,6,11,152,11,0,3,55,5,0
TCGA-33-A5GW-01A-11D-A27K-08,1,11,3,7,9,139,10,0,2,61,6,0
TCGA-33-AAS8-01A-11D-A401-08,0,6,0,5,4,185,9,0,8,64,7,0
TCGA-33-AASB-01A-11D-A401-08,0,19,2,8,11,291,26,0,7,84,9,0
TCGA-33-AASD-01A-11D-A401-08,1,12,1,7,9,282,11,0,7,115,11,0
TCGA-33-AASI-01A-22D-A401-08,0,24,1,9,11,312,28,0,6,97,11,1
TCGA-33-AASJ-01A-11D-A401-08,0,7,0,1,1,141,14,0,1,58,4,1
TCGA-33-AASL-01A-11D-A401-08,0,11,2,5,7,248,16,0,4,86,2,0
TCGA-34-2596-01A-01D-1522-08,1,27,0,12,8,182,13,1,6,75,5,1
TCGA-34-2600-01A-01D-1522-08,3,22,1,12,13,347,39,0,6,117,11,0
TCGA-34-2604-01A-01D-1522-08,0,35,3,15,21,464,34,0,10,154,24,0
TCGA-34-2605-01A-01D-1522-08,3,19,1,15,10,289,16,0,5,111,9,0
TCGA-34-2608-01A-02D-1522-08,1,9,3,2,7,106,9,1,4,44,5,0
TCGA-34-2609-01A-01D-1522-08,1,13,2,5,5,195,12,0,4,60,8,0
TCGA-34-5231-01A-21D-1817-08,6,28,6,22,24,499,40,0,8,191,10,0
TCGA-34-5232-01A-21D-1817-08,1,13,1,1,6,149,6,0,1,74,3,0
TCGA-34-5234-01A-01D-1632-08,2,8,0,2,4,137,11,0,4,47,5,1
TCGA-34-5236-01A-21D-1817-08,2,7,1,4,9,163,9,0,5,62,7,0
TCGA-34-5239-01A-21D-1817-08,2,17,1,4,11,190,9,0,3,61,11,0
TCGA-34-5240-01A-01D-1441-08,1,10,0,4,6,119,9,0,8,56,5,0
TCGA-34-5241-01A-01D-1441-08,0,12,2,10,6,145,14,1,5,59,3,0
TCGA-34-5927-01A-11D-1817-08,0,13,1,7,4,208,14,0,2,71,4,0
TCGA-34-5928-01A-11D-1817-08,1,21,1,4,10,282,26,1,3,103,4,0
TCGA-34-5929-01A-11D-1817-08,0,11,0,5,6,169,15,1,4,62,6,1
TCGA-34-7107-01A-11D-1945-08,2,12,1,6,6,186,17,0,4,82,6,0
TCGA-34-8454-01A-11D-2323-08,3,28,2,21,21,410,33,1,7,174,11,0
TCGA-34-8455-01A-11D-2323-08,2,24,0,19,16,372,32,0,11,120,17,1
TCGA-34-8456-01A-21D-2323-08,1,2,0,1,2,28,2,0,1,10,1,1
TCGA-34-A5IX-01A-12D-A27K-08,3,23,2,10,5,210,14,0,5,69,8,3
TCGA-35-3615-01A-01D-1040-01,0,10,0,2,7,86,9,0,3,28,1,0
TCGA-35-4122-01A-01D-1105-08,3,16,1,8,11,254,16,1,6,86,7,3
TCGA-35-4123-01A-01D-1105-08,1,18,2,8,11,203,18,0,5,95,8,0
TCGA-35-5375-01A-01D-1625-08,0,19,0,22,9,325,26,0,9,98,15,0
TCGA-36-2530-01A-01D-1526-09,0,9,0,5,3,54,3,0,2,16,3,0
TCGA-36-2532-01A-01D-1526-09,1,5,0,2,1,36,3,0,0,14,1,0
TCGA-36-2533-01A-01D-1526-09,0,4,1,4,1,61,4,0,0,18,5,0
TCGA-36-2534-01A-01D-1526-09,0,6,0,7,6,108,5,0,3,36,4,0
TCGA-36-2537-01A-01D-1526-09,1,4,0,0,3,31,1,0,0,15,1,0
TCGA-36-2538-01A-01D-1526-09,0,6,0,1,1,36,4,0,0,10,1,0
TCGA-36-2539-01A-01D-1526-09,0,7,0,3,1,60,7,0,1,25,3,0
TCGA-36-2540-01A-01D-1526-09,0,0,0,0,1,4,0,0,0,2,1,0
TCGA-36-2542-01A-01D-1526-09,0,5,2,3,4,57,4,0,3,20,2,0
TCGA-36-2543-01A-01D-1526-09,0,3,0,3,2,57,2,0,3,17,4,0
TCGA-36-2544-01A-01D-1526-09,0,5,0,3,4,52,4,0,2,14,1,0
TCGA-36-2545-01A-01D-1526-09,0,5,0,8,8,49,2,0,1,15,2,0
TCGA-36-2547-01A-01D-1526-09,0,15,1,11,10,116,7,1,3,33,0,0
TCGA-36-2548-01A-01D-1526-09,0,4,0,4,1,45,3,0,0,12,3,0
TCGA-36-2551-01A-01D-1526-09,0,0,0,1,2,23,1,0,1,19,0,0
TCGA-36-2552-01A-01D-1526-09,0,4,0,5,0,46,2,0,1,23,0,0
TCGA-37-3783-01A-01D-1267-08,3,20,5,15,19,283,23,0,10,118,2,0
TCGA-37-3789-01A-01D-0983-08,1,15,3,4,12,218,25,0,5,73,11,0
TCGA-37-3792-01A-01D-0983-08,8,30,3,14,22,692,62,1,15,241,33,0
TCGA-37-4129-01A-01D-1352-08,0,0,0,0,0,2,0,0,0,4,0,0
TCGA-37-4130-01A-01D-1352-08,8,72,7,25,42,865,67,3,18,278,33,1
TCGA-37-4132-01A-01D-1352-08,0,24,2,10,11,242,12,0,8,68,8,0
TCGA-37-4133-01A-01D-1352-08,1,29,1,6,10,202,18,2,8,81,4,1
TCGA-37-4135-01A-01D-1352-08,0,28,2,6,14,226,17,0,7,86,4,0
TCGA-37-4141-01A-02D-1352-08,3,16,1,7,8,268,18,1,5,73,5,0
TCGA-37-5819-01A-01D-1632-08,4,35,4,21,19,574,62,0,9,182,15,1
TCGA-37-A5EL-01A-11D-A26M-08,1,23,1,21,8,317,20,1,4,127,8,0
TCGA-37-A5EM-01A-21D-A27K-08,4,20,1,9,6,245,17,1,4,117,8,0
TCGA-37-A5EN-01A-21D-A26M-08,2,10,1,9,9,183,11,0,2,66,6,0
TCGA-38-4625-01A-01D-1553-08,2,40,2,17,25,451,40,2,11,154,19,2
TCGA-38-4626-01A-01D-1553-08,0,7,0,5,9,199,14,1,4,76,10,0
TCGA-38-4627-01A-01D-1553-08,0,2,0,0,1,24,3,0,0,5,1,0
TCGA-38-4628-01A-01D-1265-08,0,6,0,5,4,96,7,0,1,29,1,0
TCGA-38-4629-01A-02D-1265-08,1,21,1,7,11,212,14,1,5,69,7,1
TCGA-38-4630-01A-01D-1265-08,1,7,2,2,7,90,10,0,4,39,3,0
TCGA-38-4631-01A-01D-1753-08,3,31,1,24,23,550,56,0,8,199,30,2
TCGA-38-4632-01A-01D-1753-08,4,21,1,17,21,412,33,1,6,121,18,0
TCGA-38-6178-01A-11D-1753-08,0,4,0,0,2,53,6,0,0,24,2,0
TCGA-38-7271-01A-11D-2036-08,0,3,0,2,0,69,11,1,1,24,5,0
TCGA-38-A44F-01A-11D-A24D-08,0,0,0,0,0,9,2,0,0,7,0,0
TCGA-39-5011-01A-01D-1441-08,4,24,3,16,14,496,38,0,9,167,22,0
TCGA-39-5016-01A-01D-1441-08,2,31,2,13,17,268,18,0,7,117,6,0
TCGA-39-5019-01A-01D-1817-08,1,6,1,3,7,137,11,0,4,51,5,0
TCGA-39-5021-01A-01D-1441-08,0,4,1,3,4,118,6,0,2,55,4,0
TCGA-39-5022-01A-21D-1817-08,0,7,2,6,6,169,8,0,2,50,2,1
TCGA-39-5024-01A-21D-1817-08,2,5,0,7,11,156,10,0,5,63,6,0
TCGA-39-5028-01A-01D-1441-08,1,9,1,3,6,137,12,0,2,45,6,0
TCGA-39-5029-01A-01D-1441-08,0,10,0,3,6,113,9,0,0,37,4,0
TCGA-39-5030-01A-01D-1441-08,0,5,1,4,6,182,12,0,0,65,2,0
TCGA-39-5031-01A-01D-1441-08,1,34,2,14,36,471,48,1,7,189,13,1
TCGA-39-5034-01A-01D-1441-08,8,40,2,18,18,442,46,1,11,167,24,2
TCGA-39-5035-01A-01D-1441-08,0,9,1,4,3,123,5,0,2,47,5,1
TCGA-39-5036-01A-01D-1441-08,1,14,1,5,8,210,15,0,3,61,10,0
TCGA-39-5037-01A-01D-1441-08,1,11,2,9,5,177,11,0,6,68,9,0
TCGA-39-5039-01A-01D-1441-08,0,10,1,7,5,122,10,0,0,50,4,0
TCGA-39-5040-01A-21D-2122-08,1,12,0,13,8,352,26,0,7,157,13,2
TCGA-3A-A9I5-01A-11D-A38G-08,1,2,0,2,3,22,2,0,1,7,0,0
TCGA-3A-A9I7-01A-21D-A38G-08,0,1,0,1,1,12,0,0,0,8,0,0
TCGA-3A-A9I9-01A-11D-A38G-08,0,9,1,6,7,80,3,0,2,24,4,0
TCGA-3A-A9IB-01A-21D-A397-08,0,0,0,1,2,27,2,0,1,11,0,0
TCGA-3A-A9IC-01A-11D-A38G-08,0,2,0,2,3,29,1,0,1,10,0,0
TCGA-3A-A9IH-01A-12D-A397-08,0,4,0,2,1,42,0,0,1,11,1,0
TCGA-3A-A9IJ-01A-11D-A397-08,0,1,0,1,0,9,1,0,0,6,1,0
TCGA-3A-A9IL-01A-11D-A38G-08,0,1,0,2,1,5,0,0,0,2,0,0
TCGA-3A-A9IN-01A-11D-A397-08,0,1,0,0,2,20,3,0,0,6,2,0
TCGA-3A-A9IO-01A-11D-A38G-08,0,1,0,0,1,5,0,0,0,4,0,0
TCGA-3A-A9IR-01A-11D-A38G-08,0,0,0,3,0,9,1,0,1,10,0,0
TCGA-3A-A9IS-01A-21D-A397-08,0,4,0,1,4,23,1,0,0,8,3,0
TCGA-3A-A9IU-01A-11D-A397-08,0,1,0,0,0,27,3,0,0,10,1,0
TCGA-3A-A9IV-01A-11D-A40W-08,0,4,0,0,2,35,1,0,1,8,1,0
TCGA-3A-A9IX-01A-11D-A40W-08,0,0,0,0,1,21,0,0,0,0,0,0
TCGA-3A-A9IZ-01A-12D-A40W-08,2,4,0,0,2,42,3,0,1,16,0,0
TCGA-3A-A9J0-01A-11D-A40W-08,0,3,0,6,2,64,5,0,0,27,1,0
TCGA-3B-A9HI-01A-11D-A387-09,0,6,0,2,0,29,2,0,1,10,0,0
TCGA-3B-A9HJ-01A-11D-A387-09,0,3,0,2,1,14,1,0,1,6,1,0
TCGA-3B-A9HL-01A-11D-A387-09,2,4,0,4,3,38,1,0,1,9,2,0
TCGA-3B-A9HO-01A-11D-A387-09,0,5,0,2,2,49,1,0,4,16,2,0
TCGA-3B-A9HP-01A-11D-A387-09,0,7,0,2,1,34,5,0,1,8,3,0
TCGA-3B-A9HQ-01A-11D-A387-09,1,10,0,3,7,42,0,0,1,13,4,0
TCGA-3B-A9HR-01A-11D-A387-09,0,6,1,4,4,25,0,0,0,4,0,0
TCGA-3B-A9HS-01A-11D-A38Z-09,1,12,0,2,2,49,5,0,0,16,0,0
TCGA-3B-A9HT-01A-11D-A38Z-09,3,53,2,5,11,233,8,0,4,85,1,0
TCGA-3B-A9HU-01A-11D-A38Z-09,0,10,1,0,1,23,0,0,2,11,1,0
TCGA-3B-A9HV-01A-11D-A38Z-09,0,9,2,2,4,36,1,0,0,12,2,0
TCGA-3B-A9HX-01A-11D-A38Z-09,2,8,0,2,2,34,2,0,0,13,0,0
TCGA-3B-A9HY-01A-11D-A38Z-09,0,10,0,2,2,39,2,0,1,20,0,0
TCGA-3B-A9HZ-01A-11D-A38Z-09,1,8,0,6,2,22,1,0,2,16,1,0
TCGA-3B-A9I0-01A-11D-A38Z-09,0,6,0,1,2,24,2,0,0,5,0,0
TCGA-3B-A9I1-01A-11D-A38Z-09,0,10,0,1,4,21,5,0,1,8,0,0
TCGA-3B-A9I3-01A-11D-A38Z-09,2,6,2,4,2,38,0,0,5,11,2,0
TCGA-3C-AAAU-01A-11D-A41F-09,1,7,2,2,1,17,1,0,2,11,2,0
TCGA-3C-AALI-01A-11D-A41F-09,14,104,5,37,49,396,35,0,19,141,7,1
TCGA-3C-AALJ-01A-31D-A41F-09,2,18,2,4,10,22,0,0,1,6,1,0
TCGA-3C-AALK-01A-11D-A41F-09,0,8,2,2,2,38,2,0,2,7,1,0
TCGA-3E-AAAY-01A-11D-A38G-08,1,2,1,1,1,16,2,0,0,12,1,0
TCGA-3E-AAAZ-01A-11D-A38G-08,1,4,0,3,2,37,6,0,0,11,0,0
TCGA-3G-AB0O-01A-22D-A423-09,0,1,0,0,1,5,0,0,0,2,0,0
TCGA-3G-AB0Q-01A-11D-A423-09,0,6,0,1,1,15,2,0,0,2,0,0
TCGA-3G-AB0T-01A-11D-A423-09,0,4,1,1,1,12,1,0,0,5,0,0
TCGA-3G-AB14-01A-11D-A423-09,2,4,0,1,2,9,1,0,1,4,0,0
TCGA-3G-AB19-01A-21D-A423-09,3,7,0,1,1,15,0,0,0,8,3,0
TCGA-3H-AB3K-01A-11D-A39R-32,0,0,0,0,0,14,1,0,0,4,0,0
TCGA-3H-AB3L-01A-11D-A39R-32,0,1,0,2,4,13,0,0,0,10,4,0
TCGA-3H-AB3M-01A-11D-A39R-32,0,4,2,2,2,23,1,0,0,20,0,0
TCGA-3H-AB3O-01A-11D-A39R-32,0,0,0,0,1,1,0,0,0,2,0,0
TCGA-3H-AB3S-01A-21D-A39R-32,0,3,2,7,1,33,2,0,1,18,2,0
TCGA-3H-AB3T-01A-11D-A39R-32,1,2,0,0,1,27,1,0,0,13,0,0
TCGA-3H-AB3U-01A-21D-A39R-32,0,0,0,2,0,19,2,0,0,5,0,0
TCGA-3H-AB3X-01A-11D-A39R-32,0,0,0,2,1,15,2,0,1,5,1,0
TCGA-3K-AAZ8-01A-12D-A38X-10,1,14,2,7,10,109,6,0,1,39,6,0
TCGA-3L-AA1B-01A-11D-A36X-10,2,7,0,1,3,108,7,0,2,49,1,0
TCGA-3M-AB46-01A-11D-A410-08,0,11,1,4,3,126,8,0,2,40,3,1
TCGA-3M-AB47-01A-22D-A410-08,0,5,0,1,2,93,4,1,3,30,2,0
TCGA-3N-A9WB-06A-11D-A38G-08,0,6,1,5,4,129,7,0,4,64,2,0
TCGA-3N-A9WC-06A-11D-A38G-08,5,94,5,34,67,1365,99,1,42,849,21,5
TCGA-3N-A9WD-06A-11D-A38G-08,2,42,2,22,25,712,46,0,14,383,11,2
TCGA-3P-A9WA-01A-11D-A403-09,0,44,2,7,2,86,9,0,2,33,3,0
TCGA-3Q-A9WF-01A-11D-A423-09,1,1,0,0,2,5,0,0,1,3,0,0
TCGA-3R-A8YX-01A-11D-A37C-09,0,13,2,11,1,47,3,0,2,17,1,0
TCGA-3S-A8YW-01A-11D-A423-09,1,8,1,0,2,26,0,1,1,15,0,0
TCGA-3S-AAYX-01A-11D-A423-09,0,7,0,0,0,8,3,0,0,0,0,0
TCGA-3T-AA9L-01A-11D-A423-09,1,1,0,0,1,5,0,0,0,0,0,0
TCGA-3U-A98D-01A-12D-A39R-32,1,3,0,3,1,22,2,0,1,12,2,0
TCGA-3U-A98E-01A-11D-A39R-32,0,4,1,0,2,24,3,0,2,7,1,0
TCGA-3U-A98F-01A-11D-A39R-32,0,3,1,3,1,25,2,0,0,16,1,0
TCGA-3U-A98G-01A-11D-A39R-32,0,0,0,1,0,2,0,0,0,0,0,0
TCGA-3U-A98H-01A-11D-A39R-32,1,1,1,0,0,5,2,1,0,6,2,0
TCGA-3U-A98I-01A-11D-A39R-32,1,1,0,0,2,32,4,0,0,14,0,0
TCGA-3U-A98J-01A-11D-A39R-32,0,0,2,1,0,18,0,0,1,6,0,0
TCGA-3X-AAV9-01A-72D-A417-09,0,6,0,1,2,28,7,0,1,15,0,0
TCGA-3X-AAVA-01A-11D-A417-09,4,4,0,3,2,25,2,0,0,16,0,0
TCGA-3X-AAVB-01A-31D-A417-09,1,7,1,2,2,21,2,0,0,4,1,0
TCGA-3X-AAVC-01A-21D-A417-09,1,5,1,1,7,42,1,0,0,15,0,0
TCGA-3X-AAVE-01A-11D-A417-09,0,8,0,2,4,32,2,0,0,12,0,0
TCGA-3Z-A93Z-01A-11D-A36X-10,2,8,0,4,4,65,5,0,0,15,3,0
TCGA-41-2571-01A-01D-1495-08,2,3,0,2,2,34,3,0,0,18,3,0
TCGA-41-2572-01A-01D-1353-08,1,9,1,2,1,42,1,0,0,17,2,0
TCGA-41-2573-01A-01D-1495-08,0,6,0,2,0,35,1,0,1,12,3,0
TCGA-41-2575-01A-01D-1495-08,0,7,1,2,4,51,4,0,1,13,1,0
TCGA-41-3392-01A-01D-1495-08,0,4,1,1,4,51,3,0,1,18,1,0
TCGA-41-3393-01A-01D-1353-08,1,2,1,4,3,46,4,1,0,19,2,0
TCGA-41-3915-01A-01D-1353-08,0,3,1,0,1,30,2,0,1,12,2,0
TCGA-41-4097-01A-01D-1353-08,0,8,1,5,1,36,1,0,2,10,1,0
TCGA-41-5651-01A-01D-1696-08,0,6,0,3,3,68,4,0,0,32,2,0
TCGA-41-6646-01A-11D-1845-08,0,2,0,2,4,36,7,0,6,8,0,0
TCGA-42-2582-01A-01D-1526-09,1,8,1,4,5,100,2,0,2,20,2,1
TCGA-42-2587-01A-01D-1526-09,0,13,1,4,6,121,4,0,2,34,1,0
TCGA-42-2588-01A-01D-1526-09,0,4,0,0,1,28,0,0,0,11,0,0
TCGA-42-2589-01A-01D-1526-09,1,6,2,4,1,83,3,0,1,23,2,0
TCGA-42-2590-01A-01D-1526-09,2,12,0,2,4,43,2,0,0,14,1,0
TCGA-42-2591-01A-01D-1526-09,0,7,0,8,1,54,1,0,2,23,0,1
TCGA-42-2593-01A-01D-1764-09,0,3,0,5,1,35,1,0,1,15,1,0
TCGA-43-2576-01A-01D-1522-08,2,28,3,14,15,396,42,1,9,125,17,3
TCGA-43-2578-01A-01D-1522-08,0,26,2,8,10,259,14,0,6,94,11,1
TCGA-43-2581-01A-01D-1522-08,7,52,5,27,32,720,55,1,15,207,17,2
TCGA-43-3394-01A-01D-0983-08,0,6,1,3,4,103,11,0,4,38,4,0
TCGA-43-3920-01A-01D-0983-08,0,7,0,6,9,212,13,0,7,78,2,0
TCGA-43-5668-01A-01D-1632-08,2,29,5,9,20,498,42,0,13,183,23,0
TCGA-43-5670-01A-21D-2122-08,0,12,1,2,4,108,6,0,2,34,1,0
TCGA-43-6143-01A-11D-1817-08,1,20,3,6,10,245,20,0,5,81,9,1
TCGA-43-6647-01A-11D-1817-08,0,2,1,2,7,116,13,1,7,45,6,0
TCGA-43-6770-01A-11D-1817-08,1,11,2,2,5,171,9,0,2,61,7,0
TCGA-43-6771-01A-11D-1817-08,1,7,4,5,6,155,12,2,4,51,7,1
TCGA-43-6773-01A-41D-1945-08,2,1,0,2,1,48,4,0,0,17,1,0
TCGA-43-7656-01A-11D-2122-08,0,15,0,12,6,270,20,0,7,89,10,0
TCGA-43-7657-01A-31D-2122-08,0,11,0,6,3,98,6,0,1,33,6,0
TCGA-43-7658-01A-11D-2122-08,0,10,1,6,7,156,10,0,5,66,0,1
TCGA-43-8115-01A-11D-2244-08,0,3,1,7,6,164,6,0,4,62,5,0
TCGA-43-8116-01A-11D-2244-08,1,15,1,9,9,289,17,0,5,111,2,0
TCGA-43-8118-01A-11D-2395-08,3,24,0,22,34,480,43,0,13,159,14,2
TCGA-43-A474-01A-11D-A24D-08,2,18,2,8,11,276,26,0,7,117,8,0
TCGA-43-A475-01A-11D-A24D-08,0,8,0,3,7,197,11,0,5,68,5,1
TCGA-43-A56U-01A-11D-A26M-08,3,11,2,7,4,197,20,0,4,70,1,0
TCGA-43-A56V-01A-11D-A26M-08,3,10,0,5,4,161,9,0,5,74,5,0
TCGA-44-2655-01A-01D-1553-08,0,4,1,5,8,141,8,0,2,52,7,0
TCGA-44-2656-01A-41D-A27T-08,1,34,4,32,20,627,63,0,20,228,28,1
TCGA-44-2657-01A-01D-1105-08,1,23,2,13,15,320,17,0,4,113,13,1
TCGA-44-2659-01A-01D-0969-08,1,14,0,12,7,326,24,0,9,97,17,1
TCGA-44-2661-01A-01D-1105-08,0,2,0,0,1,30,0,0,0,17,0,0
TCGA-44-2662-01A-01D-A271-08,0,9,1,8,7,160,8,2,3,65,5,0
TCGA-44-2665-01A-01D-A271-08,0,3,0,2,2,31,2,0,1,19,1,0
TCGA-44-2666-01A-41D-A27T-08,0,1,0,1,1,35,1,0,0,4,0,0
TCGA-44-2668-01A-01D-A271-08,2,11,1,11,6,261,30,0,3,103,14,1
TCGA-44-3396-01A-01D-1553-08,0,5,1,6,5,156,11,0,2,54,4,1
TCGA-44-3398-01A-01D-1105-08,1,14,0,9,6,145,11,0,2,56,4,0
TCGA-44-3917-01A-01D-A271-08,0,8,2,3,10,169,15,1,3,58,5,0
TCGA-44-3918-01A-01D-A271-08,2,29,4,31,31,747,55,2,16,231,32,1
TCGA-44-3919-01A-02D-1458-08,0,2,0,3,3,45,2,0,0,14,0,0
TCGA-44-4112-01A-31D-A27T-08,3,26,7,17,15,353,29,2,11,132,14,0
TCGA-44-5643-01A-01D-1625-08,1,3,1,4,5,90,14,0,3,39,2,0
TCGA-44-5644-01A-21D-2036-08,2,42,4,21,23,742,57,1,11,238,29,1
TCGA-44-5645-01A-51D-A27T-08,0,1,0,0,1,27,6,0,0,8,1,0
TCGA-44-6144-01A-11D-1753-08,0,13,0,7,6,179,11,0,1,63,4,0
TCGA-44-6145-01A-11D-1753-08,4,16,0,3,6,246,22,0,4,80,10,1
TCGA-44-6146-01A-31D-A27T-08,0,0,0,1,0,28,6,0,0,12,0,0
TCGA-44-6147-01A-31D-A27T-08,1,5,1,2,0,90,4,0,5,53,0,0
TCGA-44-6148-01A-11D-1753-08,0,0,0,0,0,5,0,0,0,3,0,0
TCGA-44-6774-01A-21D-1855-08,2,12,4,6,6,219,29,0,7,80,5,0
TCGA-44-6775-01A-31D-A27T-08,0,2,1,5,1,51,5,0,0,18,3,0
TCGA-44-6776-01A-11D-1855-08,0,13,1,4,7,156,13,1,9,47,0,0
TCGA-44-6777-01A-11D-1855-08,4,22,1,9,17,292,21,0,7,97,8,1
TCGA-44-6778-01A-11D-1855-08,1,20,2,6,14,301,16,0,11,109,7,0
TCGA-44-6779-01A-11D-1855-08,0,4,2,5,1,76,6,0,3,27,1,0
TCGA-44-7659-01A-11D-2063-08,2,7,0,4,3,116,6,0,4,37,4,0
TCGA-44-7660-01A-11D-2063-08,6,26,3,12,6,284,17,3,3,99,9,1
TCGA-44-7661-01A-11D-2063-08,3,8,3,8,9,214,14,0,4,73,6,0
TCGA-44-7662-01A-11D-2063-08,0,30,0,14,20,471,34,1,3,131,11,0
TCGA-44-7667-01A-31D-2063-08,0,19,3,15,14,365,30,0,3,116,14,0
TCGA-44-7669-01A-21D-2063-08,0,20,2,10,13,350,33,1,7,109,15,1
TCGA-44-7670-01A-11D-2063-08,0,49,2,27,34,822,78,1,20,276,24,1
TCGA-44-7671-01A-11D-2063-08,1,17,2,6,10,166,14,0,6,63,6,0
TCGA-44-7672-01A-11D-2063-08,0,3,1,2,3,126,10,0,2,46,4,0
TCGA-44-8117-01A-11D-2238-08,0,26,2,23,19,572,52,0,13,205,18,0
TCGA-44-8119-01A-11D-2238-08,3,15,4,11,11,500,33,0,13,173,10,0
TCGA-44-8120-01A-11D-2238-08,3,25,3,15,12,446,37,1,6,179,18,0
TCGA-44-A479-01A-31D-A24D-08,0,21,2,4,7,246,10,1,4,74,8,0
TCGA-44-A47A-01A-21D-A24D-08,1,7,0,8,6,175,17,1,3,48,5,0
TCGA-44-A47B-01A-11D-A24D-08,0,4,0,4,3,32,3,0,0,13,1,0
TCGA-44-A47F-01A-11D-A24D-08,0,2,0,2,0,72,3,0,0,32,2,0
TCGA-44-A47G-01A-21D-A24D-08,2,2,0,1,3,65,6,1,1,17,3,0
TCGA-44-A4SS-01A-11D-A24P-08,0,15,3,13,17,384,31,0,5,114,12,0
TCGA-44-A4SU-01A-11D-A24P-08,0,4,0,2,5,118,9,0,4,44,1,0
TCGA-46-3765-01A-01D-0983-08,0,11,2,8,7,172,16,0,5,67,3,1
TCGA-46-3767-01A-01D-0983-08,0,2,0,2,5,97,8,0,3,47,3,0
TCGA-46-3768-01A-01D-0983-08,4,17,4,9,12,197,14,1,5,85,4,0
TCGA-46-3769-01A-01D-0983-08,1,41,3,16,35,653,71,2,20,283,20,1
TCGA-46-6025-01A-11D-1817-08,2,10,1,6,3,151,9,0,2,47,2,0
TCGA-46-6026-01A-11D-1817-08,1,13,0,6,8,157,13,2,3,55,5,1
TCGA-49-4486-01A-01D-1265-08,0,11,2,2,9,121,9,0,0,56,2,1
TCGA-49-4487-01A-21D-1855-08,0,10,0,7,5,272,22,1,3,100,11,1
TCGA-49-4488-01A-01D-1753-08,0,16,0,7,5,225,21,0,4,77,11,1
TCGA-49-4490-01A-21D-1855-08,1,4,0,1,0,43,1,0,1,17,0,0
TCGA-49-4494-01A-01D-1265-08,1,10,1,3,6,141,10,0,3,50,7,0
TCGA-49-4501-01A-01D-1265-08,0,5,0,1,1,39,1,0,0,23,2,0
TCGA-49-4505-01A-01D-1931-08,2,12,1,8,7,164,8,0,1,66,5,0
TCGA-49-4506-01A-01D-1265-08,0,3,0,0,1,89,13,0,0,31,3,0
TCGA-49-4507-01A-01D-1265-08,0,12,1,7,5,156,11,0,5,49,3,0
TCGA-49-4510-01A-01D-1265-08,0,7,0,1,2,39,4,0,1,11,0,1
TCGA-49-4512-01A-21D-1855-08,0,3,1,1,3,31,0,0,0,13,3,0
TCGA-49-4514-01A-21D-1855-08,2,18,2,11,10,241,19,1,3,96,9,1
TCGA-49-6742-01A-11D-1855-08,0,19,2,11,9,207,14,0,6,85,0,1
TCGA-49-6743-01A-11D-1855-08,4,31,1,22,23,568,49,0,8,222,17,0
TCGA-49-6744-01A-11D-1855-08,1,4,0,4,4,180,21,0,4,61,6,0
TCGA-49-6745-01A-11D-1855-08,0,5,0,3,11,102,10,0,3,31,5,0
TCGA-49-6761-01A-31D-1945-08,2,12,0,4,4,138,15,0,6,56,9,0
TCGA-49-6767-01A-11D-1855-08,1,19,2,13,15,349,29,1,7,143,12,3
TCGA-49-AAQV-01A-11D-A397-08,0,0,0,3,1,62,1,0,0,19,2,0
TCGA-49-AAR0-01A-21D-A397-08,0,5,0,3,5,106,10,0,3,42,2,0
TCGA-49-AAR2-01A-11D-A397-08,0,15,2,8,14,307,31,1,4,100,5,1
TCGA-49-AAR3-01A-11D-A410-08,0,2,0,5,5,117,4,0,4,30,4,0
TCGA-49-AAR4-01A-12D-A410-08,0,23,4,10,12,462,31,0,9,141,15,5
TCGA-49-AAR9-01A-21D-A410-08,4,29,5,16,20,488,37,2,10,184,13,0
TCGA-49-AARE-01A-11D-A410-08,4,48,3,45,38,1035,78,1,17,366,35,1
TCGA-49-AARN-01A-21D-A410-08,2,30,2,19,18,617,35,1,19,171,16,2
TCGA-49-AARO-01A-12D-A410-08,3,25,2,8,15,462,37,0,9,153,24,0
TCGA-49-AARQ-01A-11D-A410-08,2,31,4,17,22,551,56,0,13,176,17,0
TCGA-49-AARR-01A-11D-A410-08,0,0,0,0,0,2,0,0,0,1,0,0
TCGA-4A-A93W-01A-11D-A36X-10,0,11,1,7,3,68,6,0,2,27,1,0
TCGA-4A-A93X-01A-11D-A36X-10,1,6,2,3,7,75,6,0,3,21,3,0
TCGA-4A-A93Y-01A-11D-A36X-10,1,3,0,1,3,22,3,0,0,8,2,1
TCGA-4B-A93V-01A-11D-A397-08,0,5,2,6,2,111,6,0,4,31,4,0
TCGA-4C-A93U-01A-11D-A397-08,0,2,1,1,4,38,4,0,1,19,1,0
TCGA-4E-A92E-01A-11D-A37N-09,8,40,5,10,11,123,8,0,8,42,1,0
TCGA-4G-AAZO-01A-12D-A417-09,2,6,0,1,2,30,2,0,1,15,0,0
TCGA-4G-AAZT-01A-11D-A417-09,0,12,1,5,4,34,3,0,0,9,1,0
TCGA-4H-AAAK-01A-12D-A41F-09,0,6,0,2,2,15,1,0,1,5,1,0
TCGA-4J-AA1J-01A-21D-A387-09,1,41,3,9,10,116,9,0,3,57,2,0
TCGA-4K-AA1G-01A-11D-A435-10,0,1,0,1,0,10,2,0,0,4,0,0
TCGA-4K-AA1H-01A-11D-A435-10,0,0,0,0,1,4,0,0,1,3,0,0
TCGA-4K-AA1I-01A-11D-A435-10,0,2,0,2,0,6,0,0,0,5,0,0
TCGA-4K-AAAL-01A-11D-A435-10,0,1,0,2,0,10,0,1,0,8,0,0
TCGA-4L-AA1F-01A-11D-A41K-08,0,1,0,0,0,18,5,0,0,8,0,0
TCGA-4N-A93T-01A-11D-A36X-10,0,8,0,8,6,75,5,0,0,40,1,0
TCGA-4P-AA8J-01A-11D-A391-08,0,2,0,5,2,92,8,0,2,43,2,0
TCGA-4R-AA8I-01A-11D-A382-10,8,116,9,49,56,849,33,0,18,304,17,0
TCGA-4T-AA8H-01A-11D-A40P-10,1,9,0,8,9,103,9,0,0,37,2,1
TCGA-4V-A9QI-01A-11D-A423-09,0,3,0,1,1,3,1,0,0,4,0,0
TCGA-4V-A9QJ-01A-11D-A423-09,2,5,0,3,0,18,0,0,0,6,1,0
TCGA-4V-A9QL-01A-11D-A423-09,0,6,1,0,0,9,1,0,0,4,0,0
TCGA-4V-A9QM-01A-11D-A423-09,0,5,0,0,2,10,1,0,0,4,0,0
TCGA-4V-A9QN-01A-11D-A423-09,0,1,0,2,3,7,0,0,0,4,0,0
TCGA-4V-A9QQ-01A-11D-A423-09,0,7,0,2,1,8,2,0,3,3,0,0
TCGA-4V-A9QR-01A-11D-A423-09,0,5,0,2,0,17,0,0,0,3,0,0
TCGA-4V-A9QS-01A-11D-A423-09,0,3,0,2,0,9,0,0,0,3,0,0
TCGA-4V-A9QT-01A-11D-A423-09,0,1,0,1,0,5,0,0,1,2,0,0
TCGA-4V-A9QU-01A-11D-A423-09,0,2,1,1,1,7,0,0,2,3,0,0
TCGA-4V-A9QW-01A-11D-A423-09,0,0,0,0,1,9,1,0,0,5,0,0
TCGA-4V-A9QX-01A-11D-A423-09,0,4,1,0,2,10,1,0,0,14,0,0
TCGA-4W-AA9R-01A-11D-A391-08,1,4,0,3,2,59,2,0,1,27,1,0
TCGA-4W-AA9S-01A-11D-A391-08,0,3,0,0,1,32,7,0,1,22,0,0
TCGA-4W-AA9T-01A-11D-A391-08,0,1,1,0,0,42,4,0,1,14,1,0
TCGA-4X-A9F9-01A-11D-A423-09,0,0,0,0,0,3,0,0,0,4,0,0
TCGA-4X-A9FA-01A-11D-A423-09,0,2,0,0,1,14,0,0,0,3,0,0
TCGA-4X-A9FB-01A-11D-A423-09,0,3,0,1,1,4,0,0,0,1,0,0
TCGA-4X-A9FC-01A-11D-A423-09,0,3,0,0,3,11,0,0,0,4,0,0
TCGA-4X-A9FD-01A-11D-A423-09,0,8,1,2,0,19,1,0,2,5,0,0
TCGA-4Z-AA7M-01A-11D-A391-08,1,25,2,14,20,408,44,1,9,164,5,0
TCGA-4Z-AA7N-01A-11D-A391-08,0,0,1,1,0,10,2,0,0,11,0,0
TCGA-4Z-AA7O-01A-31D-A391-08,0,12,0,5,13,135,10,0,5,66,5,0
TCGA-4Z-AA7Q-01A-11D-A391-08,1,14,1,5,8,194,18,1,1,77,3,0
TCGA-4Z-AA7R-01A-11D-A391-08,1,14,0,9,10,278,26,0,4,114,7,0
TCGA-4Z-AA7S-01A-11D-A391-08,0,3,0,1,1,51,3,0,0,18,1,0
TCGA-4Z-AA7W-01A-11D-A391-08,2,23,0,13,26,439,44,1,6,141,7,1
TCGA-4Z-AA7Y-01A-11D-A391-08,0,13,4,9,7,219,27,0,7,106,3,0
TCGA-4Z-AA80-01A-11D-A391-08,1,20,2,7,9,322,33,1,4,132,7,0
TCGA-4Z-AA81-01A-11D-A391-08,0,8,1,6,6,162,19,0,2,67,4,0
TCGA-4Z-AA82-01A-11D-A391-08,2,7,0,3,1,83,6,0,2,32,1,0
TCGA-4Z-AA83-01A-11D-A391-08,0,10,0,2,2,60,8,0,0,29,2,0
TCGA-4Z-AA84-01A-11D-A391-08,3,20,2,24,31,365,25,0,2,190,6,0
TCGA-4Z-AA86-01A-11D-A391-08,1,8,0,6,9,170,19,0,2,68,2,1
TCGA-4Z-AA87-01A-11D-A391-08,3,8,1,7,11,195,19,0,3,70,5,0
TCGA-4Z-AA89-01A-11D-A391-08,1,2,0,2,8,93,20,1,2,43,5,1
TCGA-50-5044-01A-21D-1855-08,0,2,0,0,6,103,5,0,1,50,3,1
TCGA-50-5045-01A-01D-1625-08,0,8,1,7,8,245,22,0,2,68,8,1
TCGA-50-5049-01A-01D-1625-08,0,34,2,17,21,636,50,0,11,210,22,1
TCGA-50-5051-01A-21D-1855-08,1,4,0,1,0,87,4,0,0,40,2,0
TCGA-50-5055-01A-01D-1625-08,0,1,0,0,0,19,1,0,0,1,0,0
TCGA-50-5066-01A-01D-1625-08,0,11,5,2,13,229,16,0,4,60,5,0
TCGA-50-5068-01A-01D-1625-08,0,5,0,4,1,75,2,0,1,27,3,0
TCGA-50-5072-01A-21D-1855-08,1,7,1,2,9,121,11,0,2,42,7,0
TCGA-50-5930-01A-11D-1753-08,4,50,3,29,22,833,77,2,26,285,25,3
TCGA-50-5931-01A-11D-1753-08,1,17,1,12,8,235,18,1,2,77,9,0
TCGA-50-5932-01A-11D-1753-08,0,3,0,2,2,56,5,0,3,17,2,0
TCGA-50-5933-01A-11D-1753-08,2,16,2,8,18,404,26,0,9,137,9,1
TCGA-50-5935-01A-11D-1753-08,0,2,0,2,3,81,3,0,3,24,5,0
TCGA-50-5936-01A-11D-1625-08,0,7,0,2,3,95,8,0,0,31,0,0
TCGA-50-5939-01A-11D-1625-08,0,4,0,4,6,62,6,0,3,18,1,0
TCGA-50-5941-01A-11D-1753-08,2,24,2,5,13,299,22,0,3,102,10,0
TCGA-50-5942-01A-21D-1753-08,0,1,0,0,2,47,5,0,0,13,3,0
TCGA-50-5944-01A-11D-1753-08,0,3,0,3,3,46,5,0,4,20,0,0
TCGA-50-5946-01A-11D-1753-08,1,33,4,18,11,493,37,0,9,189,19,2
TCGA-50-6590-01A-12D-1855-08,1,27,4,12,22,701,49,1,21,226,20,0
TCGA-50-6591-01A-11D-1753-08,0,4,0,0,0,45,1,0,0,14,2,0
TCGA-50-6592-01A-11D-1753-08,1,16,1,8,4,220,18,0,6,74,7,1
TCGA-50-6593-01A-11D-1753-08,1,8,0,8,4,244,22,0,4,91,8,0
TCGA-50-6594-01A-11D-1753-08,2,23,2,11,18,389,45,1,6,122,15,0
TCGA-50-6595-01A-12D-1855-08,0,2,0,1,4,83,6,0,0,20,2,0
TCGA-50-6597-01A-11D-1855-08,0,6,1,2,3,42,6,0,1,14,3,0
TCGA-50-6673-01A-11D-1945-08,0,3,0,1,5,40,2,1,0,10,0,0
TCGA-50-7109-01A-11D-2036-08,1,11,0,6,8,197,15,0,2,63,4,1
TCGA-50-8457-01A-11D-2323-08,0,3,0,1,1,41,6,0,0,13,2,0
TCGA-50-8459-01A-11D-2323-08,2,10,0,2,3,65,5,0,1,30,1,0
TCGA-50-8460-01A-11D-2323-08,1,2,1,0,0,25,2,0,0,5,0,0
TCGA-51-4079-01A-01D-1458-08,4,23,2,17,19,302,28,0,7,105,3,0
TCGA-51-4080-01A-01D-1458-08,0,12,0,11,10,219,18,0,6,66,10,0
TCGA-51-4081-01A-01D-1458-08,1,8,1,4,5,162,9,0,2,49,7,0
TCGA-51-6867-01A-11D-2042-08,2,35,5,23,24,486,30,0,12,148,17,0
TCGA-52-7622-01A-11D-2122-08,0,16,2,2,10,199,20,0,3,80,6,0
TCGA-52-7809-01A-21D-2122-08,0,9,0,9,8,193,17,0,6,62,4,0
TCGA-52-7810-01A-11D-2122-08,2,27,3,17,11,305,38,0,4,117,9,2
TCGA-52-7811-01A-11D-2122-08,0,4,0,3,4,121,5,0,1,45,4,0
TCGA-52-7812-01A-11D-2122-08,2,13,1,8,11,213,16,0,4,96,6,1
TCGA-53-7624-01A-11D-2063-08,5,40,2,13,21,632,45,1,15,218,19,1
TCGA-53-7626-01A-12D-2063-08,0,14,0,8,12,295,14,0,6,94,6,1
TCGA-53-7813-01A-11D-2167-08,0,10,1,3,7,112,12,0,3,29,8,1
TCGA-53-A4EZ-01A-12D-A24P-08,0,39,3,16,21,382,29,0,12,153,18,1
TCGA-55-1592-01A-01D-0969-08,7,25,2,19,18,438,23,0,10,142,7,0
TCGA-55-1594-01A-01D-1040-01,1,11,1,1,5,142,10,0,1,56,3,0
TCGA-55-1595-01A-01D-0969-08,1,19,1,6,11,244,23,0,2,91,9,0
TCGA-55-1596-01A-01D-1040-01,1,5,2,8,7,148,14,1,5,40,3,0
TCGA-55-5899-01A-11D-1625-08,0,14,1,10,12,338,25,0,10,125,12,2
TCGA-55-6543-01A-11D-1753-08,0,0,0,0,1,18,2,0,0,4,0,0
TCGA-55-6642-01A-11D-1855-08,0,2,1,2,2,92,9,0,5,36,5,1
TCGA-55-6712-01A-11D-1855-08,2,8,2,4,6,97,13,0,2,56,6,0
TCGA-55-6968-01A-11D-1945-08,2,16,6,19,23,393,33,0,5,148,9,1
TCGA-55-6969-01A-11D-1945-08,0,10,0,11,7,329,22,0,10,118,7,0
TCGA-55-6970-01A-11D-1945-08,1,5,0,2,4,134,14,0,1,37,11,0
TCGA-55-6971-01A-11D-1945-08,0,3,0,2,3,65,8,0,3,21,3,0
TCGA-55-6972-01A-11D-1945-08,1,7,2,5,7,208,18,0,6,82,5,1
TCGA-55-6975-01A-11D-1945-08,0,4,0,1,5,64,5,0,2,17,2,0
TCGA-55-6978-01A-11D-1945-08,0,0,0,1,1,23,1,0,1,7,1,0
TCGA-55-6979-01A-11D-1945-08,1,7,0,0,5,119,5,0,2,31,2,0
TCGA-55-6980-01A-11D-1945-08,0,1,0,0,1,12,0,0,0,2,0,0
TCGA-55-6981-01A-11D-1945-08,2,2,0,2,0,44,3,0,2,8,0,0
TCGA-55-6982-01A-11D-1945-08,0,8,0,6,13,176,11,0,3,70,0,0
TCGA-55-6983-01A-11D-1945-08,0,4,1,5,2,84,9,0,1,26,2,0
TCGA-55-6984-01A-11D-1945-08,0,1,0,0,0,16,1,0,0,8,1,0
TCGA-55-6985-01A-11D-1945-08,1,20,4,17,14,357,27,0,8,124,12,0
TCGA-55-6986-01A-11D-1945-08,0,1,0,0,0,15,0,0,0,9,0,0
TCGA-55-6987-01A-11D-1945-08,0,4,0,5,6,166,19,0,1,51,2,0
TCGA-55-7227-01A-11D-2036-08,2,7,0,2,4,127,7,1,2,48,3,1
TCGA-55-7281-01A-11D-2036-08,2,29,1,11,6,357,29,0,5,111,5,1
TCGA-55-7283-01A-11D-2036-08,1,11,2,7,8,177,19,0,4,57,5,0
TCGA-55-7284-01B-11D-2238-08,0,2,0,0,0,36,3,0,0,16,0,0
TCGA-55-7570-01A-11D-2036-08,1,17,2,9,11,291,23,0,11,94,8,0
TCGA-55-7573-01A-11D-2036-08,0,5,0,1,1,39,3,0,1,12,1,0
TCGA-55-7574-01A-11D-2036-08,1,7,1,6,7,211,19,0,2,65,2,1
TCGA-55-7576-01A-11D-2063-08,3,14,1,8,16,313,22,0,7,107,7,1
TCGA-55-7724-01A-11D-2167-08,1,5,0,7,5,180,21,0,1,54,3,0
TCGA-55-7725-01A-11D-2167-08,0,3,1,4,2,91,8,0,1,40,4,0
TCGA-55-7726-01A-11D-2167-08,0,4,0,2,2,90,10,1,1,28,3,0
TCGA-55-7727-01A-11D-2167-08,1,5,1,6,5,194,13,0,8,78,5,1
TCGA-55-7728-01A-11D-2184-08,0,5,0,3,5,74,7,0,3,21,2,1
TCGA-55-7815-01A-11D-2167-08,1,6,0,6,4,113,6,0,3,40,3,0
TCGA-55-7816-01A-11D-2167-08,0,0,0,0,0,1,1,0,0,0,0,0
TCGA-55-7903-01A-11D-2167-08,0,5,0,4,5,118,3,0,2,46,4,1
TCGA-55-7907-01A-11D-2167-08,4,44,6,30,37,894,85,0,24,296,32,1
TCGA-55-7910-01A-11D-2167-08,1,9,2,3,4,247,21,0,3,69,9,0
TCGA-55-7911-01A-11D-2167-08,0,4,3,6,5,177,11,0,5,61,6,0
TCGA-55-7913-01B-11D-2238-08,1,16,1,10,11,270,19,0,8,94,5,0
TCGA-55-7914-01A-11D-2167-08,0,4,2,2,2,144,7,0,2,48,2,1
TCGA-55-7994-01A-11D-2184-08,5,59,7,39,43,1174,98,1,26,400,36,2
TCGA-55-7995-01A-11D-2184-08,0,25,2,21,24,530,25,2,10,168,15,0
TCGA-55-8085-01A-11D-2238-08,1,9,1,8,10,191,18,0,2,80,7,1
TCGA-55-8087-01A-11D-2238-08,0,1,1,1,1,25,1,0,1,6,0,0
TCGA-55-8089-01A-11D-2238-08,5,57,3,37,37,944,75,1,17,345,25,0
TCGA-55-8090-01A-11D-2238-08,0,5,1,4,1,66,5,0,4,25,2,0
TCGA-55-8091-01A-11D-2238-08,0,1,0,0,1,26,0,0,0,6,0,1
TCGA-55-8092-01A-11D-2238-08,0,30,1,18,21,424,30,1,8,181,11,0
TCGA-55-8094-01A-11D-2238-08,0,20,2,13,10,336,23,0,8,128,16,1
TCGA-55-8096-01A-11D-2238-08,0,10,0,1,2,114,12,0,1,36,3,0
TCGA-55-8097-01A-11D-2238-08,0,6,1,3,7,87,3,0,2,28,2,0
TCGA-55-8203-01A-11D-2238-08,1,17,2,8,9,341,17,0,12,113,10,0
TCGA-55-8204-01A-11D-2238-08,1,4,1,7,7,168,12,0,5,59,6,0
TCGA-55-8205-01A-11D-2238-08,2,20,1,13,15,396,31,1,5,147,16,1
TCGA-55-8206-01A-11D-2238-08,0,1,0,1,2,22,2,0,1,9,0,0
TCGA-55-8207-01A-11D-2238-08,0,19,2,9,11,241,14,0,1,87,3,0
TCGA-55-8208-01A-11D-2238-08,2,11,3,6,10,278,22,0,0,105,7,0
TCGA-55-8299-01A-11D-2284-08,1,8,0,6,6,172,13,0,4,56,7,0
TCGA-55-8301-01A-11D-2284-08,1,15,0,17,8,217,12,0,4,79,9,0
TCGA-55-8302-01A-11D-2323-08,3,33,3,19,15,524,43,0,10,175,19,1
TCGA-55-8505-01A-11D-2393-08,0,3,1,0,0,25,3,0,1,15,0,0
TCGA-55-8506-01A-11D-2393-08,5,65,12,59,43,1270,92,1,25,482,48,5
TCGA-55-8507-01A-11D-2393-08,6,41,4,37,27,754,45,1,18,250,29,1
TCGA-55-8508-01A-11D-2393-08,2,9,2,6,6,133,14,0,3,48,4,0
TCGA-55-8510-01A-11D-2393-08,3,15,2,7,4,234,16,0,10,91,9,1
TCGA-55-8511-01A-11D-2393-08,2,26,3,18,11,437,36,0,7,158,15,0
TCGA-55-8512-01A-11D-2393-08,0,3,0,0,2,30,1,0,2,13,0,0
TCGA-55-8513-01A-11D-2393-08,0,0,0,0,2,6,0,0,0,0,0,0
TCGA-55-8514-01A-11D-2393-08,0,17,2,11,8,205,17,0,8,76,7,0
TCGA-55-8614-01A-11D-2393-08,1,9,1,8,7,176,9,0,5,76,6,0
TCGA-55-8615-01A-11D-2393-08,0,12,1,7,2,86,6,0,0,46,2,0
TCGA-55-8616-01A-11D-2393-08,1,28,0,17,17,365,32,0,4,123,15,1
TCGA-55-8619-01A-11D-2393-08,0,2,0,0,0,18,1,0,0,5,1,0
TCGA-55-8620-01A-11D-2393-08,3,24,3,13,15,355,35,0,14,135,18,0
TCGA-55-8621-01A-11D-2393-08,0,4,0,0,0,59,5,0,0,18,3,0
TCGA-55-A48X-01A-11D-A24D-08,3,17,1,6,9,311,30,1,4,93,8,0
TCGA-55-A48Y-01A-11D-A24D-08,1,17,0,12,19,270,22,0,2,94,7,0
TCGA-55-A48Z-01A-12D-A24P-08,1,2,0,3,2,36,3,0,1,17,3,0
TCGA-55-A490-01A-11D-A24D-08,7,56,8,40,38,1003,87,2,22,341,38,1
TCGA-55-A491-01A-11D-A24D-08,0,20,1,5,11,288,25,0,4,103,9,0
TCGA-55-A492-01A-11D-A24D-08,1,8,0,7,8,216,16,1,5,88,4,1
TCGA-55-A493-01A-11D-A24D-08,1,12,1,7,4,204,16,0,5,84,6,0
TCGA-55-A494-01A-11D-A24P-08,1,13,2,5,10,180,13,1,7,58,4,1
TCGA-55-A4DF-01A-11D-A24D-08,3,31,2,25,32,575,60,1,13,220,21,0
TCGA-55-A4DG-01A-11D-A24D-08,2,42,2,17,18,533,45,0,10,159,14,2
TCGA-55-A57B-01A-12D-A397-08,0,1,1,3,1,34,2,0,1,6,0,0
TCGA-56-1622-01A-01D-1521-08,0,22,0,6,10,159,9,1,5,67,8,0
TCGA-56-5897-01A-11D-1632-08,2,4,1,2,2,72,9,0,1,33,0,0
TCGA-56-5898-01A-11D-1632-08,1,7,0,1,3,117,8,0,4,39,2,0
TCGA-56-6545-01A-11D-1817-08,0,11,1,7,8,230,22,0,7,73,6,1
TCGA-56-6546-01A-11D-1817-08,2,19,0,11,6,259,16,0,9,85,9,0
TCGA-56-7221-01A-11D-2042-08,2,13,0,9,10,212,16,0,4,94,6,0
TCGA-56-7222-01A-11D-2042-08,1,16,3,11,16,281,25,2,8,117,7,2
TCGA-56-7223-01A-11D-2042-08,4,16,1,7,11,217,10,0,10,84,12,1
TCGA-56-7579-01A-11D-2042-08,2,13,0,6,7,184,16,0,7,74,8,0
TCGA-56-7580-01A-11D-2042-08,0,9,0,5,1,105,9,0,2,37,3,0
TCGA-56-7582-01A-11D-2042-08,0,6,0,3,4,134,7,0,2,40,8,0
TCGA-56-7730-01A-11D-2122-08,2,17,1,12,11,294,24,0,8,86,6,1
TCGA-56-7731-01A-11D-2122-08,0,14,3,13,11,269,20,0,7,94,12,0
TCGA-56-7822-01A-11D-2122-08,0,17,4,10,10,286,25,0,9,100,5,1
TCGA-56-7823-01B-11D-2244-08,2,11,3,9,9,210,13,0,11,78,7,1
TCGA-56-8082-01A-11D-2244-08,2,8,0,7,4,166,12,1,6,71,4,0
TCGA-56-8083-01A-11D-2244-08,0,5,0,3,4,117,13,0,1,51,4,1
TCGA-56-8201-01A-11D-2244-08,0,4,1,1,2,131,5,0,3,46,6,0
TCGA-56-8304-01A-11D-2323-08,6,13,2,3,9,183,22,0,0,57,9,0
TCGA-56-8305-01A-11D-2293-08,0,20,3,12,8,292,24,1,7,115,8,0
TCGA-56-8307-01A-11D-2293-08,3,21,1,12,14,325,19,1,7,104,18,0
TCGA-56-8308-01A-11D-2293-08,0,9,1,9,4,274,18,0,5,105,8,2
TCGA-56-8309-01A-11D-2293-08,0,1,0,4,2,117,4,0,2,27,4,0
TCGA-56-8503-01A-11D-2395-08,0,6,0,6,5,128,6,0,4,44,10,0
TCGA-56-8504-01A-11D-2395-08,0,10,3,4,2,187,11,0,4,64,6,0
TCGA-56-8622-01A-11D-2395-08,2,8,0,17,3,164,12,2,5,75,4,0
TCGA-56-8624-01A-11D-2395-08,1,5,1,5,7,93,6,1,2,34,3,0
TCGA-56-8625-01A-11D-2395-08,1,23,3,15,13,344,33,0,6,151,17,0
TCGA-56-8626-01A-11D-2395-08,1,11,2,11,14,187,15,0,2,73,6,0
TCGA-56-8628-01A-11D-2395-08,2,25,1,14,14,320,23,1,12,92,12,0
TCGA-56-8629-01A-11D-2395-08,0,10,0,8,7,164,19,0,5,57,8,0
TCGA-56-A49D-01A-11D-A24D-08,1,17,2,3,8,227,18,1,11,82,6,0
TCGA-56-A4BW-01A-11D-A24D-08,1,12,1,10,8,176,12,0,2,62,6,0
TCGA-56-A4BY-01A-11D-A24D-08,0,6,0,5,7,104,12,1,3,47,2,1
TCGA-56-A4ZJ-01A-11D-A25L-08,1,5,0,5,5,85,8,0,1,31,3,0
TCGA-56-A4ZK-01A-11D-A25L-08,0,22,4,6,6,183,12,0,7,52,4,0
TCGA-56-A5DS-01A-11D-A27K-08,2,8,1,7,5,165,10,1,3,60,1,0
TCGA-56-A62T-01A-11D-A401-08,4,22,2,13,16,386,31,0,14,124,18,0
TCGA-58-8386-01A-11D-2293-08,0,11,0,5,9,192,14,0,5,68,10,0
TCGA-58-8387-01A-11D-2293-08,3,9,0,5,8,127,14,0,9,56,3,0
TCGA-58-8388-01A-11D-2323-08,0,17,1,6,2,131,17,0,2,47,3,0
TCGA-58-8391-01A-11D-2323-08,2,14,2,8,15,262,18,1,11,88,7,1
TCGA-58-8393-01A-11D-2323-08,0,8,0,2,9,220,18,0,2,78,3,1
TCGA-58-A46J-01A-11D-A24D-08,0,7,0,4,4,135,10,0,2,52,2,1
TCGA-58-A46K-01A-11D-A24D-08,0,10,3,5,7,105,9,0,7,43,6,0
TCGA-58-A46L-01A-11D-A24D-08,0,11,0,3,5,188,11,0,2,51,8,1
TCGA-58-A46M-01A-11D-A24D-08,1,21,3,19,12,295,26,0,12,130,11,2
TCGA-58-A46N-01A-11D-A24D-08,1,15,1,8,6,147,12,0,5,62,7,0
TCGA-59-2372-01A-01D-1526-09,1,6,1,4,1,69,4,0,0,24,4,0
TCGA-59-A5PD-01A-11D-A403-09,2,45,2,16,10,105,9,2,6,45,2,0
TCGA-5B-A90C-01A-11D-A37N-09,0,13,0,1,2,37,2,0,0,14,2,0
TCGA-5C-A9VG-01A-11D-A36X-10,1,9,1,11,13,103,5,0,1,60,6,0
TCGA-5C-A9VH-01A-11D-A36X-10,0,12,1,8,4,80,3,0,2,23,2,0
TCGA-5C-AAPD-01A-21D-A38X-10,1,4,0,1,4,50,3,0,1,18,4,0
TCGA-5G-A9ZZ-01A-31D-A423-09,1,3,0,2,3,7,0,0,1,4,0,0
TCGA-5K-AAAP-01A-11D-A423-09,0,4,0,0,1,13,1,0,0,7,0,0
TCGA-5L-AAT0-01A-12D-A41F-09,2,44,2,19,15,119,11,1,3,63,0,0
TCGA-5L-AAT1-01A-12D-A41F-09,16,307,20,113,96,884,125,3,45,357,17,3
TCGA-5M-AAT4-01A-11D-A40P-10,1,20,3,5,11,154,7,0,5,48,1,0
TCGA-5M-AAT5-01A-21D-A40P-10,1,15,0,7,1,63,8,0,0,29,0,0
TCGA-5M-AAT6-01A-11D-A40P-10,13,160,14,65,85,1420,65,2,23,624,33,5
TCGA-5M-AATA-01A-31D-A40P-10,2,10,0,3,5,56,6,0,1,33,2,0
TCGA-5M-AATE-01A-11D-A40P-10,0,10,1,6,5,101,7,0,5,48,1,0
TCGA-5N-A9KI-01A-31D-A42E-08,0,8,1,5,7,130,10,0,0,53,0,0
TCGA-5N-A9KM-01A-11D-A42E-08,2,6,0,7,7,154,13,1,3,74,7,1
TCGA-5P-A9JU-01A-11D-A42J-10,0,7,1,1,3,48,6,0,4,15,4,0
TCGA-5P-A9JV-01A-12D-A42J-10,0,5,0,2,5,39,2,1,1,19,0,0
TCGA-5P-A9JW-01A-11D-A42J-10,1,10,1,9,2,58,6,1,0,17,0,0
TCGA-5P-A9JY-01A-11D-A42J-10,0,15,0,6,5,74,3,0,0,25,3,0
TCGA-5P-A9JZ-01A-11D-A42J-10,1,7,2,3,0,33,2,0,0,12,0,0
TCGA-5P-A9K0-01A-11D-A42J-10,2,9,2,6,10,57,1,0,1,24,2,0
TCGA-5P-A9K2-01A-11D-A42J-10,1,6,1,2,2,54,2,0,4,16,2,0
TCGA-5P-A9K3-01A-11D-A42J-10,1,5,0,3,5,49,3,0,0,12,2,0
TCGA-5P-A9K6-01A-11D-A42J-10,0,7,0,0,2,34,3,0,0,16,0,0
TCGA-5P-A9K8-01A-11D-A42J-10,0,1,0,1,0,14,2,0,1,8,0,0
TCGA-5P-A9KA-01A-11D-A42J-10,1,14,1,5,5,63,0,0,0,23,4,0
TCGA-5P-A9KC-01A-11D-A42J-10,0,9,0,7,6,61,2,0,2,13,2,0
TCGA-5P-A9KE-01A-11D-A42J-10,0,9,1,4,3,63,2,0,1,24,1,0
TCGA-5P-A9KH-01A-11D-A42J-10,0,2,0,2,2,15,2,0,1,7,0,1
TCGA-5R-AA1C-01A-11D-A40R-10,0,10,1,9,2,72,5,0,1,27,3,2
TCGA-5R-AA1D-01A-11D-A382-10,0,1,0,2,1,14,1,0,0,8,0,0
TCGA-5R-AAAM-01A-12D-A40R-10,0,8,0,6,11,66,8,0,2,23,2,0
TCGA-5S-A9Q8-01A-11D-A403-09,1,10,0,2,2,35,5,0,4,10,1,0
TCGA-5T-A9QA-01A-11D-A41F-09,1,6,2,2,0,21,2,0,1,16,2,0
TCGA-5U-AB0D-01A-11D-A423-09,0,17,0,5,3,52,2,0,1,14,2,0
TCGA-5U-AB0E-01A-11D-A423-09,0,9,0,1,0,14,0,0,0,3,2,0
TCGA-5U-AB0F-01A-11D-A423-09,0,3,0,1,1,11,0,0,0,9,0,0
TCGA-5V-A9RR-01A-11D-A423-09,1,5,0,1,0,9,1,0,0,8,0,0
TCGA-5X-AA5U-01A-11D-A403-09,2,5,0,1,4,22,3,0,1,9,1,0
TCGA-60-2695-01A-01D-1522-08,1,12,0,9,6,167,14,0,7,51,4,1
TCGA-60-2697-01A-11D-2122-08,0,0,1,0,0,8,0,0,1,4,0,0
TCGA-60-2698-01A-01D-1522-08,7,61,3,26,43,843,82,2,17,293,17,1
TCGA-60-2703-01A-11D-2042-08,2,11,0,7,3,240,13,1,4,77,7,1
TCGA-60-2704-01A-11D-2042-08,1,8,1,7,3,150,5,0,3,67,5,2
TCGA-60-2707-01A-01D-1522-08,0,8,1,6,6,80,6,0,1,29,4,0
TCGA-60-2708-01A-01D-1522-08,1,10,0,5,10,155,11,1,3,62,0,0
TCGA-60-2709-01A-21D-1817-08,3,8,2,7,4,122,9,0,2,48,6,0
TCGA-60-2710-01A-01D-1522-08,1,7,0,7,1,165,10,1,4,51,7,0
TCGA-60-2711-01A-01D-1522-08,0,4,0,2,8,86,9,1,5,42,0,0
TCGA-60-2712-01A-01D-1522-08,0,8,0,3,2,65,7,0,0,24,3,0
TCGA-60-2713-01A-01D-1522-08,1,20,3,6,7,186,17,1,5,73,5,0
TCGA-60-2714-01A-01D-1522-08,2,49,2,30,29,689,47,0,17,208,27,0
TCGA-60-2715-01A-01D-1522-08,0,4,2,2,2,100,12,0,1,36,1,0
TCGA-60-2716-01A-01D-1522-08,0,0,0,0,1,13,1,0,1,5,1,0
TCGA-60-2719-01A-01D-1522-08,0,18,1,12,12,165,4,0,7,59,2,0
TCGA-60-2720-01A-01D-1522-08,2,20,1,8,8,335,30,0,9,99,10,2
TCGA-60-2721-01A-01D-1522-08,1,13,1,6,6,154,17,1,9,56,5,1
TCGA-60-2722-01A-01D-1522-08,2,16,0,13,9,232,24,1,9,74,10,2
TCGA-60-2723-01A-01D-1522-08,0,24,2,12,8,217,10,0,4,66,10,1
TCGA-60-2724-01A-01D-1522-08,0,23,1,8,14,267,14,0,10,96,12,0
TCGA-60-2725-01A-01D-1267-08,0,8,0,3,5,116,4,0,4,45,4,0
TCGA-60-2726-01A-01D-1522-08,2,25,0,14,11,240,14,0,14,99,8,1
TCGA-62-8394-01A-11D-2323-08,1,9,4,4,3,104,7,0,1,39,1,0
TCGA-62-8395-01A-11D-2323-08,0,2,0,0,2,57,6,0,0,18,1,0
TCGA-62-8397-01A-11D-2323-08,0,2,0,0,1,18,1,0,1,8,1,0
TCGA-62-8398-01A-11D-2323-08,0,3,0,2,4,64,5,0,0,24,1,0
TCGA-62-8399-01A-21D-2323-08,1,27,4,20,14,401,35,3,8,139,9,0
TCGA-62-8402-01A-11D-2323-08,0,3,1,2,3,35,2,1,4,22,0,0
TCGA-62-A46O-01A-11D-A24D-08,2,35,5,21,23,669,55,0,20,237,22,3
TCGA-62-A46P-01A-11D-A24D-08,1,19,2,6,9,217,22,1,7,66,3,0
TCGA-62-A46R-01A-11D-A24D-08,0,6,0,3,4,139,15,1,2,36,3,0
TCGA-62-A46S-01A-11D-A24D-08,0,8,0,4,3,96,6,0,3,35,4,0
TCGA-62-A46U-01A-11D-A24D-08,0,2,0,1,0,36,1,0,0,12,0,0
TCGA-62-A46V-01A-11D-A24D-08,0,1,0,3,2,43,3,0,1,15,3,0
TCGA-62-A46Y-01A-11D-A24D-08,0,1,0,1,0,25,3,0,1,8,0,0
TCGA-62-A470-01A-11D-A24D-08,0,4,3,0,5,85,10,0,4,33,3,0
TCGA-62-A471-01A-12D-A24D-08,1,8,0,5,6,79,4,0,6,38,1,0
TCGA-62-A472-01A-11D-A24D-08,0,0,0,4,2,43,3,0,0,19,1,0
TCGA-63-5128-01A-01D-1441-08,0,22,1,4,10,232,20,0,4,72,10,0
TCGA-63-5131-01A-01D-1441-08,0,21,0,11,13,249,14,0,2,72,11,1
TCGA-63-6202-01A-11D-1817-08,3,13,2,7,10,271,15,1,1,79,14,0
TCGA-63-7020-01A-11D-1945-08,1,8,0,4,7,141,10,0,4,46,6,0
TCGA-63-7021-01A-11D-1945-08,1,11,2,4,4,189,14,1,6,63,13,0
TCGA-63-7022-01A-11D-1945-08,0,6,1,4,10,134,18,0,1,59,6,0
TCGA-63-7023-01A-11D-1945-08,0,7,2,4,0,105,6,1,8,46,4,0
TCGA-63-A5M9-01A-11D-A26M-08,0,4,1,3,7,82,5,0,3,28,2,0
TCGA-63-A5MB-01A-11D-A26M-08,3,14,2,9,8,267,22,0,5,83,2,0
TCGA-63-A5MG-01A-12D-A27K-08,0,8,1,4,2,83,6,0,3,28,3,2
TCGA-63-A5MH-01A-12D-A27K-08,0,12,3,10,8,176,9,1,7,55,2,0
TCGA-63-A5MI-01A-12D-A27K-08,2,12,0,6,6,161,14,0,4,58,4,0
TCGA-63-A5MJ-01A-11D-A27K-08,0,10,1,5,5,138,9,0,7,59,9,0
TCGA-63-A5ML-01A-31D-A27K-08,2,13,1,6,5,187,16,1,4,64,5,2
TCGA-63-A5MM-01A-11D-A26M-08,4,44,1,25,30,897,41,1,12,343,11,1
TCGA-63-A5MN-01A-22D-A27K-08,0,0,1,2,0,29,4,0,0,12,0,0
TCGA-63-A5MP-01A-11D-A26M-08,0,8,0,6,8,139,13,0,0,55,5,0
TCGA-63-A5MR-01A-31D-A27K-08,1,6,1,4,4,130,19,0,3,52,5,0
TCGA-63-A5MS-01A-11D-A26M-08,1,18,1,6,11,312,19,0,10,102,8,0
TCGA-63-A5MT-01A-21D-A26M-08,0,11,0,5,14,179,11,1,5,64,8,0
TCGA-63-A5MU-01A-11D-A26M-08,3,6,0,6,5,159,24,2,3,61,4,0
TCGA-63-A5MV-01A-21D-A26M-08,0,8,0,4,5,88,8,0,1,33,6,0
TCGA-63-A5MW-01A-11D-A26M-08,1,11,4,14,24,366,25,1,6,126,7,1
TCGA-63-A5MY-01A-11D-A26M-08,0,12,1,4,7,130,10,0,2,49,2,0
TCGA-64-1676-01A-01D-0969-08,0,30,3,10,17,465,35,0,9,154,17,0
TCGA-64-1679-01A-21D-2063-08,3,9,4,7,13,390,34,1,9,125,18,1
TCGA-64-1680-01A-02D-0969-08,1,4,0,2,3,45,5,0,0,15,1,0
TCGA-64-1681-01A-11D-2063-08,1,5,0,4,3,63,8,0,0,21,1,0
TCGA-64-5774-01A-01D-1625-08,1,8,2,3,5,109,6,0,3,38,1,0
TCGA-64-5775-01A-01D-1625-08,1,23,2,10,19,351,29,1,8,129,15,1
TCGA-64-5778-01A-01D-1625-08,5,27,1,16,9,364,24,0,11,112,10,0
TCGA-64-5779-01A-01D-1625-08,0,17,0,10,8,279,18,0,4,94,5,2
TCGA-64-5781-01A-01D-1625-08,3,44,5,37,34,855,77,0,16,307,27,0
TCGA-64-5815-01A-01D-1625-08,3,5,2,0,5,122,15,0,6,52,3,0
TCGA-66-2727-01A-01D-0983-08,0,9,1,2,3,157,12,0,3,62,2,0
TCGA-66-2734-01A-01D-0983-08,1,10,0,3,2,163,12,0,4,46,8,0
TCGA-66-2742-01A-01D-0983-08,0,7,0,7,5,167,17,0,4,69,4,0
TCGA-66-2744-01A-01D-0983-08,1,7,1,3,12,158,15,0,6,43,4,0
TCGA-66-2754-01A-01D-0983-08,1,14,3,8,5,218,14,0,2,72,9,0
TCGA-66-2755-01A-01D-1522-08,0,20,2,7,12,157,9,1,4,71,5,1
TCGA-66-2756-01A-01D-1522-08,2,21,3,15,13,400,30,1,12,120,14,2
TCGA-66-2757-01A-01D-1522-08,0,19,1,11,9,190,11,0,3,57,16,1
TCGA-66-2758-01A-02D-1522-08,2,26,1,9,15,250,14,1,6,99,2,1
TCGA-66-2759-01A-01D-1522-08,2,20,2,12,23,322,28,0,8,120,10,0
TCGA-66-2763-01A-01D-1522-08,1,23,2,15,9,304,28,1,6,95,10,0
TCGA-66-2765-01A-01D-1522-08,0,3,0,4,4,71,5,0,3,19,3,0
TCGA-66-2766-01A-01D-1522-08,3,31,5,13,24,286,20,0,6,109,9,1
TCGA-66-2767-01A-01D-1522-08,0,21,1,4,14,252,19,0,8,87,8,0
TCGA-66-2769-01A-02D-1522-08,2,13,0,8,11,283,19,0,9,101,5,0
TCGA-66-2770-01A-01D-1522-08,0,16,6,4,16,170,13,0,5,84,4,0
TCGA-66-2771-01A-01D-0983-08,1,12,1,4,11,197,21,0,2,75,2,1
TCGA-66-2773-01A-01D-1267-08,3,33,3,20,17,434,43,2,8,184,10,1
TCGA-66-2777-01A-01D-1267-08,1,6,0,5,4,128,9,0,3,53,3,0
TCGA-66-2778-01A-02D-1522-08,0,12,2,8,8,102,6,0,2,45,0,0
TCGA-66-2780-01A-01D-1522-08,0,8,0,5,6,104,9,0,2,42,2,1
TCGA-66-2781-01A-01D-1522-08,0,7,1,2,8,107,4,1,2,33,2,0
TCGA-66-2782-01A-01D-1522-08,1,23,1,13,19,267,18,2,9,103,10,0
TCGA-66-2783-01A-01D-1267-08,3,23,2,8,11,178,16,0,7,53,6,1
TCGA-66-2785-01A-01D-1522-08,1,89,8,40,51,887,79,3,21,264,20,4
TCGA-66-2786-01A-01D-1522-08,0,15,1,7,8,170,18,1,2,52,9,0
TCGA-66-2787-01A-01D-0983-08,3,16,3,14,17,361,29,1,11,105,11,1
TCGA-66-2788-01A-01D-0983-08,0,9,1,5,9,159,14,0,5,51,3,0
TCGA-66-2789-01A-01D-0983-08,1,17,3,10,10,255,22,1,8,102,7,0
TCGA-66-2791-01A-01D-0983-08,2,13,1,10,12,220,20,0,7,91,6,0
TCGA-66-2792-01A-01D-0983-08,1,8,1,4,3,102,9,0,4,43,2,0
TCGA-66-2793-01A-01D-1267-08,1,17,1,11,10,244,9,0,8,76,6,1
TCGA-66-2794-01A-01D-1267-08,1,7,0,6,4,128,12,0,4,39,1,1
TCGA-66-2795-01A-02D-0983-08,1,12,1,5,7,231,17,0,5,79,4,1
TCGA-66-2800-01A-01D-1267-08,1,9,1,10,9,145,15,0,3,57,7,1
TCGA-67-3770-01A-01D-0969-08,1,11,0,10,6,162,10,0,10,57,6,0
TCGA-67-3771-01A-01D-1040-01,5,49,6,34,39,788,67,0,17,292,22,1
TCGA-67-3773-01A-01D-1040-01,0,9,0,4,2,81,6,0,0,20,3,0
TCGA-67-3774-01A-01D-1040-01,0,11,0,9,3,81,7,0,2,36,1,0
TCGA-67-4679-01B-01D-1753-08,1,14,2,8,9,206,25,0,5,73,9,0
TCGA-67-6215-01A-11D-1753-08,0,5,1,0,1,96,2,0,5,25,2,0
TCGA-67-6216-01A-11D-1753-08,1,2,0,1,3,27,4,0,0,6,1,0
TCGA-67-6217-01A-11D-1753-08,1,9,0,5,3,150,10,0,3,47,6,0
TCGA-68-7755-01A-11D-2122-08,2,9,1,9,9,209,14,0,5,75,5,0
TCGA-68-7756-01A-11D-2122-08,0,3,1,2,5,76,4,0,1,26,0,0
TCGA-68-7757-01B-11D-2293-08,2,5,2,7,5,252,19,0,3,74,9,0
TCGA-68-8250-01A-11D-2293-08,1,14,1,6,7,238,19,1,3,77,9,0
TCGA-68-8251-01A-11D-2293-08,1,14,2,14,5,238,20,0,1,91,5,0
TCGA-68-A59J-01A-21D-A26M-08,0,13,1,12,10,284,19,0,6,115,8,0
TCGA-69-7760-01A-11D-2167-08,0,3,1,2,1,51,5,0,2,22,1,0
TCGA-69-7761-01A-11D-2167-08,0,2,0,0,2,22,3,0,0,6,1,0
TCGA-69-7763-01A-11D-2167-08,1,3,0,3,4,55,5,0,2,27,0,0
TCGA-69-7764-01A-11D-2167-08,1,5,1,1,3,69,3,0,1,29,3,0
TCGA-69-7765-01A-11D-2167-08,0,16,2,10,10,469,41,1,8,180,10,0
TCGA-69-7973-01A-11D-2184-08,1,6,1,4,5,198,20,0,3,66,5,0
TCGA-69-7974-01A-11D-2184-08,1,16,2,14,18,407,32,0,11,123,15,1
TCGA-69-7978-01A-11D-2184-08,2,24,1,9,14,460,47,0,9,187,13,0
TCGA-69-7979-01A-11D-2184-08,9,55,7,40,35,1114,99,2,30,361,45,3
TCGA-69-7980-01A-11D-2184-08,1,24,6,9,22,613,46,0,10,209,27,4
TCGA-69-8253-01A-11D-2284-08,2,9,2,4,4,117,8,0,11,50,1,1
TCGA-69-8254-01A-11D-2284-08,0,2,1,2,7,58,7,0,2,13,5,0
TCGA-69-8255-01A-11D-2284-08,2,18,1,8,8,222,21,0,9,70,6,0
TCGA-69-A59K-01A-11D-A25L-08,0,34,2,19,19,370,33,0,10,135,15,0
TCGA-6A-AB49-01A-12D-A401-08,2,19,5,8,12,318,25,0,2,89,11,1
TCGA-6D-AA2E-01A-11D-A36X-10,1,6,0,3,4,17,2,0,1,11,0,0
TCGA-70-6722-01A-11D-1817-08,3,16,1,4,6,232,18,0,4,71,7,1
TCGA-70-6723-01A-11D-1817-08,0,2,1,4,3,90,5,0,3,29,3,0
TCGA-71-6725-01A-11D-1855-08,0,3,0,2,3,44,1,0,2,18,0,0
TCGA-71-8520-01A-11D-2393-08,0,4,0,0,2,67,5,0,0,25,2,0
TCGA-73-4658-01A-01D-1753-08,1,16,0,4,8,269,32,1,9,100,7,1
TCGA-73-4659-01A-01D-1265-08,1,16,0,3,6,153,11,0,8,58,6,0
TCGA-73-4662-01A-01D-1265-08,0,10,2,7,8,171,11,0,4,50,4,1
TCGA-73-4666-01A-01D-1265-08,3,15,2,11,9,287,18,0,9,106,11,0
TCGA-73-4668-01A-01D-1265-08,4,24,1,10,18,386,44,2,15,109,16,0
TCGA-73-4670-01A-01D-1265-08,3,24,5,10,15,264,22,0,8,84,6,0
TCGA-73-4675-01A-01D-1265-08,0,5,0,1,1,47,4,0,0,23,3,0
TCGA-73-4676-01A-01D-1753-08,0,5,0,3,1,68,6,0,0,28,1,0
TCGA-73-4677-01A-01D-1265-08,1,12,2,6,9,193,15,0,1,60,5,0
TCGA-73-7498-01A-12D-2184-08,0,5,1,5,4,83,3,0,4,33,1,0
TCGA-73-7499-01A-11D-2184-08,1,2,0,0,2,58,2,0,1,16,1,0
TCGA-73-A9RS-01A-11D-A410-08,5,46,7,20,31,714,57,1,16,247,27,1
TCGA-74-6573-01A-12D-1845-08,0,2,0,3,1,32,2,0,0,14,1,0
TCGA-74-6575-01A-11D-1845-08,0,8,0,0,3,68,3,0,1,37,2,0
TCGA-74-6577-01A-11D-1845-08,0,0,0,0,0,30,2,0,0,7,0,0
TCGA-74-6578-01A-11D-1845-08,0,1,0,1,4,54,2,0,0,16,2,0
TCGA-74-6581-01A-11D-1845-08,0,2,0,4,5,27,3,0,0,13,0,0
TCGA-74-6584-01A-11D-1845-08,0,1,0,0,0,29,0,0,0,11,1,0
TCGA-75-5122-01A-01D-1753-08,0,2,2,2,5,103,3,0,2,46,2,0
TCGA-75-5125-01A-01D-1753-08,0,3,0,5,7,132,8,1,2,47,5,0
TCGA-75-5126-01A-01D-1753-08,0,27,2,12,22,473,43,2,5,180,15,0
TCGA-75-5146-01A-01D-1625-08,0,9,1,8,5,144,12,0,4,52,4,0
TCGA-75-5147-01A-01D-1625-08,0,1,0,1,0,33,1,0,1,8,2,0
TCGA-75-6203-01A-11D-1753-08,0,1,0,1,0,10,0,0,0,7,0,0
TCGA-75-6205-01A-11D-1753-08,0,1,0,3,1,43,3,0,0,9,0,0
TCGA-75-6206-01A-11D-1753-08,0,2,2,4,1,72,7,0,0,20,1,0
TCGA-75-6207-01A-11D-1753-08,1,5,0,2,1,52,5,0,1,17,0,0
TCGA-75-6211-01A-11D-1753-08,3,13,0,10,10,278,26,3,7,84,8,0
TCGA-75-6212-01A-11D-1753-08,0,0,0,0,0,15,1,0,1,4,0,0
TCGA-75-6214-01A-41D-1945-08,2,40,1,11,22,561,43,3,19,183,13,1
TCGA-75-7025-01A-12D-1945-08,0,3,0,0,0,21,2,0,0,11,1,0
TCGA-75-7027-01A-11D-1945-08,0,9,3,15,5,176,12,0,4,74,5,0
TCGA-75-7030-01A-11D-1945-08,0,0,0,0,0,13,1,0,0,3,1,0
TCGA-75-7031-01A-11D-1945-08,3,6,0,6,8,151,13,1,4,64,3,0
TCGA-76-4925-01A-01D-1486-08,0,6,0,1,3,46,1,0,1,19,2,0
TCGA-76-4926-01B-01D-1486-08,0,4,0,1,2,45,2,0,3,14,2,1
TCGA-76-4927-01A-01D-1486-08,1,4,0,1,1,34,2,0,4,17,3,0
TCGA-76-4928-01B-01D-1486-08,0,3,1,2,2,64,2,0,0,19,0,0
TCGA-76-4929-01A-01D-1486-08,0,8,2,2,1,41,2,0,0,27,1,0
TCGA-76-4931-01A-01D-1486-08,0,3,0,1,1,29,5,0,1,18,0,1
TCGA-76-4932-01A-01D-1486-08,1,2,0,0,0,48,2,0,2,18,0,0
TCGA-76-4934-01A-01D-1486-08,1,3,0,1,2,41,5,0,2,12,0,0
TCGA-76-4935-01A-01D-1486-08,0,4,1,1,3,41,2,0,0,15,0,0
TCGA-76-6191-01A-12D-1696-08,0,4,1,1,1,43,2,0,0,14,1,0
TCGA-76-6192-01A-11D-1696-08,0,0,0,0,2,41,3,0,0,18,2,0
TCGA-76-6193-01A-11D-1696-08,0,4,1,0,0,32,4,0,1,13,1,0
TCGA-76-6280-01A-21D-1845-08,0,3,1,3,2,39,4,0,3,13,2,0
TCGA-76-6282-01A-11D-1696-08,0,2,0,1,1,38,2,0,0,13,1,1
TCGA-76-6283-01A-11D-1845-08,0,4,0,8,4,68,6,0,3,25,1,0
TCGA-76-6285-01A-11D-1696-08,1,3,0,1,2,38,4,0,1,19,3,0
TCGA-76-6286-01A-11D-1845-08,1,5,0,0,0,54,4,0,2,24,0,0
TCGA-76-6656-01A-11D-1845-08,0,8,0,1,2,69,3,0,3,29,1,0
TCGA-76-6657-01A-11D-1845-08,1,2,0,3,2,40,2,0,0,14,3,0
TCGA-76-6660-01A-11D-1845-08,0,1,1,1,2,59,6,0,6,27,0,0
TCGA-76-6661-01B-11D-1845-08,0,2,0,3,0,42,5,0,0,18,0,0
TCGA-76-6662-01A-11D-1845-08,1,0,0,0,2,26,3,0,0,11,0,0
TCGA-76-6663-01A-11D-1845-08,0,2,0,1,1,43,2,0,2,20,0,0
TCGA-76-6664-01A-11D-1845-08,0,3,0,3,2,34,3,0,2,14,3,0
TCGA-77-6842-01A-11D-1945-08,1,12,0,6,15,295,22,0,3,92,13,1
TCGA-77-6843-01A-11D-1945-08,3,9,2,2,4,134,11,0,2,51,6,0
TCGA-77-6844-01A-11D-1945-08,1,5,1,6,5,149,7,0,9,59,4,0
TCGA-77-6845-01A-11D-1945-08,2,15,3,4,5,179,11,0,5,65,2,1
TCGA-77-7139-01A-11D-2042-08,1,11,0,10,3,134,15,0,4,54,4,0
TCGA-77-7140-01A-41D-2042-08,0,12,0,4,9,140,4,0,3,51,6,0
TCGA-77-7141-01A-11D-2042-08,2,28,1,15,23,546,33,0,9,203,12,0
TCGA-77-7142-01A-11D-2042-08,0,13,1,2,11,193,21,0,7,72,10,1
TCGA-77-7335-01A-11D-2042-08,0,13,1,4,5,174,11,0,6,72,6,0
TCGA-77-7337-01A-21D-2042-08,0,15,2,14,10,254,17,0,5,98,9,1
TCGA-77-7338-01A-11D-2042-08,0,5,0,0,3,99,7,1,3,48,5,0
TCGA-77-7463-01A-11D-2042-08,2,16,1,15,13,307,12,0,7,102,12,1
TCGA-77-7465-01A-11D-2042-08,2,13,4,6,14,287,32,1,12,103,7,1
TCGA-77-8007-01A-11D-2184-08,1,2,1,4,0,72,7,0,0,28,4,0
TCGA-77-8008-01A-21D-2184-08,0,4,1,1,10,126,10,0,3,58,7,0
TCGA-77-8009-01A-11D-2184-08,1,12,1,5,6,134,8,0,4,36,5,0
TCGA-77-8128-01A-11D-2244-08,3,14,0,9,8,231,17,0,7,83,6,0
TCGA-77-8130-01A-11D-2244-08,0,3,1,2,6,146,8,0,0,59,1,0
TCGA-77-8131-01A-11D-2244-08,0,2,0,0,0,52,3,0,1,27,2,0
TCGA-77-8133-01A-12D-2244-08,2,14,1,8,5,286,25,0,9,110,10,1
TCGA-77-8136-01A-11D-2244-08,2,14,3,12,12,350,25,0,7,130,8,0
TCGA-77-8138-01A-11D-2244-08,0,4,2,1,2,81,5,0,0,28,3,0
TCGA-77-8139-01A-11D-2244-08,1,8,0,2,4,170,9,0,2,57,10,0
TCGA-77-8140-01A-11D-2244-08,0,11,0,17,12,299,12,0,4,96,4,2
TCGA-77-8143-01A-11D-2244-08,0,4,2,2,3,123,8,0,2,37,1,1
TCGA-77-8144-01A-11D-2244-08,1,10,3,7,14,303,26,0,4,103,11,0
TCGA-77-8145-01A-11D-2244-08,0,2,0,3,1,107,11,0,1,24,1,0
TCGA-77-8146-01A-11D-2244-08,0,5,0,3,6,128,6,0,5,47,3,1
TCGA-77-8148-01A-11D-2244-08,1,12,1,9,14,194,15,0,5,74,4,0
TCGA-77-8150-01A-11D-2244-08,0,0,0,4,3,92,8,0,2,37,2,1
TCGA-77-8153-01A-11D-2395-08,3,13,2,7,6,129,8,0,0,49,4,1
TCGA-77-8154-01A-11D-2244-08,0,9,1,9,3,158,13,0,3,55,5,0
TCGA-77-8156-01A-11D-2244-08,1,9,0,9,1,163,9,0,1,74,4,0
TCGA-77-A5FZ-01A-31D-A27K-08,0,0,0,0,0,1,0,0,0,0,0,0
TCGA-77-A5G1-01A-11D-A27K-08,0,13,1,5,5,121,13,0,3,36,4,0
TCGA-77-A5G3-01A-31D-A27K-08,4,15,7,17,20,462,40,0,16,185,8,2
TCGA-77-A5G6-01A-11D-A27K-08,5,16,3,12,14,361,29,1,8,151,13,1
TCGA-77-A5G7-01B-11D-A27K-08,0,4,0,1,4,74,4,0,2,38,1,0
TCGA-77-A5G8-01B-11D-A27K-08,1,11,0,3,5,171,15,1,2,62,5,2
TCGA-77-A5GA-01A-11D-A27K-08,1,9,2,6,4,109,14,0,2,39,7,1
TCGA-77-A5GB-01B-11D-A27K-08,1,8,0,4,8,99,8,0,3,39,1,0
TCGA-77-A5GF-01A-21D-A27K-08,0,3,1,5,2,90,7,0,5,30,3,0
TCGA-77-A5GH-01A-11D-A27K-08,0,9,0,14,8,213,15,1,4,73,5,1
TCGA-78-7145-01A-11D-2036-08,1,5,0,2,5,143,15,0,8,51,7,0
TCGA-78-7146-01A-11D-2036-08,3,11,2,13,21,284,13,1,11,100,5,0
TCGA-78-7147-01A-11D-2036-08,1,14,1,9,9,252,24,0,5,108,4,0
TCGA-78-7148-01A-11D-2036-08,2,10,1,5,4,177,8,0,4,56,6,1
TCGA-78-7149-01A-11D-2036-08,0,10,1,4,8,119,14,0,0,44,0,0
TCGA-78-7150-01A-21D-2036-08,0,12,3,12,12,308,28,0,2,125,7,0
TCGA-78-7152-01A-11D-2036-08,2,14,1,7,3,154,11,0,3,58,2,0
TCGA-78-7153-01A-11D-2036-08,0,5,1,4,2,97,5,0,4,32,6,0
TCGA-78-7154-01A-11D-2036-08,1,14,3,12,10,178,10,0,4,92,3,1
TCGA-78-7155-01A-11D-2036-08,5,57,8,50,44,1174,83,2,31,334,47,3
TCGA-78-7156-01A-11D-2036-08,1,28,0,10,20,245,27,1,4,70,11,0
TCGA-78-7158-01A-11D-2036-08,2,10,0,7,8,181,15,0,3,52,6,0
TCGA-78-7159-01A-11D-2036-08,2,11,2,9,8,230,17,0,4,87,10,0
TCGA-78-7160-01A-11D-2036-08,0,1,0,0,2,29,3,0,0,18,4,0
TCGA-78-7161-01A-11D-2036-08,2,5,1,6,5,143,5,1,2,60,5,1
TCGA-78-7162-01A-21D-2063-08,0,2,0,2,1,66,3,0,1,26,0,0
TCGA-78-7163-01A-12D-2063-08,0,0,0,1,0,19,1,0,0,6,0,0
TCGA-78-7166-01A-12D-2063-08,1,12,0,5,5,163,13,0,2,68,6,0
TCGA-78-7167-01A-11D-2063-08,0,3,2,7,3,85,9,0,6,37,2,0
TCGA-78-7220-01A-11D-2036-08,2,48,5,34,16,615,56,0,16,229,24,1
TCGA-78-7535-01A-11D-2063-08,0,7,0,4,6,128,4,0,6,59,6,0
TCGA-78-7536-01A-11D-2063-08,2,24,4,11,18,447,37,1,13,162,17,2
TCGA-78-7537-01A-11D-2063-08,2,6,1,4,6,106,10,1,1,29,3,0
TCGA-78-7539-01A-11D-2063-08,1,21,2,15,14,368,34,0,8,134,8,0
TCGA-78-7540-01A-11D-2063-08,0,0,0,0,1,23,1,0,0,11,0,0
TCGA-78-7542-01A-21D-2063-08,1,23,5,14,14,280,22,0,5,106,7,0
TCGA-78-7633-01A-11D-2063-08,0,6,1,2,4,84,5,0,2,29,2,0
TCGA-78-8640-01A-11D-2393-08,1,38,5,27,24,548,42,2,17,187,23,0
TCGA-78-8648-01A-11D-2393-08,0,0,0,1,1,11,1,0,0,1,1,0
TCGA-78-8655-01A-11D-2393-08,0,5,0,5,4,80,8,0,3,27,0,0
TCGA-78-8660-01A-11D-2393-08,0,11,1,3,7,185,12,0,2,71,12,0
TCGA-78-8662-01A-11D-2393-08,5,55,10,33,41,870,65,1,20,306,29,5
TCGA-79-5596-01A-31D-1945-08,1,12,1,6,5,136,16,0,6,60,8,0
TCGA-80-5607-01A-31D-1945-08,0,4,2,5,6,90,16,0,1,32,2,0
TCGA-80-5608-01A-31D-1945-08,0,2,1,0,2,128,8,0,5,46,6,1
TCGA-80-5611-01A-01D-1625-08,1,8,0,9,4,165,8,0,3,47,2,0
TCGA-81-5910-01A-11D-1696-08,0,1,0,1,1,35,2,0,2,15,1,0
TCGA-81-5911-01A-12D-1845-08,0,0,0,0,2,25,2,0,1,5,0,0
TCGA-83-5908-01A-21D-2284-08,2,8,1,5,10,177,18,1,2,64,7,0
TCGA-85-6175-01A-11D-1817-08,0,2,1,1,1,29,4,0,0,15,1,0
TCGA-85-6560-01A-11D-1817-08,2,20,1,11,11,336,23,1,13,90,8,2
TCGA-85-6561-01A-11D-1817-08,0,9,0,7,10,188,11,0,2,72,6,0
TCGA-85-6798-01A-11D-1945-08,1,11,0,11,5,213,11,0,5,75,7,2
TCGA-85-7696-01A-11D-2122-08,2,4,0,4,10,161,11,0,2,67,2,0
TCGA-85-7697-01A-11D-2122-08,0,13,1,7,10,218,11,0,2,78,2,0
TCGA-85-7698-01A-11D-2122-08,0,4,0,1,7,103,7,1,1,39,4,0
TCGA-85-7699-01A-11D-2122-08,2,12,1,5,3,143,9,0,6,51,11,0
TCGA-85-7710-01A-11D-2122-08,0,11,1,4,10,152,9,0,5,47,5,0
TCGA-85-7843-01A-11D-2122-08,3,10,1,8,7,185,14,0,2,56,7,0
TCGA-85-7844-01A-11D-2122-08,0,9,1,7,7,131,7,0,4,44,6,0
TCGA-85-7950-01A-11D-2184-08,1,10,1,5,8,211,13,0,3,69,7,0
TCGA-85-8048-01A-11D-2244-08,0,1,0,3,4,106,4,0,0,32,2,0
TCGA-85-8049-01A-11D-2244-08,0,12,3,5,3,162,18,0,3,56,5,0
TCGA-85-8052-01A-11D-2244-08,1,1,0,8,2,98,6,0,1,37,2,0
TCGA-85-8070-01A-11D-2244-08,0,11,0,7,7,180,11,0,4,47,9,1
TCGA-85-8071-01A-11D-2244-08,1,18,1,15,19,279,18,0,5,110,16,0
TCGA-85-8072-01A-31D-2244-08,0,2,0,2,5,151,7,0,3,54,3,0
TCGA-85-8276-01A-11D-2293-08,1,12,1,12,10,212,13,2,3,81,3,1
TCGA-85-8277-01A-11D-2293-08,2,15,1,4,10,172,14,0,3,72,8,0
TCGA-85-8287-01A-11D-2293-08,0,8,0,5,2,207,15,0,1,66,12,1
TCGA-85-8288-01A-11D-2293-08,3,7,1,8,6,171,19,0,5,80,5,0
TCGA-85-8350-01A-11D-2293-08,3,16,2,7,16,220,21,0,6,97,10,2
TCGA-85-8351-01A-11D-2293-08,2,5,0,2,2,108,10,0,3,52,3,0
TCGA-85-8352-01A-31D-2323-08,1,11,0,13,7,203,17,1,6,57,11,0
TCGA-85-8353-01A-21D-2293-08,0,11,0,8,4,141,9,0,1,46,2,0
TCGA-85-8354-01A-31D-2323-08,0,11,0,7,13,159,7,1,3,66,4,0
TCGA-85-8355-01A-11D-2293-08,0,6,1,5,7,166,16,0,6,71,4,0
TCGA-85-8479-01A-11D-2323-08,0,7,1,3,2,84,6,0,0,44,1,0
TCGA-85-8481-01A-11D-2323-08,3,18,1,5,9,227,18,0,11,88,8,0
TCGA-85-8580-01A-31D-2395-08,0,10,1,7,10,203,18,1,8,79,5,0
TCGA-85-8582-01A-21D-2395-08,0,12,2,13,5,261,18,0,5,70,8,0
TCGA-85-8584-01A-11D-2395-08,1,16,2,9,7,186,17,0,6,79,7,0
TCGA-85-8664-01A-11D-2395-08,1,14,3,8,13,164,12,0,4,57,5,0
TCGA-85-8666-01A-11D-2395-08,0,11,1,6,9,183,9,0,3,66,8,0
TCGA-85-A4CL-01A-41D-A26M-08,5,45,3,28,32,601,46,2,20,244,8,0
TCGA-85-A4CN-01A-11D-A24D-08,2,11,1,4,7,138,9,0,2,56,9,0
TCGA-85-A4JB-01A-51D-A25L-08,1,30,7,11,13,367,21,0,7,115,13,1
TCGA-85-A4JC-01A-11D-A257-08,2,11,2,7,12,185,21,0,4,75,6,0
TCGA-85-A4PA-01A-11D-A257-08,0,1,0,1,0,7,0,0,0,4,0,0
TCGA-85-A4QQ-01A-41D-A25L-08,0,19,1,15,16,239,15,0,2,82,7,0
TCGA-85-A4QR-01A-11D-A257-08,1,13,0,8,6,180,13,1,5,47,5,0
TCGA-85-A50M-01A-21D-A25L-08,1,3,0,1,1,56,6,0,2,32,2,0
TCGA-85-A50Z-01A-21D-A25L-08,2,28,3,9,12,348,22,0,11,125,10,1
TCGA-85-A510-01A-11D-A26M-08,0,6,2,7,5,109,6,1,4,41,4,0
TCGA-85-A511-01A-21D-A25L-08,1,20,1,11,6,149,9,2,5,54,6,0
TCGA-85-A512-01A-11D-A26M-08,0,6,0,2,6,123,12,0,6,44,1,0
TCGA-85-A513-01A-12D-A26M-08,0,0,0,1,0,21,1,0,0,5,0,0
TCGA-85-A53L-01A-21D-A26M-08,0,7,1,3,5,164,7,0,2,50,5,0
TCGA-85-A5B5-01A-21D-A26M-08,4,12,3,7,8,294,31,0,7,97,2,1
TCGA-86-6562-01A-11D-1753-08,0,4,1,4,2,45,3,0,2,12,1,0
TCGA-86-6851-01A-11D-1945-08,3,31,1,23,21,693,56,0,19,222,22,3
TCGA-86-7701-01A-11D-2167-08,0,7,4,7,4,164,8,0,2,50,2,0
TCGA-86-7711-01A-11D-2063-08,0,8,1,3,5,159,16,0,5,72,3,0
TCGA-86-7713-01A-11D-2063-08,0,10,1,4,2,116,11,0,1,37,3,1
TCGA-86-7714-01A-12D-2167-08,0,3,0,0,1,59,3,0,2,23,0,0
TCGA-86-7953-01A-11D-2184-08,0,4,0,1,0,44,3,0,1,12,0,0
TCGA-86-7954-01A-11D-2184-08,0,8,1,7,5,162,14,0,6,81,5,1
TCGA-86-7955-01A-11D-2184-08,1,7,0,6,8,236,20,0,9,81,7,2
TCGA-86-8054-01A-11D-2238-08,1,13,1,8,4,173,13,1,7,51,3,0
TCGA-86-8055-01A-11D-2238-08,0,2,0,2,1,40,1,0,1,16,0,0
TCGA-86-8056-01A-11D-2238-08,0,7,0,6,4,232,15,0,3,70,3,0
TCGA-86-8073-01A-11D-2238-08,5,54,6,31,36,1151,93,2,19,411,35,2
TCGA-86-8074-01A-11D-2238-08,0,0,0,1,1,53,4,0,1,17,2,0
TCGA-86-8075-01A-11D-2238-08,0,4,0,1,0,42,0,0,0,14,1,0
TCGA-86-8076-01A-31D-2238-08,0,0,0,0,0,59,4,0,2,18,1,0
TCGA-86-8278-01A-11D-2284-08,0,4,0,10,4,80,9,0,1,33,3,0
TCGA-86-8279-01A-11D-2284-08,2,24,2,11,20,392,30,1,9,132,13,0
TCGA-86-8280-01A-11D-2284-08,0,2,0,1,1,42,0,0,0,9,0,0
TCGA-86-8281-01A-11D-2284-08,0,24,0,12,10,188,20,1,1,75,6,0
TCGA-86-8358-01A-11D-2323-08,8,68,13,38,37,810,79,2,19,280,22,0
TCGA-86-8359-01A-11D-2323-08,1,7,0,5,5,122,6,0,2,48,4,0
TCGA-86-8585-01A-11D-2393-08,1,25,4,20,15,454,29,0,7,135,17,3
TCGA-86-8668-01A-11D-2393-08,0,3,0,1,1,28,3,0,0,9,0,0
TCGA-86-8669-01A-11D-2393-08,0,6,0,5,3,99,6,0,1,48,2,0
TCGA-86-8671-01A-11D-2393-08,0,0,0,0,0,31,2,0,0,14,0,0
TCGA-86-8672-01A-21D-2393-08,0,7,2,14,8,217,19,0,10,91,7,1
TCGA-86-8673-01A-11D-2393-08,4,20,6,10,14,365,40,0,7,129,9,1
TCGA-86-8674-01A-21D-2393-08,2,18,1,8,9,218,28,0,3,87,8,0
TCGA-86-A456-01A-11D-A24D-08,1,13,2,6,8,279,28,0,6,101,8,0
TCGA-86-A4JF-01A-11D-A24P-08,6,74,4,30,41,986,59,0,20,401,25,0
TCGA-86-A4P7-01A-11D-A24P-08,1,3,0,3,2,53,6,0,3,11,2,0
TCGA-86-A4P8-01A-11D-A24P-08,0,1,0,0,0,0,0,0,0,1,0,0
TCGA-87-5896-01A-01D-1696-08,0,3,1,1,0,33,8,0,0,24,1,0
TCGA-90-7766-01A-21D-2122-08,0,8,0,2,3,89,4,1,3,22,3,0
TCGA-90-7767-01A-11D-2122-08,0,5,0,2,4,87,3,0,3,33,1,0
TCGA-90-7769-01A-11D-2122-08,0,20,4,14,9,415,28,2,11,117,9,0
TCGA-90-7964-01A-21D-2184-08,5,23,5,13,12,376,18,0,8,128,7,0
TCGA-90-A4ED-01A-31D-A257-08,6,105,16,66,58,1460,75,1,41,892,15,5
TCGA-90-A4EE-01A-11D-A257-08,1,22,2,9,12,273,29,0,4,91,8,2
TCGA-90-A59Q-01A-11D-A26M-08,4,17,2,7,8,210,17,0,1,80,8,0
TCGA-91-6828-01A-11D-1855-08,2,10,1,4,12,227,18,0,3,56,3,0
TCGA-91-6829-01A-21D-1855-08,1,41,5,16,18,486,42,0,11,161,20,4
TCGA-91-6830-01A-11D-1945-08,1,11,0,5,7,187,14,0,4,80,6,0
TCGA-91-6831-01A-11D-1855-08,0,9,1,8,5,223,9,0,7,69,9,0
TCGA-91-6835-01A-11D-1855-08,0,4,1,2,1,69,7,0,2,26,1,0
TCGA-91-6836-01A-21D-1855-08,0,20,4,15,16,341,33,1,14,120,14,1
TCGA-91-6840-01A-11D-1945-08,1,4,1,1,8,90,4,0,2,29,2,0
TCGA-91-6847-01A-11D-1945-08,0,6,1,6,4,50,6,0,2,29,1,0
TCGA-91-6848-01A-11D-1945-08,6,23,3,10,9,455,31,2,12,171,18,1
TCGA-91-6849-01A-11D-1945-08,0,7,1,4,3,80,6,1,4,29,5,1
TCGA-91-7771-01A-11D-2167-08,0,7,0,5,5,165,8,0,3,54,3,1
TCGA-91-8496-01A-11D-2393-08,0,1,0,0,1,23,4,0,2,10,0,0
TCGA-91-8497-01A-11D-2393-08,0,2,0,2,2,34,1,0,1,14,0,0
TCGA-91-8499-01A-11D-2393-08,0,21,3,11,12,233,23,0,6,80,4,2
TCGA-91-A4BC-01A-11D-A24D-08,3,21,0,9,11,344,29,0,7,124,15,0
TCGA-91-A4BD-01A-11D-A24D-08,1,0,0,3,1,14,1,0,0,7,0,0
TCGA-92-7340-01A-21D-2042-08,0,26,2,24,18,324,19,0,6,129,9,0
TCGA-92-7341-01A-31D-2042-08,0,5,1,2,6,133,9,0,3,52,4,0
TCGA-92-8063-01A-11D-2244-08,2,8,0,7,15,298,15,1,6,81,7,0
TCGA-92-8064-01A-11D-2244-08,0,11,0,7,7,162,15,0,7,58,5,1
TCGA-92-8065-01A-11D-2244-08,1,10,2,11,12,201,22,0,2,93,2,0
TCGA-93-7347-01A-11D-2184-08,2,4,0,2,2,90,7,0,4,30,2,0
TCGA-93-7348-01A-21D-2036-08,0,1,0,3,5,88,5,1,5,21,3,1
TCGA-93-8067-01A-11D-2284-08,7,15,3,23,19,390,37,0,10,158,10,2
TCGA-93-A4JN-01A-11D-A24P-08,0,4,0,4,2,60,7,0,0,21,0,0
TCGA-93-A4JO-01A-21D-A24P-08,0,2,0,0,1,43,7,0,0,11,1,0
TCGA-93-A4JP-01A-11D-A24P-08,1,2,0,2,2,46,6,0,2,21,0,0
TCGA-93-A4JQ-01A-11D-A24P-08,1,2,0,0,5,95,6,1,2,32,1,0
TCGA-94-7033-01A-11D-1945-08,0,5,0,2,2,106,6,2,1,30,1,1
TCGA-94-7557-01A-11D-2122-08,0,12,1,2,4,72,5,0,1,41,1,0
TCGA-94-7943-01A-11D-2184-08,0,5,0,3,5,152,15,0,3,67,3,0
TCGA-94-8035-01A-11D-2244-08,0,6,0,0,0,158,9,0,2,69,7,0
TCGA-94-8490-01A-11D-2323-08,2,56,7,32,30,661,33,3,17,271,21,1
TCGA-94-8491-01A-11D-2323-08,0,34,3,15,12,416,38,1,13,132,15,0
TCGA-94-A4VJ-01A-11D-A257-08,0,15,1,16,12,324,25,1,8,103,7,0
TCGA-94-A5I4-01A-11D-A26M-08,1,21,1,7,7,185,17,0,6,62,5,1
TCGA-94-A5I6-01A-21D-A27K-08,2,8,1,5,7,135,4,0,6,41,5,0
TCGA-95-7039-01A-11D-1945-08,6,53,3,21,32,971,84,0,21,323,26,2
TCGA-95-7043-01A-11D-1945-08,4,33,5,20,25,839,73,1,18,275,26,0
TCGA-95-7562-01A-11D-2238-08,0,16,2,9,10,308,25,0,8,75,8,0
TCGA-95-7567-01A-11D-2063-08,2,47,5,18,20,705,44,2,11,264,24,1
TCGA-95-7944-01A-11D-2184-08,1,11,1,9,12,182,12,1,1,74,3,0
TCGA-95-7947-01A-11D-2184-08,0,20,5,15,14,414,25,2,6,153,11,0
TCGA-95-7948-01A-11D-2184-08,0,4,1,5,4,123,14,0,3,27,2,0
TCGA-95-8039-01A-11D-2238-08,0,1,0,4,3,74,4,0,0,30,2,0
TCGA-95-8494-01A-11D-2323-08,0,5,0,1,3,77,7,0,1,36,3,0
TCGA-95-A4VK-01A-11D-A25L-08,1,11,1,8,7,193,13,0,12,63,9,0
TCGA-95-A4VN-01A-11D-A25L-08,0,25,4,9,22,355,36,1,5,121,11,2
TCGA-95-A4VP-01A-21D-A25L-08,0,8,0,4,3,99,3,0,3,37,3,1
TCGA-96-7544-01A-11D-2042-08,7,12,2,10,9,309,31,1,9,97,11,0
TCGA-96-7545-01A-21D-2042-08,0,2,1,5,5,90,5,0,4,32,5,0
TCGA-96-8169-01A-11D-2293-08,0,7,1,2,10,121,14,0,1,52,6,0
TCGA-96-8170-01A-11D-2293-08,1,11,0,8,7,202,17,0,9,70,4,2
TCGA-96-A4JK-01A-11D-A257-08,3,29,3,18,17,383,26,2,8,132,12,1
TCGA-96-A4JL-01A-11D-A257-08,0,2,0,2,1,46,4,0,1,15,1,0
TCGA-97-7546-01A-11D-2036-08,2,18,1,7,6,212,19,1,5,74,7,0
TCGA-97-7547-01A-11D-2036-08,2,5,0,7,4,131,11,0,5,57,4,0
TCGA-97-7552-01A-11D-2036-08,0,0,0,0,1,24,1,0,2,18,1,0
TCGA-97-7553-01A-21D-2036-08,0,0,0,2,3,29,5,0,0,11,1,0
TCGA-97-7554-01A-11D-2036-08,1,17,2,17,16,347,24,0,4,122,8,1
TCGA-97-7937-01A-11D-2167-08,0,12,2,11,13,367,35,1,7,106,10,0
TCGA-97-7938-01A-11D-2167-08,1,17,3,14,7,311,28,0,6,107,11,0
TCGA-97-7941-01A-11D-2184-08,0,4,1,2,2,70,9,0,2,30,1,0
TCGA-97-8171-01A-11D-2284-08,0,3,0,2,0,43,4,0,0,14,1,0
TCGA-97-8172-01A-11D-2284-08,0,10,0,13,3,198,22,0,4,72,8,1
TCGA-97-8174-01A-11D-2284-08,3,7,1,2,7,133,12,0,0,44,4,0
TCGA-97-8175-01A-11D-2284-08,1,1,1,2,1,23,2,0,2,8,0,0
TCGA-97-8176-01A-11D-2393-08,0,6,1,4,7,110,14,1,3,47,4,0
TCGA-97-8177-01A-11D-2284-08,1,1,0,1,0,29,0,0,0,14,1,0
TCGA-97-8179-01A-11D-2284-08,0,7,2,9,4,123,10,1,5,41,6,0
TCGA-97-8547-01A-11D-2393-08,0,2,2,0,0,44,4,0,0,17,1,0
TCGA-97-8552-01A-11D-2393-08,2,1,0,1,0,17,3,0,0,4,1,0
TCGA-97-A4LX-01A-11D-A24P-08,0,9,2,5,4,132,11,1,4,50,1,0
TCGA-97-A4M0-01A-11D-A24P-08,1,31,4,9,9,299,22,0,3,110,12,0
TCGA-97-A4M1-01A-11D-A24P-08,1,4,0,0,2,37,1,0,0,10,0,0
TCGA-97-A4M2-01A-12D-A24P-08,0,0,0,0,0,25,1,0,0,6,0,0
TCGA-97-A4M3-01A-11D-A24P-08,1,9,0,6,9,168,9,1,4,37,6,0
TCGA-97-A4M5-01A-11D-A24P-08,0,4,1,3,4,115,22,0,2,37,2,0
TCGA-97-A4M6-01A-11D-A24P-08,0,3,0,0,2,23,1,0,0,12,1,0
TCGA-97-A4M7-01A-11D-A24P-08,0,14,0,5,13,235,11,1,2,93,9,1
TCGA-98-7454-01A-11D-2042-08,1,8,0,4,8,166,12,0,4,53,5,0
TCGA-98-8020-01A-11D-2244-08,0,3,0,2,0,86,0,0,1,25,1,0
TCGA-98-8021-01A-11D-2244-08,3,22,4,20,24,812,68,0,5,311,18,3
TCGA-98-8022-01A-11D-2244-08,0,5,1,7,8,189,15,1,4,70,7,0
TCGA-98-8023-01A-11D-2244-08,1,5,0,5,3,147,12,0,4,69,4,1
TCGA-98-A538-01A-11D-A25L-08,3,56,4,18,22,497,42,1,14,165,20,0
TCGA-98-A539-01A-31D-A25L-08,0,10,0,9,9,137,11,1,2,44,4,1
TCGA-98-A53A-01A-11D-A25L-08,2,19,1,8,16,237,12,1,4,77,13,1
TCGA-98-A53B-01A-11D-A25L-08,0,11,2,6,2,116,12,0,3,35,3,0
TCGA-98-A53C-01A-11D-A25L-08,0,1,1,0,0,2,0,0,0,0,0,0
TCGA-98-A53H-01A-12D-A25L-08,0,2,0,1,1,27,0,0,0,5,1,0
TCGA-98-A53I-01A-31D-A25L-08,2,32,6,12,16,278,22,0,6,104,11,0
TCGA-98-A53J-01A-11D-A26M-08,0,10,0,4,1,85,4,1,3,34,2,0
TCGA-99-7458-01A-11D-2036-08,1,20,2,11,11,357,31,1,6,126,11,0
TCGA-99-8025-01A-11D-2238-08,2,16,3,14,12,390,21,2,10,120,8,1
TCGA-99-8028-01A-11D-2238-08,1,14,0,11,5,334,26,1,5,119,24,2
TCGA-99-8032-01A-11D-2238-08,1,15,2,4,13,295,41,0,4,104,11,2
TCGA-99-8033-01A-11D-2238-08,1,4,2,5,5,136,17,0,1,50,2,0
TCGA-99-AA5R-01A-11D-A397-08,0,3,0,0,2,44,8,0,1,14,1,0
TCGA-A1-A0SB-01A-11D-A142-09,0,0,0,0,1,12,0,0,0,3,0,0
TCGA-A1-A0SD-01A-11D-A10Y-09,0,2,0,1,1,28,1,0,0,7,0,0
TCGA-A1-A0SE-01A-11D-A099-09,0,1,0,0,0,22,3,0,0,10,0,0
TCGA-A1-A0SF-01A-11D-A142-09,1,2,0,1,1,41,3,0,0,14,1,0
TCGA-A1-A0SG-01A-11D-A142-09,0,1,0,0,1,25,1,0,0,7,0,0
TCGA-A1-A0SH-01A-11D-A099-09,0,9,0,4,9,78,8,0,1,28,1,0
TCGA-A1-A0SI-01A-11D-A142-09,0,11,2,11,11,149,18,0,3,66,6,1
TCGA-A1-A0SJ-01A-11D-A099-09,0,2,0,0,1,27,2,0,0,8,0,0
TCGA-A1-A0SK-01A-12D-A099-09,1,4,0,1,3,53,2,0,2,17,1,0
TCGA-A1-A0SM-01A-11D-A099-09,0,1,1,0,1,15,2,0,1,11,0,0
TCGA-A1-A0SN-01A-11D-A142-09,1,5,1,2,2,45,3,0,1,15,1,0
TCGA-A1-A0SO-01A-22D-A099-09,1,14,3,9,7,223,13,0,4,75,4,0
TCGA-A1-A0SP-01A-11D-A099-09,0,2,1,2,1,42,5,0,2,14,1,0
TCGA-A2-A04N-01A-11D-A10Y-09,0,1,0,2,1,33,2,0,0,12,2,0
TCGA-A2-A04R-01A-41D-A117-09,0,6,1,3,1,62,4,0,0,21,4,0
TCGA-A2-A04U-01A-11D-A10Y-09,0,3,1,2,0,45,0,0,1,15,0,0
TCGA-A2-A04W-01A-31D-A10Y-09,1,8,1,5,2,105,15,0,4,42,4,0
TCGA-A2-A0CK-01A-11D-A228-09,0,7,0,0,1,8,1,0,0,10,0,0
TCGA-A2-A0CL-01A-11D-A10Y-09,1,9,1,6,6,104,19,0,3,50,1,0
TCGA-A2-A0CR-01A-11D-A228-09,2,29,2,9,8,110,7,0,3,38,2,0
TCGA-A2-A0CS-01A-11D-A10Y-09,0,4,1,3,3,20,2,0,1,13,1,0
TCGA-A2-A0CV-01A-31D-A10Y-09,0,0,0,0,1,17,2,0,0,4,0,0
TCGA-A2-A0CW-01A-21D-A10Y-09,2,4,0,1,4,50,2,0,2,19,0,0
TCGA-A2-A0D3-01A-11D-A10Y-09,0,2,0,0,0,17,4,0,1,8,0,0
TCGA-A2-A0EN-01A-13D-A099-09,0,2,0,0,2,25,1,0,0,8,1,0
TCGA-A2-A0EP-01A-52D-A22X-09,0,5,0,0,1,6,1,0,2,1,0,0
TCGA-A2-A0ES-01A-11D-A10Y-09,0,0,0,0,0,11,0,0,0,8,0,0
TCGA-A2-A0EW-01A-21D-A10Y-09,0,2,0,0,1,13,0,0,0,3,1,0
TCGA-A2-A0ST-01A-12D-A099-09,0,0,0,0,1,12,3,0,0,12,0,0
TCGA-A2-A0SU-01A-11D-A099-09,0,2,0,1,1,20,2,0,0,6,3,0
TCGA-A2-A0SX-01A-12D-A099-09,2,3,0,1,2,19,2,0,0,11,1,0
TCGA-A2-A0SY-01A-31D-A099-09,0,10,0,3,8,100,9,0,2,44,1,0
TCGA-A2-A0T0-01A-22D-A099-09,1,11,1,5,6,130,11,0,1,44,7,0
TCGA-A2-A0T1-01A-21D-A099-09,0,3,0,0,0,20,0,0,0,9,0,0
TCGA-A2-A0T3-01A-21D-A10Y-09,1,2,0,1,2,22,3,0,0,13,0,0
TCGA-A2-A0T4-01A-31D-A099-09,0,0,0,0,3,24,1,0,0,11,2,0
TCGA-A2-A0T5-01A-21D-A099-09,0,0,0,0,0,11,0,0,0,2,0,0
TCGA-A2-A0T6-01A-11D-A099-09,0,0,2,2,0,15,1,0,0,8,0,0
TCGA-A2-A0T7-01A-21D-A099-09,0,2,0,0,1,16,2,0,0,6,2,0
TCGA-A2-A0YC-01A-11D-A117-09,0,2,1,1,4,19,0,0,1,4,0,0
TCGA-A2-A0YD-01A-11D-A10G-09,0,3,0,5,4,47,2,0,1,24,1,0
TCGA-A2-A0YE-01A-11D-A10G-09,0,6,0,2,0,19,4,0,1,11,0,0
TCGA-A2-A0YF-01A-21D-A10G-09,0,2,1,1,1,17,1,1,2,13,0,0
TCGA-A2-A0YG-01A-21D-A10G-09,0,3,0,1,2,43,4,0,1,22,2,0
TCGA-A2-A0YH-01A-11D-A10G-09,0,4,0,0,7,57,5,1,3,22,1,0
TCGA-A2-A0YI-01A-31D-A10M-09,0,1,0,0,0,9,1,0,0,6,1,0
TCGA-A2-A0YJ-01A-11D-A10G-09,0,3,1,1,2,66,4,0,0,18,2,1
TCGA-A2-A0YK-01A-22D-A117-09,1,20,1,13,23,267,27,2,3,116,4,1
TCGA-A2-A0YL-01A-21D-A10G-09,0,3,0,2,2,17,5,0,0,14,0,0
TCGA-A2-A0YM-01A-11D-A10G-09,0,9,0,1,4,66,6,0,0,22,1,0
TCGA-A2-A0YT-01A-11D-A10G-09,0,4,0,2,3,47,5,0,1,18,1,0
TCGA-A2-A1FV-01A-11D-A13L-09,0,0,1,1,3,30,3,0,2,10,0,0
TCGA-A2-A1FW-01A-11D-A13L-09,0,2,0,3,1,53,4,0,1,29,2,0
TCGA-A2-A1FX-01A-11D-A13L-09,0,0,0,2,1,18,2,0,0,5,0,0
TCGA-A2-A1FZ-01A-51D-A17G-09,0,0,0,1,2,17,2,0,0,6,1,0
TCGA-A2-A1G0-01A-11D-A13L-09,0,2,1,0,0,14,2,0,0,3,1,0
TCGA-A2-A1G1-01A-21D-A13L-09,0,2,1,3,1,20,0,0,1,10,1,0
TCGA-A2-A1G6-01A-11D-A13L-09,0,0,0,0,0,7,0,0,0,2,1,0
TCGA-A2-A259-01A-11D-A16D-09,0,2,0,0,0,16,2,1,2,6,0,0
TCGA-A2-A25A-01A-12D-A16D-09,0,5,0,3,5,77,10,0,1,27,1,0
TCGA-A2-A25B-01A-11D-A167-09,3,3,1,4,2,76,4,0,3,29,3,0
TCGA-A2-A25C-01A-11D-A167-09,0,1,0,0,2,27,1,0,0,5,3,0
TCGA-A2-A25D-01A-12D-A16D-09,0,3,0,1,1,36,3,0,0,17,3,0
TCGA-A2-A25E-01A-11D-A167-09,0,2,1,2,1,39,3,0,3,9,1,0
TCGA-A2-A25F-01A-11D-A167-09,0,0,0,1,1,2,1,0,0,1,0,0
TCGA-A2-A3KD-01A-12D-A20S-09,0,4,0,0,0,6,0,0,1,5,1,1
TCGA-A2-A3XT-01A-11D-A22X-09,0,26,0,8,4,57,3,0,4,15,4,1
TCGA-A2-A3XU-01A-12D-A22X-09,0,8,1,1,1,13,1,0,1,5,0,0
TCGA-A2-A3XV-01A-21D-A23C-09,1,7,0,1,1,28,3,0,1,4,2,0
TCGA-A2-A3XW-01A-11D-A23C-09,0,7,0,0,2,5,1,0,0,2,0,0
TCGA-A2-A3XX-01A-21D-A23C-09,2,7,0,2,3,26,0,0,1,8,3,0
TCGA-A2-A3XZ-01A-42D-A23C-09,1,7,0,1,2,27,1,0,2,10,1,0
TCGA-A2-A3Y0-01A-11D-A23C-09,1,32,3,13,9,131,9,0,3,40,2,0
TCGA-A2-A4S1-01A-21D-A25Q-09,1,12,0,5,4,59,4,0,3,9,1,0
TCGA-A2-A4S2-01A-12D-A25Q-09,0,7,0,3,0,21,4,0,1,7,0,0
TCGA-A2-A4S3-01A-21D-A25Q-09,3,18,2,7,3,46,3,0,1,22,1,1
TCGA-A3-3308-01A-01D-0966-08,0,5,0,3,1,53,3,0,0,21,1,0
TCGA-A3-3311-01A-01D-0966-08,0,3,0,3,1,41,1,0,1,11,1,0
TCGA-A3-3313-01A-01D-0966-08,0,6,1,3,2,70,4,0,2,20,3,0
TCGA-A3-3316-01A-01D-0966-08,0,2,0,3,0,32,2,0,0,3,0,0
TCGA-A3-3317-01A-01D-0966-08,0,6,1,3,4,46,6,0,0,23,1,0
TCGA-A3-3319-01A-01D-0966-08,1,11,0,1,5,55,4,0,0,19,0,0
TCGA-A3-3320-01A-01D-0966-08,1,5,0,4,4,50,11,0,2,23,1,0
TCGA-A3-3322-01A-01D-0966-08,1,2,0,1,2,34,2,0,0,14,2,0
TCGA-A3-3323-01A-01D-0966-08,0,4,0,2,0,26,5,0,0,14,2,0
TCGA-A3-3326-01A-01D-0966-08,0,5,0,4,0,29,3,0,0,19,2,0
TCGA-A3-3346-01A-01D-0966-08,0,2,1,5,1,64,3,0,1,25,3,0
TCGA-A3-3347-01A-02D-1386-10,0,2,0,2,0,27,1,0,1,11,0,0
TCGA-A3-3349-01A-01D-1251-10,0,4,0,0,2,32,1,0,1,7,0,0
TCGA-A3-3357-01A-02D-1421-08,0,6,0,0,5,69,4,0,1,28,1,0
TCGA-A3-3358-01A-01D-1534-10,0,5,0,4,3,49,5,0,1,22,1,0
TCGA-A3-3362-01A-02D-1386-10,0,3,0,0,2,36,0,0,0,9,1,0
TCGA-A3-3363-01A-01D-0966-08,2,3,0,2,1,39,1,0,1,9,0,0
TCGA-A3-3365-01A-01D-0966-08,0,4,0,0,0,29,1,0,0,6,2,0
TCGA-A3-3367-01A-02D-1421-08,0,7,0,3,2,49,2,0,0,17,1,0
TCGA-A3-3370-01A-02D-1421-08,0,2,0,1,0,28,3,0,1,10,0,0
TCGA-A3-3373-01A-02D-1421-08,0,2,0,2,4,39,3,0,2,15,1,1
TCGA-A3-3374-01A-01D-0966-08,0,2,0,0,0,12,0,0,0,7,2,0
TCGA-A3-3376-01A-02D-1421-08,0,3,0,1,4,46,0,0,0,13,2,0
TCGA-A3-3378-01A-01D-0966-08,0,5,0,6,5,45,1,0,0,19,0,0
TCGA-A3-3380-01A-01D-0966-08,0,1,0,1,1,25,1,0,0,7,1,0
TCGA-A3-3382-01A-01D-0966-08,0,7,0,5,5,67,8,0,2,16,1,0
TCGA-A3-3383-01A-01D-0966-08,0,1,0,1,1,30,3,0,3,14,2,0
TCGA-A3-3385-01A-02D-1421-08,0,4,0,3,2,42,3,0,0,14,2,0
TCGA-A3-3387-01A-01D-1534-10,1,4,0,4,2,60,5,0,3,18,3,0
TCGA-A3-A6NI-01A-11D-A33K-10,1,2,0,3,4,48,2,0,1,21,3,0
TCGA-A3-A6NJ-01A-12D-A33K-10,0,5,0,1,5,37,5,0,0,11,1,0
TCGA-A3-A6NL-01A-11D-A33K-10,0,2,0,1,1,28,4,0,1,16,1,0
TCGA-A3-A6NN-01A-12D-A33K-10,0,6,0,6,3,78,6,0,1,19,0,0
TCGA-A3-A8CQ-01A-11D-A36X-10,0,5,0,3,6,27,1,0,1,23,0,0
TCGA-A3-A8OU-01A-11D-A36X-10,1,7,0,3,5,64,2,0,0,18,1,0
TCGA-A3-A8OV-01A-11D-A36X-10,1,16,0,4,5,106,7,0,0,37,2,0
TCGA-A3-A8OW-01A-11D-A36X-10,0,2,0,4,0,27,1,0,0,5,0,0
TCGA-A3-A8OX-01A-11D-A36X-10,0,8,0,1,0,35,4,0,1,16,0,0
TCGA-A4-7286-01A-11D-2136-08,0,2,0,0,1,28,1,1,1,11,1,0
TCGA-A4-7287-01A-11D-2136-08,0,1,0,2,1,32,2,0,1,12,1,0
TCGA-A4-7288-01A-11D-2136-08,0,4,2,4,3,46,1,0,0,16,4,2
TCGA-A4-7583-01A-11D-2136-08,0,2,0,0,2,41,2,0,0,14,1,0
TCGA-A4-7584-01A-11D-2136-08,0,6,0,3,3,46,3,0,0,18,4,0
TCGA-A4-7585-01A-11D-2136-08,0,2,0,5,2,51,7,0,2,15,3,0
TCGA-A4-7732-01A-11D-2136-08,0,1,0,1,2,38,1,0,1,7,2,0
TCGA-A4-7734-01A-11D-2136-08,0,5,0,2,2,31,3,0,1,11,2,0
TCGA-A4-7828-01A-11D-2136-08,0,1,0,0,2,21,2,0,0,6,1,0
TCGA-A4-7915-01A-11D-2201-08,0,2,0,0,0,20,1,0,0,5,1,0
TCGA-A4-7996-01A-11D-2201-08,0,5,0,3,6,50,2,0,0,23,1,0
TCGA-A4-7997-01A-11D-2201-08,0,4,1,4,3,52,1,0,1,19,1,1
TCGA-A4-8098-01A-11D-2396-08,1,2,0,4,4,55,1,0,1,24,4,0
TCGA-A4-8310-01A-11D-2396-08,0,5,0,1,3,53,2,0,1,20,0,0
TCGA-A4-8311-01A-11D-2396-08,2,9,1,1,1,31,1,0,1,19,2,0
TCGA-A4-8312-01A-11D-2396-08,0,0,0,0,0,10,1,0,0,5,1,0
TCGA-A4-8515-01A-11D-2396-08,0,2,1,1,1,38,4,0,1,12,0,1
TCGA-A4-8517-01A-11D-2396-08,0,2,0,3,8,53,3,0,1,28,1,0
TCGA-A4-8630-01A-11D-2396-08,0,2,1,1,5,37,1,0,0,12,3,0
TCGA-A4-A48D-01A-11D-A25F-10,0,9,0,3,4,62,3,0,2,30,2,1
TCGA-A4-A4ZT-01A-11D-A26P-10,1,4,0,1,4,39,2,0,0,11,1,0
TCGA-A4-A57E-01A-11D-A26P-10,2,5,0,0,4,54,3,0,0,20,0,0
TCGA-A4-A5DU-01A-11D-A28G-10,0,2,0,1,2,26,1,0,0,5,1,0
TCGA-A4-A5XZ-01A-11D-A31X-10,0,7,0,4,1,41,2,0,0,12,1,0
TCGA-A4-A5Y0-01A-11D-A31X-10,1,5,0,4,4,46,2,0,0,9,2,0
TCGA-A4-A5Y1-01A-11D-A28G-10,0,6,0,2,5,48,6,0,1,19,1,0
TCGA-A4-A6HP-01A-11D-A31X-10,1,10,0,8,5,70,1,0,1,24,2,0
TCGA-A4-A772-01A-11D-A33Q-10,0,6,1,1,1,31,2,0,0,17,1,1
TCGA-A4-A7UZ-01A-12D-A34Z-10,1,7,0,3,3,40,1,0,1,19,3,0
TCGA-A5-A0G1-01A-11D-A122-09,73,950,68,402,462,9516,796,3,236,3567,321,14
TCGA-A5-A0GQ-01A-11D-A122-09,0,3,0,1,1,44,4,0,4,25,0,0
TCGA-A5-A0R6-01A-11D-A10B-09,1,1,1,2,3,39,3,0,2,14,0,0
TCGA-A5-A0R7-01A-31D-A10B-09,0,3,0,3,1,53,4,0,1,26,1,0
TCGA-A5-A0R8-01A-11D-A10B-09,0,1,0,2,2,57,5,0,0,17,3,0
TCGA-A5-A0R9-01A-11D-A10B-09,0,4,0,2,2,36,1,0,1,9,0,0
TCGA-A5-A0RA-01A-21D-A10B-09,0,5,1,1,0,62,2,0,0,14,0,0
TCGA-A5-A0VO-01A-21D-A10G-09,0,3,0,2,3,48,6,0,1,27,2,0
TCGA-A5-A0VP-01A-21D-A10B-09,10,105,5,31,39,1287,85,1,15,576,30,2
TCGA-A5-A0VQ-01A-11D-A10B-09,2,25,1,10,14,260,16,0,4,108,10,0
TCGA-A5-A1OF-01A-11D-A14G-09,228,2780,106,408,647,9377,630,6,340,3684,269,10
TCGA-A5-A1OG-01A-11D-A14G-09,0,2,0,1,2,34,2,0,0,6,0,0
TCGA-A5-A1OH-01A-21D-A228-09,5,29,1,4,9,96,6,0,3,38,3,0
TCGA-A5-A1OJ-01A-11D-A14G-09,0,3,1,2,2,39,3,0,3,14,0,1
TCGA-A5-A1OK-01A-11D-A14K-09,2,8,2,1,1,52,3,1,1,13,0,0
TCGA-A5-A2K2-01A-11D-A18P-09,2,28,3,8,5,101,9,0,0,30,4,0
TCGA-A5-A2K3-01A-11D-A17W-09,17,260,14,43,58,1071,60,0,36,514,20,2
TCGA-A5-A2K4-01A-11D-A18P-09,1,7,0,2,1,26,0,0,1,12,0,0
TCGA-A5-A2K5-01A-11D-A17W-09,230,3144,75,314,561,7146,1084,10,348,1983,164,5
TCGA-A5-A2K7-01A-11D-A17W-09,11,137,8,24,26,415,27,0,13,211,9,1
TCGA-A5-A3LO-01A-11D-A228-09,0,5,1,5,0,24,1,0,0,8,0,0
TCGA-A5-A3LP-01A-11D-A228-09,0,8,0,2,3,40,1,0,3,16,1,0
TCGA-A5-A7WK-01A-11D-A34Q-09,0,23,1,9,7,54,1,0,1,19,0,0
TCGA-A5-AB3J-01A-11D-A403-09,0,7,0,1,0,32,3,0,1,11,2,0
TCGA-A6-2671-01A-01D-1408-10,0,1,1,2,2,50,2,0,0,36,0,0
TCGA-A6-2674-01A-02D-A270-10,0,7,1,3,6,95,5,0,4,44,1,1
TCGA-A6-2675-01A-02D-1719-10,1,8,0,5,2,77,4,0,2,41,0,0
TCGA-A6-2677-01A-01D-A270-10,2,13,2,10,6,104,8,0,4,49,1,0
TCGA-A6-2681-01A-01D-1408-10,0,9,1,5,5,117,5,0,3,36,1,0
TCGA-A6-2684-01A-01D-A270-10,1,10,0,2,2,89,4,0,1,36,2,0
TCGA-A6-2685-01A-01D-1408-10,1,2,0,4,0,40,3,0,1,16,0,0
TCGA-A6-2686-01A-01D-1408-10,9,142,5,48,57,1443,93,0,25,673,30,2
TCGA-A6-3809-01A-01D-A270-10,2,90,9,41,52,837,36,1,16,369,20,3
TCGA-A6-3810-01A-01D-A270-10,1,20,2,6,5,151,8,0,2,52,2,1
TCGA-A6-4105-01A-02D-1771-10,1,13,1,10,5,133,5,0,4,44,3,0
TCGA-A6-4107-01A-02D-1408-10,1,15,1,6,2,152,7,0,7,54,2,0
TCGA-A6-5656-01A-21D-A270-10,0,10,0,12,5,91,5,0,2,38,1,0
TCGA-A6-5657-01A-01D-1650-10,1,13,1,6,3,86,6,0,2,39,1,1
TCGA-A6-5659-01A-01D-A270-10,0,21,1,15,18,170,17,0,2,63,2,0
TCGA-A6-5660-01A-01D-1650-10,0,9,0,2,5,100,4,0,3,42,2,0
TCGA-A6-5661-01A-01D-1650-10,5,93,11,38,52,879,53,1,19,389,18,3
TCGA-A6-5662-01A-01D-1650-10,0,7,0,2,2,54,4,0,3,19,0,0
TCGA-A6-5664-01A-21D-1835-10,0,1,0,2,0,50,7,0,0,17,1,0
TCGA-A6-5665-01A-01D-1650-10,16,179,4,59,65,1226,72,3,26,530,36,4
TCGA-A6-5666-01A-01D-1650-10,0,11,1,3,5,75,4,0,3,21,0,0
TCGA-A6-5667-01A-21D-1719-10,0,7,0,1,2,49,2,0,2,25,2,0
TCGA-A6-6137-01A-11D-1771-10,0,13,2,5,4,92,8,0,1,32,2,2
TCGA-A6-6138-01A-11D-1771-10,0,8,0,6,5,82,3,0,1,44,2,0
TCGA-A6-6142-01A-11D-1771-10,1,12,0,5,5,64,6,0,1,21,2,0
TCGA-A6-6648-01A-11D-1771-10,0,5,1,2,3,72,6,0,1,24,3,0
TCGA-A6-6649-01A-11D-1771-10,1,9,0,1,4,101,6,0,3,38,2,0
TCGA-A6-6651-01A-21D-1835-10,0,4,0,2,3,77,2,0,2,31,0,0
TCGA-A6-6652-01A-11D-1771-10,1,7,0,0,5,65,3,0,4,23,0,0
TCGA-A6-6653-01A-11D-1771-10,6,90,4,36,42,788,33,0,11,355,16,0
TCGA-A6-6654-01A-21D-1835-10,0,5,2,4,3,154,5,0,4,66,0,0
TCGA-A6-6780-01A-11D-A270-10,5,112,10,44,45,820,42,2,15,350,30,2
TCGA-A6-6781-01A-22D-A270-10,10,133,13,51,74,1443,74,0,28,627,21,0
TCGA-A6-6782-01A-11D-1835-10,1,10,0,4,4,100,16,0,3,51,1,1
TCGA-A6-A565-01A-31D-A28G-10,0,19,1,8,12,289,17,0,4,136,3,0
TCGA-A6-A566-01A-11D-A28G-10,2,9,0,4,4,125,10,0,0,60,3,0
TCGA-A6-A567-01A-31D-A28G-10,0,4,0,2,4,43,4,0,2,17,1,0
TCGA-A6-A56B-01A-31D-A28G-10,0,15,1,2,1,71,6,0,3,31,1,0
TCGA-A7-A0CE-01A-11W-A019-09,1,4,1,1,1,35,1,0,1,16,0,0
TCGA-A7-A0CH-01A-21W-A019-09,0,1,0,1,0,11,0,0,1,3,0,0
TCGA-A7-A0D9-01A-31W-A071-09,0,0,0,0,0,5,2,0,0,5,0,0
TCGA-A7-A0DA-01A-31D-A10Y-09,1,12,2,7,8,118,6,0,4,23,6,0
TCGA-A7-A0DB-01A-11D-A272-09,0,7,1,4,1,22,2,0,0,16,0,0
TCGA-A7-A13D-01A-13D-A272-09,1,23,2,6,7,66,9,0,3,21,2,0
TCGA-A7-A13E-01A-11D-A272-09,2,9,0,2,1,43,0,0,4,19,0,0
TCGA-A7-A13F-01A-11D-A12Q-09,0,3,0,2,2,32,1,0,0,5,0,0
TCGA-A7-A13G-01A-11D-A13L-09,0,1,0,2,1,17,0,0,0,11,0,0
TCGA-A7-A26E-01A-11D-A272-09,0,11,0,2,1,35,1,0,3,14,0,0
TCGA-A7-A26F-01A-21D-A167-09,0,5,0,0,0,28,0,0,1,11,1,0
TCGA-A7-A26G-01A-21D-A167-09,0,3,0,1,1,41,1,0,0,20,1,0
TCGA-A7-A26H-01A-11D-A167-09,0,5,0,2,5,85,15,0,1,36,1,0
TCGA-A7-A26I-01A-11D-A167-09,0,1,0,1,2,33,1,0,2,6,0,0
TCGA-A7-A26J-01A-11D-A272-09,1,7,2,2,2,18,2,0,1,7,0,0
TCGA-A7-A2KD-01A-31D-A21Q-09,0,13,0,1,2,21,3,0,1,14,0,0
TCGA-A7-A3RF-01A-11D-A228-09,0,5,1,1,1,15,1,0,0,14,2,0
TCGA-A7-A425-01A-11D-A243-09,0,3,0,0,0,22,0,0,0,8,0,0
TCGA-A7-A4SC-01A-12D-A25Q-09,0,4,0,3,2,20,1,0,1,6,1,0
TCGA-A7-A4SD-01A-11D-A25Q-09,0,8,0,4,3,35,2,0,2,8,0,0
TCGA-A7-A4SE-01A-11D-A25Q-09,3,26,1,7,6,74,3,0,3,21,2,0
TCGA-A7-A56D-01A-11D-A27P-09,3,24,1,12,7,99,14,0,11,53,1,0
TCGA-A7-A5ZV-01A-11D-A28B-09,3,36,3,18,8,139,7,0,3,46,5,0
TCGA-A7-A5ZW-01A-12D-A29N-09,1,1,0,0,0,24,1,0,3,6,0,0
TCGA-A7-A5ZX-01A-12D-A29N-09,1,5,0,1,0,24,1,0,1,7,2,0
TCGA-A7-A6VV-01A-22D-A33E-09,0,6,0,4,1,36,2,0,2,11,2,0
TCGA-A7-A6VW-01A-21D-A33E-09,2,19,0,0,4,45,4,0,1,15,1,1
TCGA-A7-A6VX-01A-12D-A33E-09,3,21,1,10,7,93,10,0,2,28,2,0
TCGA-A7-A6VY-01A-12D-A33E-09,0,24,0,4,4,81,4,0,1,18,0,0
TCGA-A8-A075-01A-11D-A099-09,0,3,2,2,4,60,4,0,1,21,2,1
TCGA-AA-3489-01A-21D-1835-10,0,6,3,2,7,88,9,0,1,26,5,0
TCGA-AA-3492-01A-01D-1408-10,18,171,11,72,95,1529,67,2,29,655,21,4
TCGA-AA-3496-01A-21D-1835-10,0,10,1,3,3,98,6,0,3,48,0,0
TCGA-AA-3502-01A-01D-1408-10,0,16,1,2,12,147,8,0,2,56,2,1
TCGA-AA-3506-01A-01D-2188-10,0,16,0,8,5,118,8,0,3,50,3,0
TCGA-AA-3510-01A-01D-1408-10,15,410,20,102,161,2576,410,3,65,773,44,4
TCGA-AA-3511-01A-21D-1835-10,0,15,0,4,7,99,10,0,2,38,3,0
TCGA-AA-3522-01A-01W-0831-10,0,1,1,0,0,8,1,0,0,5,0,0
TCGA-AA-3556-01A-01D-1953-10,0,0,0,2,0,16,0,0,0,8,0,0
TCGA-AA-3655-01A-02D-1719-10,0,5,1,0,3,66,5,1,3,23,0,0
TCGA-AA-3660-01A-01D-1719-10,0,8,3,3,5,106,12,0,5,34,2,0
TCGA-AA-3662-01A-01D-1719-10,0,4,1,5,3,67,5,0,0,28,0,1
TCGA-AA-3663-01A-01D-1719-10,14,147,13,36,69,1388,65,1,24,554,48,1
TCGA-AA-3697-01A-01D-1719-10,2,29,1,8,12,145,15,0,6,54,7,0
TCGA-AA-3712-01A-21D-1719-10,2,14,2,2,8,99,4,0,4,55,7,0
TCGA-AA-3713-01A-21D-1719-10,2,83,9,23,40,692,29,0,13,293,19,2
TCGA-AA-3947-01A-01D-1981-10,17,204,13,75,74,1752,63,1,21,703,35,1
TCGA-AA-3984-01A-02D-1981-10,32,614,26,134,236,4420,537,5,94,1397,66,1
TCGA-AA-A00N-01A-02D-A17O-10,27,543,28,138,215,4232,490,5,124,1465,57,4
TCGA-AA-A010-01A-01D-A17O-10,48,907,48,250,403,6506,698,6,160,2018,130,3
TCGA-AA-A01P-01A-21D-A17O-10,0,68,3,27,40,625,26,0,12,275,20,0
TCGA-AA-A01R-01A-21D-A17O-10,15,147,8,53,69,1416,93,1,24,660,20,0
TCGA-AA-A022-01A-21D-A17O-10,8,112,6,55,56,1049,60,0,23,513,25,0
TCGA-AC-A23C-01A-12D-A167-09,0,6,0,4,1,91,7,1,2,30,3,0
TCGA-AC-A23E-01A-11D-A159-09,0,2,0,1,0,13,2,0,0,6,0,0
TCGA-AC-A23H-01A-11D-A159-09,31,361,22,184,263,3638,403,7,59,1329,71,10
TCGA-AC-A2B8-01A-11D-A17D-09,1,7,0,7,2,72,4,0,2,32,1,0
TCGA-AC-A2BK-01A-11D-A21Q-09,3,18,0,2,3,56,5,0,3,17,3,0
TCGA-AC-A2BM-01A-11D-A21Q-09,0,2,1,2,2,15,1,0,1,2,0,0
TCGA-AC-A2FB-01A-11D-A17D-09,0,1,0,0,0,7,3,0,0,6,0,0
TCGA-AC-A2FF-01A-11D-A17D-09,0,1,0,0,0,8,1,0,0,1,0,0
TCGA-AC-A2FG-01A-11D-A17D-09,0,3,0,1,0,24,0,0,0,11,0,0
TCGA-AC-A2FK-01A-12D-A17W-09,0,1,0,0,0,0,0,0,0,1,1,0
TCGA-AC-A2FO-01A-11D-A17W-09,0,0,0,0,1,13,3,0,1,5,4,0
TCGA-AC-A2QH-01A-11D-A18P-09,0,1,0,0,1,14,2,0,0,8,1,0
TCGA-AC-A3HN-01A-11D-A20S-09,0,2,0,2,1,11,0,0,0,6,0,0
TCGA-AC-A3OD-01A-11D-A21Q-09,1,4,0,3,0,19,6,0,2,4,0,0
TCGA-AC-A3QP-01A-11D-A22X-09,1,5,1,0,1,17,1,0,1,7,1,0
TCGA-AC-A3QQ-01A-11D-A228-09,1,3,0,2,0,22,2,0,1,5,0,0
TCGA-AC-A3W5-01A-11D-A228-09,7,37,2,12,11,94,7,0,4,33,4,0
TCGA-AC-A3YI-01A-21D-A23C-09,1,1,0,0,2,11,0,0,0,3,0,0
TCGA-AC-A3YJ-01A-11D-A22X-09,0,7,0,3,2,14,0,0,3,9,0,0
TCGA-AC-A4ZE-01A-11D-A41F-09,1,14,1,1,5,39,1,0,3,7,2,0
TCGA-AC-A5EH-01A-11D-A28B-09,2,23,2,6,5,103,9,1,4,43,6,1
TCGA-AC-A5EI-01A-11D-A27P-09,2,8,0,2,0,23,0,0,1,7,0,0
TCGA-AC-A5XS-01A-11D-A29N-09,7,105,9,25,34,354,27,0,8,140,6,0
TCGA-AC-A5XU-01A-11D-A28B-09,3,17,1,7,8,47,4,0,2,24,0,0
TCGA-AC-A62V-01A-11D-A31U-09,4,8,2,3,6,62,1,0,1,19,0,0
TCGA-AC-A62X-01A-11D-A29N-09,0,15,2,3,5,48,1,0,1,12,0,0
TCGA-AC-A62Y-01A-11D-A29N-09,0,14,1,4,1,48,4,0,1,15,1,0
TCGA-AC-A6IV-01A-12D-A33E-09,0,4,0,2,0,13,1,0,1,5,1,0
TCGA-AC-A6IW-01A-12D-A33E-09,2,41,0,6,9,113,2,0,6,49,3,0
TCGA-AC-A6IX-01A-12D-A32I-09,2,8,1,2,0,43,1,1,1,12,0,0
TCGA-AC-A6NO-01A-12D-A33E-09,0,5,0,3,1,19,1,0,1,13,0,0
TCGA-AC-A7VB-01A-11D-A351-09,1,3,0,4,2,16,2,0,0,6,1,0
TCGA-AC-A7VC-01A-11D-A351-09,1,2,0,1,3,11,2,0,1,5,0,0
TCGA-AC-A8OP-01A-11D-A36J-09,5,38,3,7,8,109,10,0,9,51,3,1
TCGA-AC-A8OQ-01A-11D-A41F-09,3,23,2,3,9,63,5,0,5,21,3,0
TCGA-AC-A8OR-01A-21D-A41F-09,0,2,1,1,0,13,0,0,1,12,2,0
TCGA-AC-A8OS-01A-12D-A41F-09,0,12,1,1,5,31,4,0,3,20,2,0
TCGA-AD-5900-01A-11D-1650-10,8,131,5,50,55,1068,60,0,9,492,28,4
TCGA-AD-6548-01A-11D-1835-10,0,5,0,2,2,101,10,0,3,48,0,0
TCGA-AD-6888-01A-11D-1924-10,1,11,2,4,5,84,11,0,0,26,0,0
TCGA-AD-6889-01A-11D-1924-10,9,129,9,49,58,1163,73,0,21,523,36,0
TCGA-AD-6890-01A-11D-1924-10,1,12,0,3,5,79,9,0,1,32,2,0
TCGA-AD-6895-01A-11D-1924-10,3,138,13,60,54,1231,64,1,20,588,24,0
TCGA-AD-6899-01A-11D-1924-10,0,10,0,10,3,116,10,0,1,61,2,0
TCGA-AD-6901-01A-11D-1924-10,1,12,1,14,8,198,11,0,4,85,4,0
TCGA-AD-6963-01A-11D-1924-10,0,10,0,4,6,64,3,0,2,22,1,0
TCGA-AD-6964-01A-11D-1924-10,8,108,5,42,58,1134,41,1,16,474,29,0
TCGA-AD-6965-01A-11D-1924-10,0,6,0,6,5,87,7,0,1,46,4,0
TCGA-AD-A5EJ-01A-11D-A28G-10,9,123,10,54,59,968,45,1,10,435,28,3
TCGA-AD-A5EK-01A-11D-A28G-10,2,12,3,2,1,67,5,0,0,35,0,0
TCGA-AF-2687-01A-02D-1733-10,0,10,0,2,3,88,5,0,0,30,0,0
TCGA-AF-2690-01A-02D-1733-10,0,3,3,0,0,60,6,0,2,28,0,0
TCGA-AF-2693-01A-02D-1733-10,0,10,3,5,8,66,7,0,1,30,5,0
TCGA-AF-3911-01A-01D-1733-10,1,7,0,2,2,69,7,0,2,35,0,0
TCGA-AF-4110-01A-02D-1733-10,0,8,1,4,1,72,5,0,0,33,2,0
TCGA-AF-5654-01A-01D-1657-10,1,8,1,4,4,108,7,0,2,41,1,0
TCGA-AF-6136-01A-11D-1826-10,0,7,1,4,6,96,6,0,1,44,1,0
TCGA-AF-6655-01A-11D-1826-10,1,5,0,5,2,56,2,0,1,19,0,0
TCGA-AF-6672-01A-11D-1826-10,0,2,0,4,5,68,3,0,5,25,1,0
TCGA-AF-A56K-01A-32D-A38X-10,0,10,0,5,4,70,10,0,3,26,1,0
TCGA-AF-A56L-01A-31D-A38X-10,1,10,2,8,2,103,9,0,5,39,0,0
TCGA-AF-A56N-01A-12D-A38X-10,2,23,0,8,7,107,9,0,3,47,3,0
TCGA-AG-3591-01A-01D-1733-10,2,11,1,2,2,60,6,0,2,24,0,0
TCGA-AG-3592-01A-02D-1733-10,1,30,0,6,7,216,18,0,2,75,6,0
TCGA-AG-3725-01A-11D-1733-10,0,8,2,4,2,74,8,0,1,24,2,0
TCGA-AG-3731-01A-11D-1733-10,0,12,0,5,3,110,11,0,4,46,1,0
TCGA-AG-3732-01A-11D-1657-10,0,6,0,0,3,58,5,0,2,21,0,0
TCGA-AG-3742-01A-11D-1657-10,0,3,0,4,4,119,6,0,5,45,2,0
TCGA-AG-4021-01A-01D-1733-10,0,10,2,3,3,119,7,0,3,43,4,0
TCGA-AG-4022-01A-01D-1733-10,0,4,1,2,3,69,6,0,1,29,2,0
TCGA-AH-6544-01A-11D-1826-10,1,6,3,5,4,117,7,0,2,43,3,0
TCGA-AH-6547-01A-11D-1826-10,0,0,0,0,0,12,0,0,0,1,0,0
TCGA-AH-6549-01A-11D-1826-10,1,10,1,2,4,67,3,0,5,32,0,0
TCGA-AH-6643-01A-11D-1826-10,1,6,0,3,8,86,9,0,0,42,0,0
TCGA-AH-6644-01A-21D-1826-10,0,10,2,4,5,90,5,0,3,33,0,0
TCGA-AH-6897-01A-11D-1924-10,1,6,0,2,4,82,5,0,0,41,3,0
TCGA-AH-6903-01A-11D-1924-10,0,5,0,2,4,59,5,0,1,24,2,0
TCGA-AJ-A23M-01A-11D-A159-09,0,6,1,3,5,85,8,0,2,39,3,0
TCGA-AJ-A23N-01A-11D-A228-09,3,7,1,1,2,40,1,0,1,8,0,0
TCGA-AJ-A23O-01A-11D-A159-09,12,197,10,40,57,643,32,2,23,225,17,2
TCGA-AJ-A2QK-01A-11D-A18P-09,0,11,1,3,0,54,7,0,5,24,2,0
TCGA-AJ-A2QL-01A-11D-A18P-09,1,6,0,0,2,32,4,0,2,12,1,0
TCGA-AJ-A2QM-01A-11D-A18P-09,1,43,5,8,8,152,13,1,4,56,1,0
TCGA-AJ-A2QN-01A-11D-A18P-09,2,16,3,4,2,47,2,0,3,21,1,0
TCGA-AJ-A2QO-01A-11D-A18P-09,18,197,10,42,63,733,38,0,32,322,15,0
TCGA-AJ-A3BD-01A-11D-A19Y-09,0,15,0,5,4,61,2,1,0,18,2,0
TCGA-AJ-A3BF-01A-11D-A20S-09,0,9,0,1,1,18,2,0,2,8,0,0
TCGA-AJ-A3BG-01A-11D-A19Y-09,22,222,9,39,71,971,52,0,31,427,11,1
TCGA-AJ-A3BH-01A-11D-A19Y-09,46,552,21,80,138,2151,108,0,80,895,38,2
TCGA-AJ-A3BI-01A-11D-A20S-09,0,5,0,3,0,32,3,0,1,9,0,0
TCGA-AJ-A3BK-01A-11D-A19Y-09,0,15,0,1,5,46,4,0,2,17,1,0
TCGA-AJ-A3EJ-01A-11D-A19Y-09,1,14,0,2,4,45,2,0,3,17,1,0
TCGA-AJ-A3EK-01A-11D-A19Y-09,134,1795,73,208,403,4981,384,3,180,1859,154,5
TCGA-AJ-A3EL-01A-11D-A20S-09,181,2465,80,286,510,6440,720,2,280,2129,98,3
TCGA-AJ-A3EM-01A-11D-A20S-09,4,13,0,5,3,40,4,0,1,11,4,0
TCGA-AJ-A3I9-01A-11D-A228-09,0,10,1,1,2,22,0,0,0,9,1,0
TCGA-AJ-A3IA-01A-11D-A20S-09,4,54,2,16,10,192,10,0,9,65,3,1
TCGA-AJ-A3NF-01A-11D-A228-09,1,6,1,5,2,39,6,0,2,10,3,0
TCGA-AJ-A3NG-01A-11D-A228-09,0,15,1,4,5,64,2,0,2,27,0,0
TCGA-AJ-A3OJ-01A-11D-A228-09,9,177,8,25,36,590,39,0,17,292,11,2
TCGA-AJ-A3OK-01A-12D-A228-09,14,98,7,16,26,578,45,0,27,279,3,0
TCGA-AJ-A3OL-01A-11D-A228-09,7,43,0,8,12,192,6,0,7,86,2,0
TCGA-AJ-A3QS-01A-11D-A228-09,6,68,2,14,10,195,22,0,6,64,2,1
TCGA-AJ-A3TW-01A-11D-A228-09,1,19,1,5,5,94,7,0,2,44,4,0
TCGA-AJ-A5DV-01A-11D-A27P-09,0,16,1,3,5,63,5,0,4,14,0,0
TCGA-AJ-A5DW-01A-11D-A27P-09,82,1167,44,123,196,2590,495,1,119,710,64,0
TCGA-AJ-A6NU-01A-11D-A34Q-09,0,7,0,3,0,30,3,0,2,16,0,0
TCGA-AJ-A8CT-01A-11D-A37N-09,9,97,5,16,35,498,44,0,10,212,8,0
TCGA-AJ-A8CV-01A-11D-A37N-09,4,38,1,9,5,153,6,0,6,67,4,1
TCGA-AJ-A8CW-01A-11D-A37N-09,4,109,6,23,38,448,34,0,10,190,11,1
TCGA-AK-3426-01A-02D-1386-10,0,2,0,1,1,22,1,0,0,10,0,0
TCGA-AK-3427-01A-01D-0966-08,0,0,0,0,1,11,1,0,0,6,1,0
TCGA-AK-3429-01A-02D-1386-10,1,2,0,1,0,20,1,0,1,11,3,0
TCGA-AK-3430-01A-01D-1251-10,2,8,0,2,4,44,5,0,0,13,5,0
TCGA-AK-3436-01A-02D-1386-10,0,5,0,2,2,31,4,0,1,11,2,0
TCGA-AK-3440-01A-01D-0966-08,0,2,0,2,0,13,1,0,1,2,1,0
TCGA-AK-3443-01A-01D-0966-08,0,3,0,1,1,8,1,0,1,0,0,0
TCGA-AK-3444-01A-01D-0966-08,0,4,0,2,4,74,3,0,2,23,2,0
TCGA-AK-3451-01A-02D-1251-10,0,6,0,2,4,60,2,0,1,10,1,0
TCGA-AK-3453-01A-01D-0966-08,0,1,0,1,1,13,0,0,1,10,0,0
TCGA-AK-3455-01A-01D-0966-08,0,2,0,1,1,46,2,0,0,10,1,0
TCGA-AK-3456-01A-02D-1386-10,0,2,0,1,2,22,1,0,0,15,0,0
TCGA-AK-3458-01A-01D-1501-10,0,1,0,0,1,27,0,0,1,7,1,0
TCGA-AK-3465-01A-01D-0966-08,0,2,0,1,0,21,1,0,1,8,0,0
TCGA-AL-3466-01A-01D-1252-08,0,1,1,1,2,24,2,0,0,8,1,1
TCGA-AL-3467-01A-01D-1252-08,0,1,0,1,1,14,0,0,0,4,0,0
TCGA-AL-3468-01A-01D-1252-08,1,1,0,3,1,62,3,0,0,25,0,0
TCGA-AL-3472-01A-01D-1252-08,0,2,0,0,1,37,2,0,0,10,2,0
TCGA-AL-3473-01A-01D-1252-08,0,2,0,0,3,35,3,0,1,11,1,0
TCGA-AL-7173-01A-11D-2136-08,0,5,1,3,1,45,2,0,0,14,0,0
TCGA-AL-A5DJ-01A-11D-A26P-10,0,4,1,1,4,26,0,0,1,10,0,0
TCGA-AM-5820-01A-01D-1650-10,0,1,0,0,2,65,2,0,2,30,0,0
TCGA-AM-5821-01A-01D-1650-10,3,112,5,30,47,933,35,0,21,399,19,0
TCGA-AN-A0XL-01A-11D-A10M-09,0,2,0,3,2,20,5,0,0,8,0,0
TCGA-AN-A0XN-01A-21D-A10G-09,2,9,0,4,2,115,9,0,1,29,4,0
TCGA-AN-A0XO-01A-11D-A10G-09,0,1,0,2,3,27,2,0,0,7,0,1
TCGA-AN-A0XP-01A-11D-A117-09,0,2,0,2,1,18,1,0,2,5,3,0
TCGA-AN-A0XR-01A-11D-A10G-09,0,2,0,2,3,25,0,0,0,6,0,0
TCGA-AN-A0XS-01A-22D-A10G-09,0,2,0,2,2,21,1,0,0,4,0,0
TCGA-AN-A0XT-01A-11D-A10G-09,0,0,0,2,1,10,0,0,1,7,1,0
TCGA-AN-A0XU-01A-11D-A10G-09,1,8,1,1,3,88,5,0,3,23,4,0
TCGA-AN-A0XV-01A-11D-A10G-09,1,5,1,0,1,23,3,0,1,8,1,0
TCGA-AN-A0XW-01A-11D-A10G-09,0,22,2,8,16,249,27,0,7,90,2,0
TCGA-AO-A03M-01B-11D-A10M-09,3,52,6,29,42,668,51,1,13,266,17,2
TCGA-AO-A03N-01B-11D-A10M-09,2,4,0,2,7,77,8,0,1,32,1,0
TCGA-AO-A03U-01B-21D-A10M-09,0,0,0,0,0,3,0,0,0,2,0,0
TCGA-AO-A03V-01A-11D-A10Y-09,0,6,0,3,2,46,2,1,2,9,1,0
TCGA-AO-A0JG-01A-31D-A099-09,0,1,0,4,0,14,0,0,0,1,1,0
TCGA-AO-A124-01A-11D-A10M-09,1,13,0,7,5,108,5,0,5,29,5,0
TCGA-AO-A125-01A-11D-A10M-09,1,1,0,1,1,26,3,0,0,12,0,0
TCGA-AO-A126-01A-11D-A10M-09,0,1,0,1,2,14,0,0,1,4,1,1
TCGA-AO-A128-01A-11D-A10M-09,2,36,3,23,30,732,26,2,7,326,22,1
TCGA-AO-A129-01A-21D-A10M-09,0,9,0,3,3,91,4,0,1,32,1,0
TCGA-AO-A12A-01A-21D-A10Y-09,0,3,0,0,1,12,0,0,0,3,0,0
TCGA-AO-A12B-01A-11D-A10M-09,0,2,0,0,1,13,2,0,1,3,1,0
TCGA-AO-A12D-01A-11D-A10Y-09,0,1,0,0,3,49,2,0,0,18,0,0
TCGA-AO-A12E-01A-11D-A10M-09,0,0,0,1,0,22,0,0,0,9,1,0
TCGA-AO-A12F-01A-11D-A10Y-09,1,0,0,2,2,28,1,0,0,6,0,0
TCGA-AO-A12G-01A-11D-A10M-09,0,1,1,0,3,25,2,0,1,9,0,0
TCGA-AO-A12H-01A-11D-A10Y-09,2,1,0,0,0,18,1,0,3,5,0,0
TCGA-AO-A1KO-01A-31D-A188-09,0,0,0,0,0,4,1,0,0,5,0,0
TCGA-AO-A1KR-01A-12D-A142-09,0,5,0,0,0,54,3,0,1,23,3,0
TCGA-AO-A1KT-01A-11D-A13L-09,0,2,0,0,1,28,4,0,1,15,0,0
TCGA-AP-A059-01A-21D-A122-09,59,944,53,305,481,9633,754,3,213,3542,320,6
TCGA-AP-A0LE-01A-11D-A127-09,5,33,3,9,22,348,24,0,7,149,12,0
TCGA-AP-A0LF-01A-11D-A122-09,1,17,2,8,8,213,12,0,1,56,7,0
TCGA-AP-A0LL-01A-12D-A127-09,0,4,0,1,2,36,4,0,1,8,1,0
TCGA-AP-A0LM-01A-11D-A122-09,76,1008,67,372,538,11707,1021,6,235,4527,192,5
TCGA-AP-A0LP-01A-12D-A10B-09,1,17,0,3,9,204,16,0,8,79,6,1
TCGA-AP-A0LQ-01A-12D-A10B-09,0,7,0,2,1,39,5,0,0,14,2,0
TCGA-AP-A0LS-01A-11D-A14G-09,5,77,3,10,21,279,9,0,17,118,7,1
TCGA-AP-A1DH-01A-31D-A135-09,11,91,7,28,15,365,28,0,14,203,6,0
TCGA-AP-A1DK-01A-11D-A135-09,193,2557,143,509,683,9000,558,17,322,4392,351,16
TCGA-AP-A1DM-01A-21D-A135-09,5,71,2,14,19,218,18,0,10,110,4,0
TCGA-AP-A1DO-01A-11D-A135-09,10,136,1,18,32,354,14,0,25,171,9,0
TCGA-AP-A1DP-01A-11D-A135-09,8,91,2,12,18,296,16,1,13,136,5,1
TCGA-AP-A1DQ-01A-11D-A135-09,0,2,1,0,0,24,2,0,2,8,0,0
TCGA-AP-A1DR-01A-11D-A135-09,18,155,7,25,44,470,28,0,19,211,17,2
TCGA-AP-A1DV-01A-21D-A135-09,278,3513,149,446,719,10612,1017,5,450,3841,229,4
TCGA-AP-A1E0-01A-11D-A135-09,107,1580,39,186,287,4117,583,3,182,1192,84,0
TCGA-AP-A1E1-01A-11D-A135-09,7,111,6,20,26,388,23,0,12,159,11,0
TCGA-AP-A1E3-01A-11D-A135-09,0,7,0,1,2,32,1,0,2,13,2,0
TCGA-AP-A1E4-01A-12D-A135-09,0,5,0,4,1,17,1,0,1,10,0,0
TCGA-AP-A5FX-01A-11D-A27P-09,0,6,2,2,1,31,2,0,0,11,1,0
TCGA-AQ-A04H-01B-11D-A10M-09,0,3,0,3,2,50,5,0,0,17,1,0
TCGA-AQ-A0Y5-01A-11D-A14K-09,0,3,0,0,2,45,4,0,0,14,1,1
TCGA-AQ-A1H2-01A-11D-A13L-09,0,2,0,3,1,15,3,0,2,8,0,0
TCGA-AQ-A1H3-01A-31D-A13L-09,1,0,0,0,1,14,1,0,0,9,1,0
TCGA-AQ-A54O-01A-11D-A25Q-09,1,3,0,0,0,15,1,0,0,5,0,0
TCGA-AQ-A7U7-01A-22D-A351-09,1,14,0,6,1,45,6,0,0,22,0,1
TCGA-AR-A0TP-01A-11D-A099-09,1,4,0,3,3,43,0,0,1,15,1,0
TCGA-AR-A0TQ-01A-11D-A099-09,0,4,0,2,0,28,0,0,1,13,1,0
TCGA-AR-A0TR-01A-11D-A099-09,0,3,0,1,0,26,0,0,1,10,1,0
TCGA-AR-A0TS-01A-11D-A10Y-09,0,7,0,0,2,55,2,0,1,21,2,0
TCGA-AR-A0TT-01A-31D-A099-09,0,4,0,1,3,44,2,0,1,17,3,0
TCGA-AR-A0TU-01A-31D-A10G-09,0,8,0,1,7,48,3,0,0,21,2,0
TCGA-AR-A0TV-01A-21D-A099-09,1,3,0,3,4,49,3,0,3,13,0,0
TCGA-AR-A0TW-01A-11D-A099-09,0,2,0,1,1,38,5,0,1,17,2,0
TCGA-AR-A0TX-01A-11D-A099-09,1,25,4,12,14,234,29,2,2,83,1,0
TCGA-AR-A0TZ-01A-12D-A099-09,0,1,0,0,2,46,4,0,0,12,2,0
TCGA-AR-A0U0-01A-11D-A10G-09,0,4,0,1,2,30,3,0,0,9,1,0
TCGA-AR-A0U1-01A-11D-A10Y-09,1,6,0,3,3,66,5,0,1,20,4,0
TCGA-AR-A0U2-01A-11D-A10G-09,0,5,1,2,0,36,1,0,0,10,1,0
TCGA-AR-A0U3-01A-11D-A10G-09,0,2,0,1,2,21,5,0,0,8,1,0
TCGA-AR-A0U4-01A-11D-A117-09,2,12,1,7,5,122,9,1,2,38,2,0
TCGA-AR-A1AH-01A-11D-A12B-09,0,10,0,5,4,62,2,0,0,34,3,0
TCGA-AR-A1AI-01A-11D-A12Q-09,0,1,0,2,0,65,2,0,1,17,1,0
TCGA-AR-A1AJ-01A-21D-A12Q-09,0,4,1,0,1,37,1,0,1,8,0,0
TCGA-AR-A1AK-01A-21D-A12Q-09,0,2,0,2,6,46,6,0,3,16,1,0
TCGA-AR-A1AL-01A-21D-A12Q-09,0,1,0,1,1,21,0,0,2,4,0,0
TCGA-AR-A1AN-01A-11D-A12Q-09,0,3,0,0,2,18,1,0,0,4,3,0
TCGA-AR-A1AO-01A-11D-A12Q-09,0,4,0,1,2,80,5,0,2,28,0,0
TCGA-AR-A1AP-01A-11D-A12Q-09,0,6,0,5,6,28,1,0,0,5,0,0
TCGA-AR-A1AQ-01A-11D-A12Q-09,0,2,0,0,1,25,3,0,0,9,0,1
TCGA-AR-A1AR-01A-31D-A135-09,1,2,0,1,4,36,5,0,2,11,1,0
TCGA-AR-A1AS-01A-11D-A12Q-09,0,0,1,1,2,23,2,1,0,11,0,0
TCGA-AR-A1AT-01A-11D-A12Q-09,0,3,0,0,1,20,0,0,1,7,0,0
TCGA-AR-A1AU-01A-11D-A12Q-09,0,0,0,0,2,15,2,0,1,6,0,0
TCGA-AR-A1AV-01A-21D-A12Q-09,1,4,0,2,0,32,3,0,1,6,0,0
TCGA-AR-A1AW-01A-21D-A12Q-09,0,2,0,1,2,23,3,0,0,10,0,0
TCGA-AR-A1AX-01A-11D-A12Q-09,0,0,0,0,1,20,1,0,1,8,1,0
TCGA-AR-A1AY-01A-21D-A12Q-09,0,5,0,0,0,45,5,0,1,14,2,0
TCGA-AR-A24H-01A-11D-A167-09,0,3,2,3,3,99,6,0,2,31,3,0
TCGA-AR-A24K-01A-11D-A167-09,0,2,0,0,2,23,0,0,1,5,1,0
TCGA-AR-A24L-01A-11D-A167-09,0,2,0,0,3,31,1,1,1,12,2,0
TCGA-AR-A24M-01A-11D-A167-09,0,1,0,0,2,11,0,0,0,10,1,0
TCGA-AR-A24N-01A-11D-A167-09,0,1,1,2,0,27,3,0,1,11,1,0
TCGA-AR-A24O-01A-11D-A167-09,0,0,0,0,1,14,1,0,0,5,1,0
TCGA-AR-A24P-01A-11D-A167-09,0,0,0,0,0,14,1,0,0,3,1,0
TCGA-AR-A24Q-01A-12D-A167-09,3,13,0,5,5,134,6,0,3,54,9,0
TCGA-AR-A24R-01A-11D-A167-09,0,1,0,0,2,18,0,0,0,5,0,0
TCGA-AR-A24S-01A-11D-A167-09,0,2,0,1,2,36,2,0,0,14,0,0
TCGA-AR-A24T-01A-11D-A167-09,0,1,1,0,1,13,4,0,0,4,0,0
TCGA-AR-A24U-01A-11D-A167-09,0,2,0,1,1,24,4,0,1,10,1,0
TCGA-AR-A24V-01A-21D-A167-09,0,0,0,0,0,20,0,0,0,8,0,0
TCGA-AR-A24W-01A-11D-A17G-09,0,0,0,0,1,10,0,0,0,3,0,0
TCGA-AR-A24X-01A-11D-A167-09,0,1,0,0,1,20,2,0,1,8,1,0
TCGA-AR-A24Z-01A-11D-A167-09,0,2,0,1,3,36,1,0,0,13,0,0
TCGA-AR-A250-01A-31D-A167-09,0,11,0,4,2,99,7,0,3,28,1,0
TCGA-AR-A251-01A-12D-A167-09,1,12,1,6,6,137,5,1,1,33,2,0
TCGA-AR-A252-01A-11D-A167-09,0,0,0,0,1,14,0,0,0,4,0,0
TCGA-AR-A254-01A-21D-A167-09,0,1,0,3,0,25,3,1,0,9,0,0
TCGA-AR-A255-01A-11D-A167-09,1,5,0,1,2,55,6,0,1,17,1,0
TCGA-AR-A256-01A-11D-A167-09,0,9,3,7,9,135,6,0,2,45,8,0
TCGA-AR-A2LE-01A-11D-A17W-09,0,17,1,13,16,216,26,0,7,97,1,0
TCGA-AR-A2LH-01A-31D-A18P-09,0,0,0,1,1,49,8,0,0,11,1,0
TCGA-AR-A2LK-01A-11D-A17W-09,0,3,0,2,1,27,1,0,0,13,0,1
TCGA-AR-A2LL-01A-11D-A17W-09,0,0,0,1,0,30,1,0,0,5,0,0
TCGA-AR-A2LM-01A-11D-A17W-09,0,3,0,0,0,10,0,0,1,3,0,0
TCGA-AR-A2LN-01A-21D-A18P-09,0,2,0,1,1,30,4,0,1,15,0,0
TCGA-AR-A2LO-01A-31D-A18P-09,0,1,0,0,1,12,0,0,0,3,0,0
TCGA-AR-A2LQ-01A-22D-A18P-09,0,0,0,0,0,9,0,0,0,4,0,0
TCGA-AR-A2LR-01A-12D-A18P-09,0,3,0,1,2,44,2,0,1,17,0,0
TCGA-AR-A5QM-01A-11D-A27P-09,0,4,0,2,2,21,2,0,0,5,0,0
TCGA-AR-A5QN-01A-12D-A28B-09,0,6,0,4,3,21,3,0,2,9,0,1
TCGA-AR-A5QP-01A-11D-A28B-09,0,3,1,2,2,22,0,0,0,3,1,0
TCGA-AR-A5QQ-01A-11D-A28B-09,1,12,0,3,2,59,0,0,2,16,1,0
TCGA-AS-3777-01A-01D-0966-08,0,3,0,1,0,17,0,0,0,6,3,0
TCGA-AS-3778-01A-01D-0966-08,0,4,0,1,2,42,3,0,1,15,2,0
TCGA-AT-A5NU-01A-11D-A28G-10,0,6,0,1,1,52,5,0,1,12,2,0
TCGA-AU-3779-01A-01D-1719-10,1,8,0,2,3,83,7,0,3,33,2,1
TCGA-AU-6004-01A-11D-1719-10,7,84,7,27,33,650,33,0,12,296,18,0
TCGA-AW-A1PO-01A-12D-A159-09,0,15,1,3,3,54,3,0,3,18,1,0
TCGA-AX-A06H-01A-11D-A122-09,1,25,0,9,15,257,13,0,6,146,9,0
TCGA-AX-A06L-01A-11D-A122-09,0,3,0,1,4,28,1,0,2,10,3,1
TCGA-AX-A0IS-01A-12D-A10M-09,0,0,0,1,3,40,1,0,0,17,1,0
TCGA-AX-A0IU-01A-11D-A10B-09,0,3,0,1,6,43,2,0,1,18,1,1
TCGA-AX-A0J0-01A-11D-A117-09,44,900,33,252,363,6396,1051,12,141,1626,130,5
TCGA-AX-A1C4-01A-11D-A135-09,11,165,11,32,51,546,52,1,24,266,14,2
TCGA-AX-A1C5-01A-11D-A135-09,19,195,7,33,48,707,44,0,19,342,9,2
TCGA-AX-A1C7-01A-11D-A135-09,0,2,0,2,5,36,2,0,0,11,2,0
TCGA-AX-A1C8-01A-11D-A135-09,0,7,0,2,4,64,1,0,1,15,1,0
TCGA-AX-A1C9-01A-11D-A135-09,14,172,6,20,43,850,47,0,28,371,17,0
TCGA-AX-A1CA-01A-12D-A135-09,1,10,0,4,2,94,6,0,0,38,0,0
TCGA-AX-A1CC-01A-11D-A135-09,0,0,1,0,1,17,1,0,1,7,0,0
TCGA-AX-A1CE-01A-11D-A135-09,263,3143,90,313,637,10077,703,4,351,3644,198,5
TCGA-AX-A1CF-01A-11D-A135-09,3,24,2,3,5,81,2,0,3,28,1,0
TCGA-AX-A1CI-01A-11D-A135-09,0,9,1,2,3,30,0,0,3,11,1,0
TCGA-AX-A1CJ-01A-11D-A135-09,2,10,0,1,3,42,1,0,1,23,0,0
TCGA-AX-A1CK-01A-11D-A135-09,1,13,0,0,0,46,4,0,1,13,1,0
TCGA-AX-A1CN-01A-11D-A135-09,0,5,0,1,0,26,2,0,0,11,1,1
TCGA-AX-A1CP-01A-11D-A135-09,0,0,0,1,3,23,1,0,0,9,0,0
TCGA-AX-A2H2-01A-11D-A17W-09,3,42,2,16,7,149,19,0,3,59,7,1
TCGA-AX-A2H4-01A-21D-A18P-09,2,35,4,8,12,144,11,0,4,60,0,0
TCGA-AX-A2H5-01A-11D-A17D-09,0,0,1,2,0,43,0,0,0,11,0,0
TCGA-AX-A2H7-01A-12D-A18P-09,1,19,1,5,4,68,6,0,2,26,1,0
TCGA-AX-A2H8-01A-11D-A17D-09,0,11,0,6,0,44,1,0,2,10,0,0
TCGA-AX-A2HA-01A-12D-A18P-09,27,324,15,56,69,1085,54,0,31,483,24,1
TCGA-AX-A2HC-01A-11D-A17D-09,335,4167,154,582,875,11128,1278,8,442,3519,293,4
TCGA-AX-A2HD-01A-21D-A17D-09,182,2172,110,376,490,6779,423,1,256,2977,148,7
TCGA-AX-A2HF-01A-11D-A17D-09,0,0,0,0,1,16,3,1,0,7,0,0
TCGA-AX-A2HG-01A-11D-A17D-09,10,146,6,40,43,568,22,2,21,253,16,1
TCGA-AX-A2HH-01A-11D-A17D-09,0,16,0,2,2,31,2,0,2,14,1,0
TCGA-AX-A2HJ-01A-11D-A17D-09,36,371,15,66,74,1156,46,1,52,493,45,3
TCGA-AX-A2HK-01A-11D-A17D-09,0,10,1,0,4,48,5,0,2,20,1,0
TCGA-AX-A2IN-01A-12D-A17W-09,7,101,1,19,25,353,22,1,13,176,10,1
TCGA-AX-A2IO-01A-11D-A17W-09,11,99,5,35,26,293,25,1,10,113,4,0
TCGA-AX-A3FS-01A-11D-A228-09,18,136,7,41,41,477,28,0,11,238,12,1
TCGA-AX-A3FT-01A-11D-A228-09,17,235,8,46,65,934,51,1,32,421,25,1
TCGA-AX-A3FV-01A-11D-A228-09,2,25,2,6,4,70,3,1,2,28,4,0
TCGA-AX-A3FW-01A-11D-A228-09,0,11,0,6,2,36,2,0,1,16,0,0
TCGA-AX-A3FX-01A-11D-A228-09,2,13,0,4,4,47,4,0,2,16,0,1
TCGA-AX-A3FZ-01A-11D-A228-09,1,7,0,0,2,34,1,0,1,11,1,0
TCGA-AX-A3G1-01A-11D-A228-09,1,15,0,1,5,42,4,0,1,8,1,0
TCGA-AX-A3G3-01A-11D-A20S-09,7,38,4,3,6,119,7,0,5,39,3,0
TCGA-AX-A3G4-01A-11D-A20S-09,2,8,1,2,2,23,3,0,3,10,2,1
TCGA-AX-A3G6-01A-11D-A20S-09,1,9,0,1,1,45,4,0,1,12,0,0
TCGA-AX-A3G7-01A-12D-A20S-09,3,6,1,1,0,21,1,0,0,8,1,0
TCGA-AX-A3G8-01A-11D-A228-09,20,136,5,33,38,520,40,0,19,230,9,0
TCGA-AX-A3G9-01A-11D-A228-09,9,140,6,27,28,414,28,0,13,192,7,2
TCGA-AX-A3GB-01A-11D-A228-09,1,17,0,4,7,67,7,0,1,29,0,0
TCGA-AX-A3GI-01A-11D-A20S-09,2,14,0,3,3,36,1,0,2,10,0,0
TCGA-AY-5543-01A-01D-1650-10,1,11,2,7,4,89,3,0,4,44,0,0
TCGA-AY-6196-01A-11D-1719-10,1,20,2,7,15,174,15,0,9,60,11,0
TCGA-AY-6197-01A-11D-1719-10,7,95,6,28,50,757,14,0,12,319,37,1
TCGA-AY-6386-01A-21D-1719-10,3,3,0,2,10,72,13,0,2,39,4,0
TCGA-AY-A54L-01A-11D-A28G-10,1,16,0,1,10,115,9,0,4,40,4,0
TCGA-AY-A69D-01A-11D-A36X-10,2,25,0,8,8,161,11,0,3,57,4,0
TCGA-AY-A71X-01A-12D-A36X-10,3,4,0,2,4,80,3,0,2,21,1,0
TCGA-AY-A8YK-01A-11D-A40P-10,1,8,0,5,2,53,5,0,0,21,1,0
TCGA-AZ-4308-01A-01D-1408-10,0,2,0,0,3,65,7,0,0,17,2,0
TCGA-AZ-4315-01A-01D-1408-10,47,962,42,223,340,5535,571,2,121,1779,84,2
TCGA-AZ-4323-01A-21D-1835-10,1,3,0,4,1,46,4,0,3,17,0,0
TCGA-AZ-4614-01A-01D-1408-10,0,20,1,10,9,150,7,0,6,63,5,1
TCGA-AZ-4615-01A-01D-1408-10,0,66,4,14,43,538,28,2,12,249,14,1
TCGA-AZ-4616-01A-21D-1835-10,0,6,1,0,5,73,5,0,2,32,4,0
TCGA-AZ-4681-01A-01D-1408-10,0,5,0,3,2,65,4,0,2,21,2,0
TCGA-AZ-4682-01B-01D-1408-10,0,5,0,1,4,62,6,0,4,25,0,0
TCGA-AZ-5403-01A-01D-1650-10,0,6,1,1,7,63,6,0,1,17,4,0
TCGA-AZ-5407-01A-01D-1719-10,0,12,0,0,5,76,8,0,1,28,1,0
TCGA-AZ-6598-01A-11D-1771-10,12,183,11,48,71,1552,68,1,27,683,37,1
TCGA-AZ-6599-01A-11D-1771-10,3,29,0,55,22,193,18,0,2,92,5,0
TCGA-AZ-6600-01A-11D-1771-10,1,11,0,5,8,101,15,0,1,38,2,0
TCGA-AZ-6601-01A-11D-1771-10,8,173,15,70,68,1630,85,0,28,698,31,3
TCGA-AZ-6603-01A-11D-1835-10,1,6,1,1,3,63,1,0,0,22,1,0
TCGA-AZ-6605-01A-11D-1835-10,2,10,0,1,5,89,8,0,4,50,2,0
TCGA-AZ-6606-01A-11D-1835-10,1,10,2,5,10,112,10,0,2,51,2,0
TCGA-AZ-6607-01A-11D-1835-10,1,5,0,0,3,62,3,0,0,25,1,1
TCGA-AZ-6608-01A-11D-1835-10,0,20,0,9,9,113,9,0,3,47,10,0
TCGA-B0-4698-01A-01D-1501-10,2,25,4,9,13,337,28,4,12,116,15,1
TCGA-B0-4700-01A-02D-1534-10,0,2,0,0,2,19,1,0,0,10,3,1
TCGA-B0-4706-01A-01D-1501-10,0,4,0,2,4,31,3,0,2,10,0,0
TCGA-B0-4710-01A-01D-1501-10,1,12,0,4,5,56,3,0,0,16,0,0
TCGA-B0-4712-01A-01D-1501-10,0,10,0,5,5,79,3,0,1,21,3,0
TCGA-B0-4810-01A-01D-1501-10,0,5,0,1,2,43,5,1,1,12,2,0
TCGA-B0-4811-01A-01D-1501-10,0,6,0,2,4,74,0,0,0,31,4,0
TCGA-B0-4815-01A-01D-1501-10,0,4,0,3,2,52,2,0,3,22,1,0
TCGA-B0-4816-01A-01D-1501-10,0,4,0,3,1,50,0,0,0,8,1,0
TCGA-B0-4818-01A-01D-1501-10,0,10,0,2,5,45,3,0,0,17,0,0
TCGA-B0-4821-01A-01D-1501-10,1,5,0,1,0,50,2,0,4,22,1,0
TCGA-B0-4823-01A-02D-1421-08,0,6,0,1,4,74,5,0,2,31,1,0
TCGA-B0-4827-01A-02D-1421-08,0,5,1,3,3,61,1,0,3,20,2,0
TCGA-B0-4842-01A-02D-1421-08,0,1,0,1,1,45,5,0,2,9,1,0
TCGA-B0-4852-01A-01D-1501-10,2,6,0,1,8,57,3,0,0,18,7,0
TCGA-B0-4945-01A-01D-1421-08,1,2,0,1,2,35,1,0,0,7,1,0
TCGA-B0-5075-01A-01D-1462-08,0,2,0,2,3,66,4,0,2,21,1,0
TCGA-B0-5077-01A-01D-1462-08,0,5,0,0,2,38,3,0,1,12,0,0
TCGA-B0-5080-01A-01D-1501-10,0,2,0,1,1,52,2,0,1,17,0,0
TCGA-B0-5081-01A-01D-1462-08,0,3,0,0,1,38,4,0,0,11,0,0
TCGA-B0-5083-01A-02D-1421-08,0,0,0,1,3,17,1,0,0,8,0,0
TCGA-B0-5084-01A-01D-1462-08,1,9,0,0,2,36,0,0,0,12,3,0
TCGA-B0-5085-01A-01D-1462-08,0,4,0,6,4,49,7,0,0,16,4,0
TCGA-B0-5088-01A-01D-1462-08,0,2,1,1,3,49,3,0,1,19,2,0
TCGA-B0-5092-01A-01D-1421-08,0,5,0,1,2,59,6,0,0,21,0,0
TCGA-B0-5094-01A-01D-1421-08,0,4,0,2,4,63,3,0,0,13,2,0
TCGA-B0-5095-01A-01D-1421-08,0,6,0,2,2,57,3,0,0,18,1,0
TCGA-B0-5096-01A-01D-1421-08,0,1,0,2,1,59,6,0,2,30,4,1
TCGA-B0-5097-01A-01D-1421-08,0,3,0,0,2,45,5,0,4,11,2,0
TCGA-B0-5098-01A-01D-1421-08,0,38,4,9,21,419,23,0,6,164,24,1
TCGA-B0-5099-01A-01D-1421-08,0,4,0,8,2,48,4,0,3,9,2,0
TCGA-B0-5100-01A-01D-1421-08,1,0,0,1,1,23,0,0,0,11,0,0
TCGA-B0-5102-01A-01D-1421-08,0,0,1,0,1,33,3,0,1,8,2,0
TCGA-B0-5104-01A-01D-1421-08,0,6,0,1,4,38,5,0,0,14,4,0
TCGA-B0-5106-01A-01D-1421-08,0,3,0,0,1,56,5,0,2,20,1,0
TCGA-B0-5107-01A-01D-1421-08,0,3,0,3,2,34,5,0,2,13,3,1
TCGA-B0-5108-01A-01D-1421-08,0,4,0,0,1,28,1,0,1,10,2,0
TCGA-B0-5109-01A-02D-1421-08,0,2,0,1,4,35,4,0,1,5,2,0
TCGA-B0-5110-01A-01D-1421-08,0,5,0,1,3,40,2,1,0,16,1,1
TCGA-B0-5113-01A-01D-1421-08,0,2,0,2,1,27,1,0,0,10,1,0
TCGA-B0-5115-01A-01D-1421-08,0,1,2,1,0,35,8,0,0,6,2,0
TCGA-B0-5116-01A-02D-1421-08,0,3,0,1,2,41,1,0,0,16,2,0
TCGA-B0-5117-01A-01D-1421-08,0,1,0,0,1,10,1,0,0,7,0,0
TCGA-B0-5119-01A-02D-1421-08,0,6,0,2,1,62,4,0,1,18,2,0
TCGA-B0-5120-01A-01D-1421-08,0,2,1,4,0,37,4,0,4,20,3,0
TCGA-B0-5121-01A-02D-1421-08,0,3,0,0,2,31,2,0,1,14,2,0
TCGA-B0-5399-01A-01D-1501-10,0,4,0,1,4,28,3,0,0,13,1,0
TCGA-B0-5400-01A-01D-1501-10,0,0,0,0,1,29,2,0,0,13,2,0
TCGA-B0-5402-01A-01D-1501-10,1,2,0,1,1,44,3,0,0,4,0,2
TCGA-B0-5690-01A-11D-1534-10,1,2,0,0,3,49,1,0,0,18,3,0
TCGA-B0-5691-01A-11D-1534-10,0,1,1,2,0,43,2,0,0,11,0,0
TCGA-B0-5692-01A-11D-1534-10,0,6,0,4,1,35,4,0,1,19,0,0
TCGA-B0-5693-01A-11D-1534-10,0,2,0,1,1,28,3,0,1,6,0,0
TCGA-B0-5694-01A-11D-1534-10,0,7,2,2,1,37,4,0,0,15,1,0
TCGA-B0-5695-01A-11D-1534-10,0,5,0,2,3,50,4,0,1,15,1,0
TCGA-B0-5696-01A-11D-1534-10,0,2,0,0,1,38,3,0,0,14,4,0
TCGA-B0-5697-01A-11D-1534-10,0,7,2,1,1,43,2,0,2,17,1,0
TCGA-B0-5698-01A-11D-1669-08,1,6,0,0,6,47,7,0,0,10,1,0
TCGA-B0-5699-01A-11D-1534-10,0,8,0,3,1,31,3,0,0,14,3,0
TCGA-B0-5700-01A-11D-1534-10,0,9,0,3,0,45,2,0,2,10,4,0
TCGA-B0-5701-01A-11D-1534-10,2,7,0,1,7,80,0,0,1,23,0,0
TCGA-B0-5702-01A-11D-1534-10,0,3,0,0,2,50,5,0,3,13,2,0
TCGA-B0-5703-01A-11D-1534-10,1,6,0,3,4,49,5,0,3,16,1,0
TCGA-B0-5705-01A-11D-1534-10,1,2,0,4,2,49,6,0,0,24,1,0
TCGA-B0-5706-01A-11D-1534-10,0,2,0,1,3,39,3,0,0,17,1,0
TCGA-B0-5707-01A-11D-1534-10,0,4,0,1,2,25,1,0,1,12,0,0
TCGA-B0-5709-01A-11D-1534-10,1,3,0,1,5,54,5,0,0,20,0,0
TCGA-B0-5710-01A-11D-1669-08,0,2,0,0,0,30,1,0,0,11,0,0
TCGA-B0-5711-01A-11D-1669-08,0,3,0,0,0,21,3,0,1,4,1,0
TCGA-B0-5712-01A-11D-1669-08,0,6,1,4,4,62,6,0,0,24,4,0
TCGA-B0-5713-01A-11D-1669-08,0,8,2,3,1,76,2,1,0,19,3,0
TCGA-B0-5812-01A-11D-1669-08,0,3,0,0,0,32,5,0,2,11,2,0
TCGA-B1-5398-01A-02D-1589-08,0,2,0,2,8,62,9,0,2,34,5,0
TCGA-B1-7332-01A-11D-2136-08,0,6,0,2,2,32,1,0,0,15,0,0
TCGA-B1-A47M-01A-11D-A25F-10,0,11,0,2,2,61,4,1,0,27,1,1
TCGA-B1-A47N-01A-11D-A25F-10,0,3,0,1,2,24,1,0,0,7,1,0
TCGA-B1-A47O-01A-11D-A25F-10,0,3,0,0,2,23,0,0,0,13,0,0
TCGA-B1-A654-01A-11D-A31X-10,0,6,0,2,5,46,3,0,1,13,0,1
TCGA-B1-A655-01A-11D-A31Z-10,3,9,0,4,5,56,3,0,1,28,2,0
TCGA-B1-A656-01A-11D-A31X-10,0,9,1,5,11,71,8,0,2,28,3,0
TCGA-B1-A657-01A-11D-A31X-10,0,9,0,9,4,55,1,0,0,23,1,1
TCGA-B2-3923-01A-02D-A270-10,0,0,1,2,1,20,2,0,1,4,1,0
TCGA-B2-4098-01A-02D-1386-10,0,4,0,3,1,31,3,0,2,21,0,0
TCGA-B2-4099-01A-02D-1251-10,0,1,0,1,5,44,2,0,1,18,2,0
TCGA-B2-4101-01A-02D-1458-08,0,3,0,2,1,32,3,0,0,10,4,0
TCGA-B2-4102-01A-02D-1386-10,0,3,0,3,0,53,2,0,0,20,2,0
TCGA-B2-5633-01A-01D-A270-10,0,3,0,1,6,34,4,1,3,16,1,0
TCGA-B2-5635-01A-01D-A270-10,1,6,1,4,6,40,0,0,0,15,2,1
TCGA-B2-5636-01A-02D-1534-10,2,1,0,0,0,13,0,0,0,6,1,0
TCGA-B2-5639-01A-01D-1534-10,0,6,0,3,3,36,3,0,1,13,1,0
TCGA-B2-5641-01A-01D-1534-10,0,9,0,0,5,48,3,0,1,20,1,0
TCGA-B2-A4SR-01A-11D-A25V-10,1,4,0,1,0,34,2,0,1,14,0,0
TCGA-B3-3925-01A-01D-1458-08,2,7,0,1,2,46,7,0,2,20,2,0
TCGA-B3-3926-01A-01D-1252-08,0,1,0,1,1,10,0,0,0,0,1,0
TCGA-B3-4103-01A-01D-1458-08,0,3,0,1,3,41,1,0,1,14,0,0
TCGA-B3-4104-01A-01D-1458-08,1,1,0,2,4,56,8,0,2,26,3,1
TCGA-B3-8121-01A-21D-2396-08,0,2,1,2,1,21,3,0,0,8,0,0
TCGA-B3-A6W5-01A-12D-A33Q-10,0,4,0,6,1,26,0,0,0,11,1,0
TCGA-B4-5377-01A-01D-1501-10,0,2,0,2,2,35,4,0,0,18,3,0
TCGA-B4-5832-01A-11D-1669-08,0,4,0,1,3,52,1,1,1,19,1,0
TCGA-B4-5834-01A-11D-1669-08,1,2,0,0,2,21,1,0,0,13,1,0
TCGA-B4-5835-01A-11D-1669-08,0,2,0,1,2,47,14,0,0,11,1,0
TCGA-B4-5836-01A-11D-1669-08,0,4,0,1,3,44,5,0,0,26,1,0
TCGA-B4-5838-01A-11D-1669-08,0,8,0,4,1,51,2,1,0,18,1,0
TCGA-B4-5843-01A-11D-1669-08,0,2,0,1,2,34,1,0,0,8,2,0
TCGA-B4-5844-01A-11D-1669-08,0,4,0,0,3,46,3,0,0,13,5,0
TCGA-B5-A0JN-01A-11D-A10B-09,1,4,0,3,8,115,7,0,2,45,6,0
TCGA-B5-A0JS-01A-11D-A10B-09,1,2,0,0,1,23,3,0,1,6,0,0
TCGA-B5-A0JT-01A-21D-A122-09,0,2,0,1,2,52,2,0,0,13,3,1
TCGA-B5-A0JU-01B-11D-A14G-09,8,84,8,28,26,266,13,2,7,161,3,0
TCGA-B5-A0JX-01A-21D-A14K-09,0,14,1,5,6,51,4,0,1,19,1,0
TCGA-B5-A0JY-01A-11D-A10B-09,67,1158,61,298,462,8107,1246,12,206,2366,181,8
TCGA-B5-A0K8-01A-11D-A14K-09,0,4,2,3,2,35,2,0,1,18,0,0
TCGA-B5-A0K9-01A-21D-A10O-09,5,56,1,20,25,534,22,0,16,230,18,0
TCGA-B5-A0KB-01B-11D-A14G-09,0,9,0,2,0,27,3,0,2,11,1,0
TCGA-B5-A11E-01A-11D-A10M-09,45,752,51,230,410,8061,650,7,176,3024,166,5
TCGA-B5-A11F-01A-11D-A10M-09,0,6,0,0,1,32,2,1,1,13,0,0
TCGA-B5-A11G-01A-13D-A122-09,6,36,2,12,32,378,15,1,10,172,18,0
TCGA-B5-A11H-01A-11D-A122-09,6,69,3,36,30,651,35,0,11,290,15,4
TCGA-B5-A11I-01A-11D-A10M-09,1,2,0,3,3,42,3,0,2,13,3,0
TCGA-B5-A11J-01A-11D-A122-09,0,31,1,16,20,296,27,0,6,131,8,1
TCGA-B5-A11L-01B-21D-A13L-09,1,10,0,7,5,91,6,0,3,30,2,0
TCGA-B5-A11M-01A-11D-A122-09,0,0,0,0,0,27,3,0,1,7,0,0
TCGA-B5-A11N-01A-11D-A122-09,10,180,10,57,89,1566,277,1,38,453,26,2
TCGA-B5-A11O-01A-11D-A122-09,0,11,0,5,2,76,5,0,0,23,1,0
TCGA-B5-A11P-01B-11D-A14G-09,2,10,2,3,0,36,2,0,1,16,1,0
TCGA-B5-A11Q-01A-11D-A122-09,0,2,0,3,0,36,2,0,0,7,1,0
TCGA-B5-A11R-01A-11D-A122-09,10,77,5,44,35,515,50,0,7,199,10,0
TCGA-B5-A11S-01A-11D-A122-09,0,2,0,1,0,44,1,0,1,10,1,0
TCGA-B5-A11U-01A-11D-A122-09,3,20,1,8,14,230,15,0,7,125,6,0
TCGA-B5-A11V-01A-11D-A10M-09,0,3,0,2,2,48,3,0,1,15,0,0
TCGA-B5-A11W-01A-12D-A122-09,0,3,0,0,4,62,6,0,0,15,1,0
TCGA-B5-A11X-01A-11D-A10M-09,0,2,0,2,2,47,2,1,0,18,1,0
TCGA-B5-A11Y-01A-21D-A10M-09,6,62,8,28,23,846,44,1,22,403,9,1
TCGA-B5-A11Z-01A-11D-A10M-09,0,4,0,2,5,44,3,0,0,19,0,0
TCGA-B5-A121-01A-31D-A122-09,0,5,0,0,0,23,2,0,1,9,2,0
TCGA-B5-A1MR-01A-31D-A14G-09,147,2081,54,166,346,5445,662,8,196,1469,114,8
TCGA-B5-A1MS-01B-11D-A228-09,0,8,1,0,3,38,3,0,0,10,0,0
TCGA-B5-A1MU-01A-11D-A13L-09,0,1,0,3,0,28,2,0,1,6,1,0
TCGA-B5-A1MV-01A-31D-A14G-09,1,13,0,3,1,46,4,0,2,20,3,0
TCGA-B5-A1MW-01A-11D-A17D-09,22,173,2,25,29,393,15,1,20,159,18,1
TCGA-B5-A1MX-01A-11D-A142-09,101,1391,66,256,408,4462,354,6,164,2082,244,10
TCGA-B5-A1MY-01A-11D-A142-09,0,3,0,0,0,39,3,1,1,13,1,0
TCGA-B5-A1MZ-01A-11D-A142-09,2,11,1,0,1,41,1,0,1,14,2,1
TCGA-B5-A1N2-01A-21D-A142-09,2,14,1,6,4,124,7,0,3,30,1,0
TCGA-B5-A3F9-01A-21D-A228-09,3,9,1,3,2,45,4,0,2,24,1,0
TCGA-B5-A3FA-01A-11D-A19Y-09,255,3199,99,322,676,8572,506,10,360,3375,232,6
TCGA-B5-A3FB-01A-11D-A19Y-09,3,7,0,1,2,37,2,0,3,21,0,0
TCGA-B5-A3FC-01A-11D-A228-09,266,3179,151,457,724,10624,665,3,359,4896,193,7
TCGA-B5-A3FD-01A-11D-A19Y-09,1,10,1,0,4,31,1,0,1,19,1,0
TCGA-B5-A3FH-01A-11D-A19Y-09,0,3,0,1,2,26,1,0,1,18,0,0
TCGA-B5-A3S1-01A-11D-A228-09,3,19,2,2,5,73,8,0,4,28,0,0
TCGA-B5-A5OC-01A-21D-A27P-09,17,212,9,43,47,703,33,0,23,327,23,2
TCGA-B5-A5OD-01A-11D-A31U-09,1,9,1,0,2,41,2,0,0,8,0,0
TCGA-B5-A5OE-01A-11D-A31U-09,0,15,1,2,2,58,3,0,3,27,4,0
TCGA-B6-A0I1-01A-11D-A21Q-09,0,14,1,2,4,44,2,0,2,10,1,0
TCGA-B6-A0IH-01A-11D-A10Y-09,0,0,0,1,2,26,4,0,0,8,0,0
TCGA-B6-A0RH-01A-21D-A10Y-09,0,1,0,2,1,28,3,0,0,9,1,0
TCGA-B6-A0RL-01A-11D-A099-09,0,1,0,3,5,40,3,0,0,15,1,1
TCGA-B6-A0RM-01A-11D-A099-09,1,1,0,1,1,21,2,0,0,9,0,0
TCGA-B6-A0RN-01A-12D-A099-09,0,0,0,1,0,20,0,0,1,11,0,0
TCGA-B6-A0RO-01A-22D-A099-09,0,4,0,1,4,24,4,0,1,4,1,0
TCGA-B6-A0RP-01A-21D-A099-09,1,3,1,1,1,17,1,0,0,4,1,0
TCGA-B6-A0RQ-01A-11D-A10Y-09,0,0,0,1,2,33,2,0,0,15,3,0
TCGA-B6-A0RT-01A-21D-A099-09,0,2,0,2,1,49,3,0,0,13,2,0
TCGA-B6-A0RU-01A-11D-A099-09,1,3,0,1,4,33,6,0,0,10,0,0
TCGA-B6-A0RV-01A-11D-A099-09,0,8,0,0,2,29,3,0,3,19,3,0
TCGA-B6-A0WS-01A-11D-A10Y-09,0,1,0,0,0,10,1,0,0,6,0,0
TCGA-B6-A0WT-01A-11D-A10G-09,1,0,0,1,1,11,1,0,0,6,1,0
TCGA-B6-A0WV-01A-11D-A10G-09,1,3,0,2,1,20,0,0,0,10,0,0
TCGA-B6-A0WW-01A-11D-A10G-09,0,4,2,1,0,24,3,0,0,12,1,0
TCGA-B6-A0WX-01A-11D-A10G-09,0,4,0,0,1,23,1,0,2,13,1,0
TCGA-B6-A0WY-01A-11D-A10G-09,0,4,0,1,0,23,4,0,0,3,0,0
TCGA-B6-A0WZ-01A-11D-A10G-09,1,3,1,4,0,53,3,0,1,29,0,0
TCGA-B6-A0X0-01A-21D-A10Y-09,0,0,0,2,1,14,1,0,0,7,0,0
TCGA-B6-A0X1-01A-11D-A10G-09,0,7,0,1,5,54,4,0,1,18,2,0
TCGA-B6-A0X4-01A-11D-A10G-09,0,1,0,0,0,12,4,0,0,5,0,0
TCGA-B6-A0X5-01A-21D-A10G-09,0,4,0,0,2,26,1,0,1,12,2,0
TCGA-B6-A0X7-01A-11D-A10M-09,0,1,0,0,1,11,1,0,0,9,0,0
TCGA-B6-A1KN-01A-11D-A13L-09,1,6,0,0,2,47,2,0,0,12,2,0
TCGA-B6-A2IU-01A-32D-A19T-09,0,3,1,3,1,28,6,0,2,10,0,0
TCGA-B6-A401-01A-11D-A23C-09,0,2,1,2,1,14,2,0,1,5,0,0
TCGA-B6-A409-01A-11D-A243-09,0,7,0,0,3,23,2,0,1,19,1,0
TCGA-B6-A40B-01A-11D-A23C-09,0,8,0,2,2,38,1,0,2,13,0,0
TCGA-B6-A40C-01A-11D-A23C-09,1,8,0,0,3,28,2,0,0,12,0,0
TCGA-B7-5816-01A-21D-1600-08,2,66,2,18,30,893,28,1,10,333,24,0
TCGA-B7-5818-01A-11D-1600-08,2,27,0,14,20,300,14,0,7,105,5,0
TCGA-B7-A5TI-01A-11D-A31L-08,3,32,3,8,18,412,21,1,7,181,6,1
TCGA-B7-A5TJ-01A-11D-A31L-08,0,6,1,2,5,195,11,0,9,82,1,0
TCGA-B7-A5TK-01A-12D-A31L-08,1,3,1,1,0,40,2,0,2,20,0,0
TCGA-B7-A5TN-01A-21D-A31L-08,0,4,0,2,3,59,3,0,0,28,1,0
TCGA-B8-4143-01A-01D-1806-10,1,1,0,2,3,51,4,0,1,22,1,0
TCGA-B8-4146-01B-11D-1669-08,0,2,0,0,3,26,1,0,1,11,1,0
TCGA-B8-4148-01A-02D-1386-10,1,0,1,1,4,25,0,0,2,7,0,0
TCGA-B8-4151-01A-01D-1806-10,0,1,0,3,2,41,2,0,1,12,2,0
TCGA-B8-4153-01B-11D-1669-08,1,4,2,4,5,51,3,0,0,19,0,1
TCGA-B8-4154-01A-01D-1251-10,1,3,0,0,3,40,2,0,4,10,2,0
TCGA-B8-4619-01A-02D-1386-10,0,2,0,0,2,17,0,0,1,1,0,0
TCGA-B8-4620-01A-02D-1386-10,0,6,0,0,2,45,0,0,0,3,0,0
TCGA-B8-4621-01A-01D-1501-10,1,10,0,3,0,56,2,0,2,17,3,0
TCGA-B8-5158-01A-01D-1421-08,0,3,0,0,1,44,2,0,1,15,4,0
TCGA-B8-5159-01A-01D-1421-08,0,6,0,2,3,38,5,0,0,9,0,0
TCGA-B8-5162-01A-01D-1421-08,0,1,0,3,0,55,2,0,1,16,0,0
TCGA-B8-5163-01A-01D-1421-08,0,3,2,3,3,48,2,0,2,19,1,0
TCGA-B8-5164-01A-01D-1421-08,1,2,0,1,1,57,7,0,0,18,3,0
TCGA-B8-5165-01A-01D-1421-08,0,2,0,1,0,14,2,0,0,6,1,0
TCGA-B8-5545-01A-01D-1669-08,0,3,0,1,0,15,2,0,1,9,0,0
TCGA-B8-5546-01A-01D-1534-10,0,3,0,1,1,11,0,0,0,2,1,0
TCGA-B8-5549-01A-01D-1534-10,0,4,1,2,1,36,1,0,1,19,1,0
TCGA-B8-5550-01A-01D-1534-10,1,10,0,3,4,76,5,0,2,23,4,0
TCGA-B8-5551-01A-01D-1534-10,0,9,1,3,2,37,4,0,0,14,1,0
TCGA-B8-5552-01B-11D-1669-08,0,2,0,0,1,23,2,0,0,3,0,0
TCGA-B8-5553-01A-01D-1534-10,0,4,0,2,4,41,5,0,2,9,2,0
TCGA-B8-A54D-01A-21D-A25V-10,0,8,0,3,0,44,4,0,3,13,1,0
TCGA-B8-A54E-01A-11D-A25V-10,0,4,0,0,1,38,1,0,2,9,0,0
TCGA-B8-A54F-01A-11D-A25V-10,0,2,0,1,1,23,3,0,0,9,1,0
TCGA-B8-A54G-01A-11D-A25V-10,1,5,0,6,4,32,1,0,0,10,1,0
TCGA-B8-A54H-01A-11D-A33K-10,0,6,1,3,6,58,0,0,3,13,2,0
TCGA-B8-A54I-01A-21D-A33K-10,0,9,0,3,1,46,2,0,3,18,0,0
TCGA-B8-A54J-01A-11D-A33K-10,1,5,0,2,0,46,2,1,3,20,2,0
TCGA-B8-A54K-01A-11D-A33K-10,1,2,0,2,2,13,2,0,0,10,1,0
TCGA-B8-A7U6-01A-12D-A36X-10,1,6,1,3,2,50,3,0,0,17,1,0
TCGA-B8-A8YJ-01A-13D-A38X-10,0,2,0,1,2,33,2,0,0,9,0,0
TCGA-B9-4113-01A-01D-1252-08,1,4,0,3,3,37,4,0,0,18,4,0
TCGA-B9-4114-01A-01D-1252-08,1,2,0,1,2,53,3,0,0,20,0,0
TCGA-B9-4115-01A-01D-1553-08,0,7,0,2,0,41,2,0,0,20,1,1
TCGA-B9-4116-01A-01D-1252-08,0,1,1,2,1,54,5,0,0,22,3,0
TCGA-B9-4117-01A-01D-1252-08,0,1,1,0,2,32,2,0,0,10,0,0
TCGA-B9-4617-01A-01D-1252-08,1,3,0,1,0,34,2,0,1,10,0,0
TCGA-B9-5155-01A-01D-1589-08,0,7,0,5,3,69,5,0,1,27,1,1
TCGA-B9-5156-01A-01D-1589-08,0,2,0,2,0,63,0,0,2,20,1,0
TCGA-B9-7268-01A-11D-2136-08,1,3,0,3,3,30,1,0,1,18,0,0
TCGA-B9-A44B-01A-11D-A25F-10,0,14,0,5,3,94,3,0,4,31,1,0
TCGA-B9-A5W7-01A-11D-A31X-10,0,5,1,0,1,10,1,0,0,4,0,0
TCGA-B9-A5W8-01A-11D-A28G-10,1,0,0,1,0,22,3,1,0,19,3,0
TCGA-B9-A5W9-01A-11D-A28G-10,0,8,0,6,2,39,2,0,0,13,0,0
TCGA-B9-A69E-01A-11D-A31X-10,0,15,1,6,2,62,1,1,1,19,0,0
TCGA-B9-A8YH-01A-11D-A36X-10,0,6,0,6,4,69,1,0,1,26,3,0
TCGA-B9-A8YI-01A-21D-A36X-10,1,11,0,4,7,76,5,2,4,24,4,0
TCGA-BA-4074-01A-01D-1434-08,1,5,0,2,5,105,8,0,2,40,1,1
TCGA-BA-4075-01A-01D-1434-08,0,13,2,4,9,111,10,0,3,52,4,0
TCGA-BA-4076-01A-01D-1434-08,1,20,3,13,11,251,21,0,11,83,10,0
TCGA-BA-4077-01B-01D-1434-08,1,16,1,10,11,232,20,0,5,96,5,0
TCGA-BA-4078-01A-01D-1434-08,1,34,4,23,18,320,30,0,15,130,14,1
TCGA-BA-5149-01A-01D-1512-08,0,6,0,6,1,94,6,0,2,27,0,0
TCGA-BA-5151-01A-01D-1434-08,0,3,0,3,2,55,7,0,3,29,2,0
TCGA-BA-5152-01A-02D-1870-08,2,27,2,15,21,365,39,1,9,157,8,1
TCGA-BA-5153-01A-01D-1434-08,0,3,0,0,1,35,1,0,0,9,0,0
TCGA-BA-5555-01A-01D-1512-08,0,4,0,5,3,113,12,0,1,28,1,0
TCGA-BA-5556-01A-01D-1512-08,0,7,1,1,6,113,7,0,4,36,1,0
TCGA-BA-5557-01A-01D-1512-08,0,0,0,2,2,33,1,0,0,17,2,0
TCGA-BA-5558-01A-01D-1512-08,1,9,1,5,10,105,8,0,2,64,1,0
TCGA-BA-5559-01A-01D-1512-08,0,2,1,5,0,53,5,1,2,24,0,0
TCGA-BA-6868-01B-12D-1912-08,1,7,0,4,5,117,9,0,4,43,1,0
TCGA-BA-6869-01A-11D-1870-08,1,16,3,15,18,362,30,0,12,133,10,1
TCGA-BA-6870-01A-11D-1870-08,0,1,0,5,0,63,4,0,3,25,2,0
TCGA-BA-6871-01A-11D-1870-08,0,6,0,2,3,107,6,0,0,35,7,0
TCGA-BA-6872-01A-11D-1870-08,0,14,0,4,7,130,6,0,4,33,3,0
TCGA-BA-6873-01A-11D-1870-08,0,3,0,0,2,45,4,1,1,19,0,0
TCGA-BA-7269-01A-11D-2012-08,2,2,1,1,1,68,5,0,2,25,1,0
TCGA-BA-A4IF-01A-11D-A25Y-08,1,7,0,2,1,75,6,0,1,20,1,0
TCGA-BA-A4IG-01A-11D-A25Y-08,3,10,1,5,9,88,10,0,2,40,1,0
TCGA-BA-A4IH-01A-11D-A25Y-08,0,3,0,2,0,41,2,0,0,9,0,0
TCGA-BA-A4II-01A-11D-A25Y-08,0,6,2,0,2,74,6,0,0,35,4,0
TCGA-BA-A6D8-01A-31D-A31L-08,0,6,1,8,5,84,9,0,6,24,4,0
TCGA-BA-A6DA-01A-31D-A31L-08,3,28,4,16,27,521,37,2,17,198,20,1
TCGA-BA-A6DB-01A-11D-A30E-08,0,1,0,0,0,16,2,0,0,5,0,0
TCGA-BA-A6DD-01A-12D-A31L-08,0,1,0,0,1,50,0,0,0,17,3,0
TCGA-BA-A6DE-01A-22D-A31L-08,1,6,0,2,6,91,5,0,4,36,1,0
TCGA-BA-A6DF-01A-11D-A30E-08,0,8,0,2,5,115,13,0,0,37,1,0
TCGA-BA-A6DG-01A-21D-A30E-08,1,1,0,0,3,18,3,0,0,12,0,0
TCGA-BA-A6DI-01A-11D-A30E-08,2,4,0,2,3,81,8,0,2,20,1,1
TCGA-BA-A6DJ-01A-11D-A30E-08,1,9,3,9,8,195,15,0,3,89,3,1
TCGA-BA-A6DL-01A-21D-A30E-08,1,4,0,3,5,67,4,0,2,20,4,0
TCGA-BA-A8YP-01A-11D-A391-08,0,6,3,8,10,113,7,1,3,40,5,1
TCGA-BB-4217-01A-11D-2078-08,0,1,0,2,1,25,0,0,0,10,0,0
TCGA-BB-4223-01A-01D-1434-08,1,17,1,8,8,157,15,0,1,64,3,0
TCGA-BB-4224-01A-01D-1434-08,0,4,1,5,5,59,6,0,1,18,2,0
TCGA-BB-4225-01A-01D-1434-08,0,3,0,1,2,51,2,0,0,27,1,1
TCGA-BB-4227-01A-01D-1870-08,0,17,1,14,9,175,17,0,2,96,2,0
TCGA-BB-4228-01A-01D-1434-08,1,2,1,2,5,29,4,0,2,9,0,0
TCGA-BB-7870-01A-11D-2229-08,2,19,0,8,6,215,12,0,7,78,7,0
TCGA-BB-8596-01A-11D-2394-08,0,7,0,2,3,64,5,0,2,34,1,0
TCGA-BB-8601-01A-11D-2394-08,3,4,0,0,1,44,4,0,0,21,1,0
TCGA-BB-A5HU-01A-11D-A28R-08,0,14,2,9,13,139,13,0,0,56,1,0
TCGA-BB-A5HY-01A-11D-A28R-08,0,22,1,8,10,160,7,0,2,54,3,0
TCGA-BB-A5HZ-01A-21D-A28R-08,1,4,0,5,1,47,3,0,2,27,0,0
TCGA-BB-A6UM-01A-12D-A34J-08,0,6,0,1,3,49,5,0,2,22,1,0
TCGA-BB-A6UO-01A-12D-A34J-08,0,9,0,2,4,78,5,0,1,35,4,0
TCGA-BC-4073-01B-02D-A12Z-10,0,22,0,1,5,107,8,0,5,46,2,0
TCGA-BC-A10Q-01A-11D-A12Z-10,1,2,0,2,0,27,2,0,0,14,1,0
TCGA-BC-A10R-01A-11D-A12Z-10,0,4,0,3,3,95,6,0,0,26,2,0
TCGA-BC-A10T-01A-11D-A12Z-10,2,12,0,5,3,57,2,1,2,25,3,0
TCGA-BC-A10U-01A-11D-A12Z-10,0,16,1,3,3,104,9,0,3,28,5,0
TCGA-BC-A10W-01A-11D-A12Z-10,0,12,2,2,3,79,4,0,2,33,2,0
TCGA-BC-A10X-01A-11D-A12Z-10,0,0,0,0,0,1,0,0,0,3,0,0
TCGA-BC-A10Y-01A-11D-A12Z-10,0,9,1,2,4,47,3,0,0,20,0,1
TCGA-BC-A10Z-01A-11D-A12Z-10,2,18,5,5,7,134,10,0,3,44,2,1
TCGA-BC-A216-01A-11D-A152-10,0,7,0,4,1,55,4,0,0,17,3,0
TCGA-BC-A217-01A-11D-A152-10,1,14,0,6,7,87,3,0,4,31,1,0
TCGA-BC-A3KF-01A-11D-A20W-10,2,13,1,9,4,70,3,0,2,29,2,0
TCGA-BC-A5W4-01A-11D-A28X-10,0,10,0,2,3,54,3,0,1,18,2,0
TCGA-BC-A69H-01A-11D-A30V-10,0,16,1,7,6,84,5,0,3,36,3,0
TCGA-BC-A8YO-01A-11D-A36X-10,0,14,0,4,2,49,3,1,1,19,0,1
TCGA-BD-A2L6-01A-11D-A20W-10,0,10,1,6,1,55,4,1,1,16,1,0
TCGA-BD-A3EP-01A-11D-A22F-10,1,11,0,4,0,90,6,0,1,20,2,0
TCGA-BD-A3ER-01A-11D-A20W-10,1,8,1,2,1,38,6,0,1,16,1,0
TCGA-BF-A1PU-01A-11D-A19A-08,0,2,0,0,3,63,9,0,0,33,2,0
TCGA-BF-A1PV-01A-11D-A19A-08,1,19,1,7,6,230,8,0,6,110,3,0
TCGA-BF-A1PX-01A-12D-A19A-08,1,9,1,6,6,252,16,0,2,163,1,0
TCGA-BF-A1PZ-01A-11D-A19A-08,1,7,1,9,11,180,16,0,3,98,6,1
TCGA-BF-A1Q0-01A-21D-A19A-08,4,39,3,10,17,523,28,1,10,309,9,1
TCGA-BF-A3DJ-01A-11D-A20D-08,1,10,2,5,4,106,8,0,5,52,5,0
TCGA-BF-A3DL-01A-11D-A20D-08,3,19,2,12,12,342,16,0,6,192,2,0
TCGA-BF-A3DM-01A-11D-A20D-08,4,24,3,11,15,342,22,0,9,213,7,0
TCGA-BF-A3DN-01A-11D-A20D-08,1,3,1,3,1,59,2,0,4,30,5,0
TCGA-BF-A5EO-01A-12D-A27K-08,1,45,5,18,23,469,29,0,7,251,11,0
TCGA-BF-A5EP-01A-12D-A27K-08,2,8,0,1,8,129,9,0,5,60,2,0
TCGA-BF-A5EQ-01A-21D-A27K-08,6,28,5,11,17,457,26,0,11,240,8,0
TCGA-BF-A5ER-01A-12D-A27K-08,1,18,0,6,9,140,5,0,5,87,5,0
TCGA-BF-A5ES-01A-11D-A27K-08,0,42,4,17,16,376,22,0,10,223,4,0
TCGA-BF-A9VF-01A-11D-A372-08,1,2,1,2,6,59,8,0,1,44,1,0
TCGA-BF-AAOU-01A-12D-A397-08,1,14,3,10,11,238,17,0,4,152,2,0
TCGA-BF-AAOX-01A-11D-A397-08,5,69,8,28,43,944,55,0,22,524,16,1
TCGA-BF-AAP0-06A-11D-A397-08,1,22,2,8,8,352,22,0,6,214,6,1
TCGA-BF-AAP1-01A-11D-A397-08,5,61,3,24,34,627,37,0,19,399,10,0
TCGA-BF-AAP2-01A-11D-A401-08,3,84,3,28,36,1013,66,1,19,564,13,3
TCGA-BF-AAP4-01A-11D-A401-08,3,31,6,17,35,612,39,0,11,362,8,0
TCGA-BF-AAP6-01A-11D-A401-08,1,3,0,2,2,55,1,0,1,26,0,0
TCGA-BF-AAP7-01A-11D-A401-08,1,17,2,9,13,351,19,1,6,194,4,1
TCGA-BF-AAP8-01A-11D-A401-08,0,2,0,0,0,10,0,0,0,2,0,0
TCGA-BG-A0M8-01A-12D-A10B-09,0,9,0,2,3,53,6,0,3,24,1,0
TCGA-BG-A0MA-01A-11D-A17D-09,0,6,0,2,2,32,4,0,0,12,1,0
TCGA-BG-A0MG-01A-21D-A10B-09,1,6,0,7,5,77,10,1,3,39,0,0
TCGA-BG-A0MK-01A-51D-A19Y-09,1,20,0,8,1,63,4,0,3,29,2,1
TCGA-BG-A0MQ-01A-11D-A10B-09,1,38,1,15,32,404,17,1,4,185,14,0
TCGA-BG-A0MU-01A-11D-A10B-09,0,4,2,5,1,47,1,0,0,21,2,0
TCGA-BG-A0RY-01A-11D-A10B-09,1,6,0,1,2,38,3,0,2,16,1,0
TCGA-BG-A0VV-01A-21D-A122-09,0,8,0,1,2,31,7,0,1,10,0,0
TCGA-BG-A0VW-01A-11D-A122-09,2,30,2,8,16,329,18,0,1,163,4,0
TCGA-BG-A0VX-01A-11D-A122-09,4,17,0,6,7,154,9,0,3,67,3,0
TCGA-BG-A0VZ-01A-11D-A10G-09,1,22,1,13,9,215,16,0,5,112,6,2
TCGA-BG-A0W1-01A-12D-A10G-09,0,2,1,2,1,43,4,0,1,21,1,0
TCGA-BG-A0W2-01A-11D-A117-09,0,2,0,2,1,25,1,0,0,15,2,0
TCGA-BG-A0YU-01A-21D-A10M-09,0,3,0,0,1,13,4,0,1,8,0,0
TCGA-BG-A0YV-01A-11D-A10M-09,1,2,1,2,7,60,4,0,3,18,0,1
TCGA-BG-A186-01A-11D-A12J-09,0,1,0,3,2,23,0,0,0,9,1,0
TCGA-BG-A187-01A-11D-A12J-09,1,2,1,4,4,69,5,0,1,21,1,0
TCGA-BG-A18A-01A-21D-A12J-09,1,3,0,4,1,42,4,0,1,23,0,0
TCGA-BG-A18B-01A-11D-A12J-09,1,32,1,9,11,239,21,0,5,92,6,0
TCGA-BG-A18C-01A-11D-A12J-09,1,3,0,2,3,35,3,0,0,11,2,0
TCGA-BG-A220-01A-11D-A159-09,9,145,13,27,32,493,33,0,20,221,9,1
TCGA-BG-A221-01A-21D-A159-09,16,181,8,44,62,871,36,0,34,435,37,2
TCGA-BG-A222-01A-11D-A159-09,76,1039,47,201,291,3533,121,6,110,1546,105,5
TCGA-BG-A2AE-01A-11D-A16D-09,0,5,0,3,4,45,4,0,1,20,2,0
TCGA-BG-A2L7-01A-11D-A18P-09,10,125,5,26,22,360,25,0,17,163,11,2
TCGA-BG-A3EW-01A-11D-A228-09,14,99,4,17,25,291,26,1,10,131,9,1
TCGA-BG-A3PP-01A-11D-A228-09,2,9,2,1,2,34,3,0,2,17,2,0
TCGA-BH-A0AU-01A-11D-A12Q-09,0,0,0,0,0,12,3,0,0,8,0,0
TCGA-BH-A0AV-01A-31D-A10Y-09,2,7,1,0,8,46,1,0,2,18,2,0
TCGA-BH-A0AY-01A-21W-A019-09,0,5,0,1,2,24,3,0,1,10,0,0
TCGA-BH-A0AZ-01A-21D-A12Q-09,0,5,0,2,0,43,2,0,2,15,1,0
TCGA-BH-A0B0-01A-21D-A10Y-09,0,6,0,1,2,58,5,1,0,26,0,0
TCGA-BH-A0B3-01A-11W-A071-09,0,1,0,0,1,11,1,0,0,3,1,0
TCGA-BH-A0B6-01A-11D-A19Y-09,11,197,10,61,68,573,71,0,23,267,8,1
TCGA-BH-A0B7-01A-12D-A10Y-09,0,2,0,1,1,27,2,0,1,6,2,0
TCGA-BH-A0B8-01A-21W-A071-09,0,3,0,0,0,21,0,0,0,10,0,0
TCGA-BH-A0BA-01A-11W-A071-09,0,2,0,0,0,19,1,0,0,7,0,0
TCGA-BH-A0BC-01A-22D-A099-09,0,2,0,0,1,24,4,0,1,13,0,0
TCGA-BH-A0BF-01A-21D-A12Q-09,0,1,1,0,1,19,0,0,0,11,0,0
TCGA-BH-A0BG-01A-11D-A10Y-09,0,4,0,0,2,30,1,0,0,8,0,0
TCGA-BH-A0BJ-01A-11W-A071-09,0,1,0,0,0,13,1,0,0,1,0,1
TCGA-BH-A0BL-01A-11D-A10Y-09,0,4,0,0,4,42,8,0,2,8,1,0
TCGA-BH-A0BM-01A-11W-A071-09,0,0,0,0,0,11,2,0,1,5,0,0
TCGA-BH-A0BO-01A-23D-A12B-09,0,0,0,0,1,21,2,0,1,5,1,0
TCGA-BH-A0BP-01A-11D-A10Y-09,1,11,3,5,2,120,7,0,2,41,4,0
TCGA-BH-A0BQ-01A-21D-A10Y-09,0,3,0,0,0,15,4,0,1,6,1,0
TCGA-BH-A0BS-01A-11D-A12Q-09,1,3,0,2,2,10,0,0,0,5,0,0
TCGA-BH-A0BT-01A-11D-A12Q-09,0,0,0,2,0,34,1,1,1,9,0,0
TCGA-BH-A0BV-01A-11W-A019-09,0,2,0,2,0,13,2,0,0,5,0,0
TCGA-BH-A0BW-01A-11D-A10Y-09,0,9,0,3,4,56,6,0,1,23,1,0
TCGA-BH-A0BZ-01A-31D-A12Q-09,0,17,2,6,9,186,15,0,2,52,7,0
TCGA-BH-A0C0-01A-21W-A071-09,0,2,0,2,1,35,1,0,2,4,1,0
TCGA-BH-A0C1-01B-11D-A12B-09,0,3,0,1,0,25,3,0,1,17,0,0
TCGA-BH-A0C3-01A-21D-A12Q-09,0,2,0,0,2,8,1,0,1,4,0,0
TCGA-BH-A0C7-01B-11D-A10Y-09,1,4,0,1,2,33,2,0,0,14,1,0
TCGA-BH-A0DD-01A-31D-A12Q-09,1,3,1,0,0,17,1,0,0,12,1,1
TCGA-BH-A0DE-01A-11D-A10Y-09,0,1,1,1,1,20,1,0,0,7,1,0
TCGA-BH-A0DG-01A-21D-A12Q-09,1,3,0,3,2,31,0,0,0,6,1,0
TCGA-BH-A0DH-01A-11D-A099-09,1,4,1,1,1,28,3,0,0,12,1,0
TCGA-BH-A0DI-01A-21D-A12Q-09,1,8,0,2,3,33,3,0,0,11,1,0
TCGA-BH-A0DK-01A-21W-A071-09,0,3,0,1,4,34,4,0,0,7,0,0
TCGA-BH-A0DL-01A-11D-A10Y-09,0,3,0,2,2,46,0,0,2,10,0,0
TCGA-BH-A0DO-01B-11D-A12B-09,0,2,0,0,1,15,1,0,1,9,1,0
TCGA-BH-A0DP-01A-21W-A071-09,0,1,0,0,0,15,0,0,0,3,0,0
TCGA-BH-A0DQ-01A-11D-A099-09,0,0,0,0,2,23,2,0,0,6,2,0
TCGA-BH-A0DT-01A-21D-A12B-09,0,1,0,0,0,11,0,0,0,2,0,1
TCGA-BH-A0DV-01A-21D-A12Q-09,0,1,0,1,0,11,0,0,0,2,0,0
TCGA-BH-A0DX-01A-11D-A10Y-09,0,3,0,2,2,53,4,0,0,13,0,0
TCGA-BH-A0DZ-01A-11W-A019-09,0,19,0,10,8,106,10,1,3,57,3,0
TCGA-BH-A0E0-01A-11W-A071-09,1,1,0,1,3,13,2,0,0,3,0,0
TCGA-BH-A0E1-01A-11W-A071-09,1,0,0,1,0,9,1,0,0,7,0,0
TCGA-BH-A0E9-01B-11D-A10Y-09,0,2,0,0,0,22,1,0,1,2,0,0
TCGA-BH-A0EA-01A-11D-A10Y-09,1,1,0,0,0,22,2,0,0,6,0,0
TCGA-BH-A0EI-01A-11D-A10Y-09,1,1,0,1,0,15,0,0,2,4,0,0
TCGA-BH-A0H3-01A-11D-A12Q-09,0,2,0,0,1,9,1,0,0,4,0,0
TCGA-BH-A0H5-01A-21D-A10Y-09,0,6,0,4,2,101,11,0,1,43,1,0
TCGA-BH-A0H7-01A-13W-A071-09,0,0,0,0,1,11,1,0,0,4,0,0
TCGA-BH-A0H9-01A-11W-A071-09,0,2,0,1,1,15,1,0,0,3,0,0
TCGA-BH-A0HA-01A-11D-A12Q-09,2,11,1,8,7,233,13,0,4,95,8,0
TCGA-BH-A0HI-01A-11D-A099-09,0,2,0,2,0,26,0,0,0,4,1,0
TCGA-BH-A0HK-01A-11W-A071-09,1,4,1,0,6,32,3,0,1,15,0,0
TCGA-BH-A0HN-01A-11D-A099-09,0,2,0,0,2,21,1,0,0,8,0,0
TCGA-BH-A0HP-01A-12D-A099-09,1,23,1,8,11,204,18,0,1,82,7,1
TCGA-BH-A0RX-01A-21D-A099-09,0,2,0,0,2,30,2,0,0,12,0,1
TCGA-BH-A0W3-01A-11D-A10G-09,0,0,0,1,0,12,0,0,0,9,1,0
TCGA-BH-A0W4-01A-11D-A10G-09,0,1,0,0,2,28,2,0,1,4,1,0
TCGA-BH-A0W5-01A-11D-A10G-09,0,1,0,1,0,23,1,0,0,3,0,0
TCGA-BH-A0W7-01A-11D-A10Y-09,1,11,1,10,10,141,11,0,1,71,3,1
TCGA-BH-A0WA-01A-11D-A10G-09,0,5,0,2,2,73,3,0,2,21,4,1
TCGA-BH-A18F-01A-11D-A12B-09,0,3,0,3,2,41,1,0,0,16,0,1
TCGA-BH-A18G-01A-11D-A12B-09,6,101,7,38,49,961,46,1,19,407,31,2
TCGA-BH-A18H-01A-11D-A12B-09,0,5,1,1,0,33,3,0,0,10,1,0
TCGA-BH-A18I-01A-11D-A12B-09,0,2,0,3,0,20,1,0,0,5,0,0
TCGA-BH-A18J-01A-11D-A12B-09,0,5,0,8,3,61,9,0,1,23,1,0
TCGA-BH-A18K-01A-11D-A12B-09,1,2,0,1,2,39,5,0,0,18,0,0
TCGA-BH-A18L-01A-32D-A12B-09,1,1,1,2,2,35,3,0,1,18,1,0
TCGA-BH-A18M-01A-11D-A12B-09,0,0,0,0,0,13,0,0,0,5,0,0
TCGA-BH-A18N-01A-11D-A12B-09,0,0,0,1,0,26,2,0,0,14,0,0
TCGA-BH-A18P-01A-11D-A12B-09,1,25,0,18,22,227,30,0,5,102,6,2
TCGA-BH-A18Q-01A-12D-A12B-09,0,8,1,3,4,58,4,0,0,27,2,0
TCGA-BH-A18R-01A-11D-A12B-09,0,3,0,1,2,25,1,0,0,10,0,0
TCGA-BH-A18S-01A-11D-A12B-09,0,2,0,1,1,22,2,0,0,9,0,0
TCGA-BH-A18T-01A-11D-A12B-09,0,6,0,5,3,66,1,0,2,19,0,0
TCGA-BH-A18U-01A-21D-A12B-09,0,8,1,5,4,99,10,0,2,46,3,0
TCGA-BH-A18V-01A-11D-A12B-09,1,12,0,6,11,151,8,0,4,50,6,1
TCGA-BH-A1EO-01A-11D-A135-09,0,2,0,0,1,31,6,0,2,6,2,0
TCGA-BH-A1ET-01A-11D-A135-09,0,4,0,0,0,21,1,0,0,5,2,0
TCGA-BH-A1EU-01A-11D-A135-09,0,4,0,0,1,23,0,0,0,6,0,0
TCGA-BH-A1EV-01A-11D-A135-09,0,7,0,8,6,82,1,0,0,24,0,1
TCGA-BH-A1EW-01A-11D-A135-09,1,2,0,0,2,11,1,0,1,2,1,0
TCGA-BH-A1EX-01A-11D-A13L-09,1,2,0,1,2,22,1,0,1,5,0,0
TCGA-BH-A1EY-01A-11D-A13L-09,0,2,0,1,1,30,1,0,0,18,2,0
TCGA-BH-A1F0-01A-11D-A135-09,0,7,0,3,0,52,3,0,0,30,0,0
TCGA-BH-A1F2-01A-31D-A13L-09,0,1,1,0,4,43,2,0,1,18,1,0
TCGA-BH-A1F5-01A-12D-A13L-09,0,0,1,1,2,27,3,0,0,10,0,0
TCGA-BH-A1F6-01A-11D-A13L-09,0,4,0,1,0,27,0,0,0,20,1,0
TCGA-BH-A1F8-01A-11D-A13L-09,1,12,0,7,7,105,13,1,2,43,1,0
TCGA-BH-A1FC-01A-11D-A13L-09,4,6,0,2,2,89,2,0,1,19,5,0
TCGA-BH-A1FE-01A-11D-A13L-09,0,1,0,0,2,15,1,0,0,6,1,0
TCGA-BH-A1FG-01A-11D-A13L-09,0,0,0,0,1,13,0,0,0,6,1,0
TCGA-BH-A1FH-01A-12D-A13L-09,0,1,0,0,1,19,1,0,1,9,0,1
TCGA-BH-A1FJ-01A-11D-A13L-09,0,2,0,2,1,19,1,0,0,18,2,0
TCGA-BH-A1FL-01A-11D-A13L-09,0,1,0,1,1,14,1,0,0,8,0,0
TCGA-BH-A1FM-01A-11D-A13L-09,0,1,0,0,1,39,2,0,0,17,2,0
TCGA-BH-A1FN-01A-11D-A13L-09,0,14,1,2,10,78,5,0,0,31,5,0
TCGA-BH-A1FR-01A-11D-A13L-09,0,0,0,1,0,13,1,0,0,2,0,0
TCGA-BH-A1FU-01A-11D-A14G-09,0,3,1,6,5,71,7,0,1,23,1,0
TCGA-BH-A201-01A-11D-A14K-09,0,1,0,1,1,19,0,0,1,3,1,0
TCGA-BH-A202-01A-11D-A14K-09,0,1,0,0,1,20,2,0,0,4,0,0
TCGA-BH-A203-01A-12D-A167-09,0,7,1,2,1,52,4,0,0,31,1,0
TCGA-BH-A204-01A-11D-A159-09,0,6,0,4,3,30,2,0,0,7,0,0
TCGA-BH-A208-01A-11D-A159-09,0,6,0,2,2,45,6,0,1,19,1,0
TCGA-BH-A209-01A-11D-A17G-09,0,4,0,4,4,67,5,0,0,33,2,0
TCGA-BH-A28Q-01A-11D-A16D-09,0,2,0,0,0,14,1,0,1,7,1,0
TCGA-BH-A2L8-01A-11D-A18P-09,1,26,0,13,21,373,37,1,2,151,3,0
TCGA-BH-A42U-01A-12D-A243-09,1,2,2,1,2,15,1,0,1,6,1,0
TCGA-BH-A42V-01A-11D-A243-09,0,4,1,1,3,30,4,0,1,10,1,0
TCGA-BH-A5IZ-01A-11D-A27P-09,0,14,2,2,5,48,4,0,3,18,0,0
TCGA-BH-A5J0-01A-11D-A27P-09,1,16,2,8,3,51,5,0,2,14,0,0
TCGA-BH-A6R8-01A-21D-A33E-09,0,3,0,0,2,24,2,0,1,5,0,0
TCGA-BH-A6R9-01A-21D-A32I-09,0,8,0,0,2,9,0,0,0,5,1,0
TCGA-BH-A8FY-01A-11D-A36J-09,1,6,0,0,1,33,2,0,5,8,0,0
TCGA-BH-A8FZ-01A-11D-A351-09,3,13,2,3,4,48,2,0,2,13,1,0
TCGA-BH-A8G0-01A-11D-A351-09,0,2,0,0,0,8,1,0,0,5,0,1
TCGA-BH-AB28-01A-31D-A41F-09,2,6,1,1,0,21,0,0,1,10,1,0
TCGA-BI-A0VR-01A-11D-A10S-08,2,4,0,2,6,97,4,0,2,52,0,0
TCGA-BI-A0VS-01A-11D-A10S-08,1,4,0,5,7,92,10,0,0,40,2,0
TCGA-BI-A20A-01A-11D-A14W-08,0,4,0,4,1,40,3,0,0,17,1,0
TCGA-BJ-A0YZ-01A-11D-A10S-08,0,1,0,0,1,16,0,0,0,3,1,0
TCGA-BJ-A0Z0-01A-11D-A10S-08,0,0,1,1,2,24,1,0,0,4,1,0
TCGA-BJ-A0Z2-01A-11D-A10S-08,0,1,0,0,2,13,0,0,0,6,0,0
TCGA-BJ-A0Z3-01A-11D-A13W-08,0,0,0,0,0,6,0,0,0,2,0,0
TCGA-BJ-A0Z9-01A-11D-A10S-08,0,0,1,0,0,14,3,0,0,3,0,0
TCGA-BJ-A0ZA-01A-11D-A10S-08,0,0,0,0,0,10,0,0,0,2,0,0
TCGA-BJ-A0ZB-01A-11D-A10S-08,0,4,0,0,0,31,1,1,0,9,0,0
TCGA-BJ-A0ZC-01A-12D-A13W-08,0,0,0,0,0,7,0,0,1,3,0,0
TCGA-BJ-A0ZE-01A-11D-A10S-08,0,1,0,0,0,13,0,1,0,4,0,0
TCGA-BJ-A0ZF-01A-11D-A10S-08,0,3,0,1,0,17,1,0,0,5,1,0
TCGA-BJ-A0ZG-01A-11D-A10S-08,0,0,0,0,0,9,0,0,1,3,0,0
TCGA-BJ-A0ZH-01A-11D-A10S-08,0,1,0,0,2,18,1,0,1,3,0,1
TCGA-BJ-A0ZJ-01A-11D-A10S-08,0,0,0,1,1,1,0,0,0,1,0,0
TCGA-BJ-A18Y-01A-11D-A13W-08,0,0,0,1,0,7,0,0,0,2,0,0
TCGA-BJ-A18Z-01A-21D-A13W-08,0,1,0,0,2,19,1,0,0,1,0,0
TCGA-BJ-A191-01A-11D-A13W-08,0,1,1,1,0,13,1,0,0,8,0,0
TCGA-BJ-A192-01A-31D-A13W-08,0,0,0,0,0,5,1,0,1,2,0,0
TCGA-BJ-A28R-01A-11D-A16O-08,0,0,0,1,1,5,0,0,0,2,0,0
TCGA-BJ-A28S-01A-11D-A19J-08,0,0,0,1,0,14,0,0,1,5,2,0
TCGA-BJ-A28T-01A-11D-A16O-08,0,0,0,0,0,1,0,0,0,0,0,0
TCGA-BJ-A28V-01A-11D-A19J-08,0,3,0,1,0,15,1,1,1,4,1,0
TCGA-BJ-A28X-01A-11D-A22D-08,0,1,0,0,0,4,0,0,0,1,0,0
TCGA-BJ-A28Z-01A-11D-A16O-08,1,1,0,1,1,12,1,0,0,11,0,0
TCGA-BJ-A290-01A-11D-A17V-08,0,1,0,0,3,18,1,0,1,10,0,0
TCGA-BJ-A2N7-01A-11D-A18F-08,0,0,1,0,0,3,0,0,1,0,0,0
TCGA-BJ-A2N8-01A-11D-A18F-08,0,0,0,1,0,8,1,0,0,3,0,0
TCGA-BJ-A2N9-01A-11D-A18F-08,0,2,0,0,1,6,0,0,0,1,1,0
TCGA-BJ-A2NA-01A-12D-A19J-08,0,4,0,0,1,25,1,0,1,17,0,0
TCGA-BJ-A2P4-01A-11D-A18F-08,0,0,0,0,0,9,1,0,1,6,0,0
TCGA-BJ-A3EZ-01A-11D-A202-08,0,0,0,0,0,15,1,0,0,6,1,0
TCGA-BJ-A3F0-01A-11D-A202-08,0,0,0,0,0,10,0,0,0,5,0,0
TCGA-BJ-A3PR-01A-11D-A21Z-08,0,1,0,0,0,7,0,0,0,4,0,0
TCGA-BJ-A3PT-01A-12D-A21Z-08,0,0,0,0,0,15,1,0,0,1,0,0
TCGA-BJ-A3PU-01A-11D-A21Z-08,0,0,0,1,0,14,0,0,0,4,1,0
TCGA-BJ-A45D-01A-11D-A23U-08,1,0,0,2,0,7,1,0,0,2,0,0
TCGA-BJ-A45E-01A-11D-A23U-08,0,2,0,0,0,1,0,0,0,3,0,0
TCGA-BJ-A45F-01A-12D-A23U-08,0,0,0,1,0,9,0,0,0,1,0,0
TCGA-BJ-A45G-01A-11D-A23U-08,0,0,0,0,0,9,1,0,0,4,0,0
TCGA-BJ-A45H-01A-12D-A23U-08,0,1,0,1,0,7,1,0,0,1,0,0
TCGA-BJ-A45I-01A-11D-A23U-08,0,1,0,0,0,7,0,0,0,6,0,0
TCGA-BJ-A45J-01A-11D-A23U-08,0,1,0,1,0,8,1,0,0,7,0,0
TCGA-BJ-A45K-01A-11D-A23U-08,0,0,0,0,2,5,0,0,0,4,0,0
TCGA-BJ-A4O8-01A-11D-A257-08,0,0,0,0,1,6,0,0,1,0,0,0
TCGA-BJ-A4O9-01A-11D-A257-08,2,1,0,0,1,14,3,0,0,4,1,0
TCGA-BK-A0CA-01A-21D-A272-09,0,11,2,1,5,43,0,0,0,13,0,0
TCGA-BK-A0CB-01A-32D-A10B-09,1,4,0,1,3,43,4,0,0,21,0,0
TCGA-BK-A0CC-01A-21D-A272-09,1,9,0,2,1,37,7,0,2,17,2,0
TCGA-BK-A139-01A-11D-A272-09,1,28,1,16,8,103,5,1,8,38,3,0
TCGA-BK-A13B-01A-51D-A228-09,10,124,4,21,29,434,28,0,21,168,15,0
TCGA-BK-A13C-01A-11D-A122-09,0,1,0,1,2,37,1,0,1,11,3,0
TCGA-BK-A26L-01A-11D-A272-09,3,12,1,4,8,64,2,0,2,21,4,0
TCGA-BK-A4ZD-01A-11D-A27P-09,1,17,0,3,4,57,5,0,6,21,0,0
TCGA-BK-A56F-01A-32D-A27P-09,0,8,0,2,2,44,4,0,1,16,1,0
TCGA-BK-A6W3-01A-12D-A34Q-09,113,1549,43,131,257,3145,540,5,131,919,69,4
TCGA-BK-A6W4-01A-12D-A34Q-09,0,7,0,0,2,15,3,0,1,5,0,0
TCGA-BL-A0C8-01A-11D-A271-08,0,4,1,3,4,90,6,0,1,39,2,0
TCGA-BL-A13I-01A-11D-A271-08,0,4,0,0,2,86,5,0,2,28,3,0
TCGA-BL-A13J-01A-11D-A271-08,0,2,1,6,6,81,9,0,1,34,3,0
TCGA-BL-A3JM-01A-12D-A21A-08,1,5,3,8,12,150,16,0,4,68,4,1
TCGA-BL-A5ZZ-01A-31D-A30E-08,0,8,1,8,3,118,17,0,3,58,4,0
TCGA-BM-6198-01A-11D-1733-10,0,17,0,5,5,99,5,1,1,38,3,0
TCGA-BP-4161-01A-02D-1386-10,0,6,0,4,4,44,3,0,0,16,3,0
TCGA-BP-4162-01A-02D-1386-10,0,4,1,1,3,29,0,0,1,11,3,0
TCGA-BP-4163-01A-02D-1386-10,0,5,0,0,1,36,1,0,0,12,0,0
TCGA-BP-4164-01A-02D-1386-10,0,2,0,1,3,29,3,0,0,14,1,0
TCGA-BP-4167-01A-02D-1386-10,1,4,0,5,0,49,6,0,1,15,1,0
TCGA-BP-4177-01A-02D-1421-08,0,2,0,2,0,9,0,0,0,8,0,0
TCGA-BP-4760-01A-02D-1421-08,0,0,0,1,0,9,1,0,0,8,0,0
TCGA-BP-4770-01A-01D-1501-10,0,4,0,2,2,49,1,0,0,14,2,0
TCGA-BP-4782-01A-02D-1421-08,0,6,0,4,3,62,3,0,0,15,1,1
TCGA-BP-4795-01A-02D-1421-08,0,2,0,1,1,14,0,0,1,12,0,0
TCGA-BP-4801-01A-02D-1421-08,0,3,1,0,3,40,4,0,0,11,1,0
TCGA-BP-4960-01A-01D-1462-08,0,3,0,1,1,47,2,0,2,15,1,0
TCGA-BP-4961-01A-01D-1462-08,0,7,0,2,0,23,1,0,2,12,1,0
TCGA-BP-4962-01A-01D-1462-08,0,3,0,3,3,34,1,0,1,3,0,1
TCGA-BP-4963-01A-01D-1462-08,0,4,1,4,2,56,1,0,0,27,1,0
TCGA-BP-4964-01A-01D-1462-08,0,7,0,0,4,66,4,0,2,22,2,0
TCGA-BP-4965-01A-01D-1462-08,0,3,0,2,0,44,1,0,0,14,0,0
TCGA-BP-4967-01A-01D-1462-08,0,2,0,5,2,42,2,0,1,20,0,0
TCGA-BP-4968-01A-01D-1462-08,0,2,0,0,0,33,3,0,0,13,0,0
TCGA-BP-4970-01A-01D-1462-08,0,0,0,0,0,23,1,0,0,6,1,0
TCGA-BP-4971-01A-01D-1462-08,0,2,0,1,0,29,2,0,0,17,1,0
TCGA-BP-4972-01A-01D-1462-08,0,4,0,1,2,27,0,0,0,16,2,0
TCGA-BP-4973-01A-01D-1462-08,0,3,0,0,0,22,0,0,0,4,1,0
TCGA-BP-4974-01A-01D-1462-08,0,4,0,0,0,28,0,0,0,6,1,0
TCGA-BP-4975-01A-01D-1462-08,0,1,0,0,0,11,1,0,0,7,1,0
TCGA-BP-4976-01A-01D-1462-08,0,5,0,2,2,65,2,0,0,25,1,0
TCGA-BP-4977-01A-01D-1462-08,0,5,0,0,1,32,0,0,0,6,1,0
TCGA-BP-4981-01A-01D-1462-08,0,7,0,5,5,38,2,0,0,18,1,0
TCGA-BP-4982-01A-01D-1462-08,0,2,0,1,2,31,3,0,0,10,0,0
TCGA-BP-4983-01A-01D-1462-08,0,3,0,3,4,54,8,0,1,24,2,0
TCGA-BP-4985-01A-01D-1462-08,0,3,1,3,4,63,2,1,0,24,2,0
TCGA-BP-4986-01A-01D-1462-08,0,4,0,2,1,28,2,0,0,9,0,0
TCGA-BP-4987-01A-01D-1462-08,0,3,0,0,2,16,2,0,1,9,1,0
TCGA-BP-4988-01A-01D-1462-08,0,6,0,0,0,36,3,0,1,13,2,0
TCGA-BP-4989-01A-01D-1462-08,0,4,0,0,0,47,5,0,0,22,2,0
TCGA-BP-4991-01A-01D-1462-08,0,2,0,1,2,31,3,0,0,16,0,0
TCGA-BP-4992-01A-01D-1462-08,0,3,0,1,2,32,1,0,1,9,0,0
TCGA-BP-4993-01A-02D-1421-08,0,3,0,0,1,42,4,1,1,19,2,0
TCGA-BP-4994-01A-01D-1462-08,1,2,0,1,0,10,2,0,0,13,1,0
TCGA-BP-4995-01A-01D-1462-08,0,0,0,0,0,30,6,0,0,19,0,0
TCGA-BP-4998-01A-01D-1462-08,0,0,0,0,2,31,2,0,0,7,1,0
TCGA-BP-4999-01A-01D-1462-08,1,0,0,1,4,32,1,0,0,13,0,0
TCGA-BP-5000-01A-01D-1462-08,0,5,0,1,1,25,2,0,0,14,0,1
TCGA-BP-5001-01A-01D-1462-08,0,0,1,1,0,26,1,0,0,11,2,0
TCGA-BP-5004-01A-01D-1462-08,0,1,1,1,2,28,2,0,0,10,4,0
TCGA-BP-5006-01A-01D-1462-08,0,1,2,2,2,28,1,0,0,6,3,0
TCGA-BP-5007-01A-01D-1462-08,0,2,0,1,1,21,1,0,0,9,1,0
TCGA-BP-5008-01A-01D-1462-08,0,1,0,1,2,32,1,0,1,9,1,0
TCGA-BP-5009-01A-01D-1462-08,0,4,0,3,1,37,1,0,0,9,1,0
TCGA-BP-5010-01A-02D-1421-08,0,2,0,4,3,43,2,0,2,15,2,0
TCGA-BP-5168-01A-01D-1421-08,1,8,2,5,2,70,4,0,0,34,2,1
TCGA-BP-5169-01A-01D-1429-08,0,3,0,1,2,39,3,0,2,12,3,0
TCGA-BP-5170-01A-01D-1429-08,1,4,0,1,1,26,2,0,1,11,0,1
TCGA-BP-5173-01A-01D-1429-08,0,5,1,0,0,60,1,0,1,27,0,0
TCGA-BP-5174-01A-01D-1429-08,0,3,0,0,2,26,0,0,0,7,1,0
TCGA-BP-5175-01A-01D-1429-08,0,1,1,1,1,31,2,0,0,14,2,0
TCGA-BP-5176-01A-01D-1429-08,1,11,0,3,3,73,7,0,1,30,2,0
TCGA-BP-5177-01A-01D-1429-08,1,3,0,2,1,26,2,0,3,10,0,1
TCGA-BP-5178-01A-01D-1429-08,0,3,0,0,4,43,3,0,0,14,1,0
TCGA-BP-5180-01A-01D-1429-08,0,2,0,4,2,26,3,0,0,6,1,1
TCGA-BP-5181-01A-01D-1429-08,0,5,0,3,0,47,0,0,0,13,2,0
TCGA-BP-5182-01A-01D-1429-08,1,7,0,4,1,42,7,0,0,16,1,1
TCGA-BP-5183-01A-01D-1429-08,0,4,0,0,0,24,5,0,0,14,0,0
TCGA-BP-5184-01A-01D-1429-08,0,3,0,2,0,18,0,0,0,11,0,0
TCGA-BP-5185-01A-01D-1429-08,2,3,0,4,4,59,3,0,0,15,2,0
TCGA-BP-5186-01A-01D-1429-08,0,1,0,3,0,25,2,1,1,6,0,0
TCGA-BP-5187-01A-01D-1429-08,0,6,0,2,2,50,3,0,0,15,3,0
TCGA-BP-5189-01A-02D-1429-08,0,4,0,0,2,35,1,0,0,11,1,0
TCGA-BP-5190-01A-01D-1429-08,1,2,0,3,0,34,2,0,0,8,1,0
TCGA-BP-5191-01A-01D-1429-08,0,4,0,2,2,38,2,0,2,13,2,0
TCGA-BP-5192-01A-01D-1429-08,2,3,0,1,3,31,1,1,1,15,2,0
TCGA-BP-5194-01A-02D-1429-08,0,0,0,0,2,20,1,0,0,10,2,0
TCGA-BP-5195-01A-02D-1429-08,0,4,1,2,2,52,4,0,1,13,1,0
TCGA-BP-5196-01A-01D-1429-08,0,3,0,0,1,26,3,0,1,16,2,0
TCGA-BP-5198-01A-01D-1429-08,0,5,0,1,4,44,7,2,0,17,1,0
TCGA-BP-5199-01A-01D-1429-08,2,1,0,0,3,55,2,0,1,17,4,0
TCGA-BP-5200-01A-01D-1429-08,0,1,0,3,2,34,0,0,0,8,1,0
TCGA-BP-5201-01A-01D-1429-08,0,0,0,4,1,37,2,0,0,6,0,0
TCGA-BP-5202-01A-02D-1429-08,0,0,0,1,1,33,1,0,2,6,2,0
TCGA-BQ-5875-01A-11D-1589-08,0,1,0,3,4,46,5,0,0,18,1,0
TCGA-BQ-5876-01A-11D-1589-08,1,9,0,0,3,57,1,0,0,18,1,0
TCGA-BQ-5877-01A-11D-1589-08,1,1,0,0,3,52,6,0,0,13,0,0
TCGA-BQ-5878-01A-11D-1589-08,0,4,1,6,1,67,3,0,1,35,1,0
TCGA-BQ-5879-01A-11D-1589-08,0,1,0,0,1,18,0,0,1,7,0,0
TCGA-BQ-5880-01A-11D-1589-08,0,2,0,1,1,33,3,0,0,10,1,0
TCGA-BQ-5881-01A-11D-1589-08,0,1,0,1,1,32,0,0,0,6,0,0
TCGA-BQ-5882-01A-11D-1589-08,0,4,0,3,3,39,5,0,0,18,0,0
TCGA-BQ-5883-01A-11D-1589-08,0,0,0,0,0,15,1,0,0,8,1,0
TCGA-BQ-5884-01A-11D-1589-08,1,3,0,0,0,29,2,0,0,12,1,1
TCGA-BQ-5885-01A-11D-1589-08,0,5,0,0,3,80,5,0,1,23,3,0
TCGA-BQ-5886-01A-11D-1589-08,1,1,0,0,4,48,1,0,0,10,3,0
TCGA-BQ-5887-01A-11D-1961-08,0,1,0,0,2,12,0,0,0,8,0,0
TCGA-BQ-5888-01A-11D-1589-08,0,1,0,1,0,13,1,0,0,6,1,0
TCGA-BQ-5889-01A-11D-1589-08,0,1,0,2,2,44,1,0,2,13,1,0
TCGA-BQ-5890-01A-11D-1589-08,1,5,0,2,3,60,3,0,0,19,1,0
TCGA-BQ-5891-01A-11D-1589-08,0,1,1,1,0,14,1,0,2,15,0,0
TCGA-BQ-5892-01A-11D-1589-08,1,2,0,1,1,42,3,0,0,10,2,0
TCGA-BQ-5893-01A-11D-1589-08,0,4,0,2,0,30,1,0,1,16,0,0
TCGA-BQ-5894-01A-11D-1589-08,0,2,0,1,1,24,0,0,0,2,0,0
TCGA-BQ-7044-01A-11D-1961-08,0,3,0,1,4,51,1,0,1,17,3,0
TCGA-BQ-7045-01A-31D-1961-08,1,7,0,4,1,48,2,0,1,22,2,0
TCGA-BQ-7046-01A-11D-1961-08,0,0,0,2,0,23,0,0,0,9,0,1
TCGA-BQ-7048-01A-11D-1961-08,1,4,0,2,3,37,3,0,1,19,3,1
TCGA-BQ-7049-01A-11D-1961-08,0,0,0,0,0,13,0,0,0,4,1,0
TCGA-BQ-7050-01A-11D-1961-08,0,0,0,0,3,15,1,0,0,4,0,0
TCGA-BQ-7051-01A-12D-1961-08,1,2,0,2,2,53,4,0,2,29,0,0
TCGA-BQ-7053-01A-11D-1961-08,0,1,0,1,2,35,6,0,0,10,0,0
TCGA-BQ-7055-01A-11D-1961-08,0,0,0,0,0,7,0,0,0,2,1,0
TCGA-BQ-7056-01A-11D-1961-08,1,1,0,0,3,28,0,0,1,8,0,0
TCGA-BQ-7058-01A-11D-1961-08,0,10,0,4,2,50,3,0,3,12,1,0
TCGA-BQ-7059-01A-11D-1961-08,1,4,0,0,3,44,2,0,1,22,0,0
TCGA-BQ-7060-01A-11D-1961-08,2,4,0,0,1,19,1,0,0,8,0,0
TCGA-BQ-7061-01A-11D-1961-08,0,7,1,4,3,57,2,0,0,17,3,0
TCGA-BQ-7062-01A-11D-1961-08,0,3,0,1,4,28,2,0,0,8,0,0
TCGA-BR-4183-01A-02D-1126-08,0,3,0,0,1,41,3,0,1,20,1,0
TCGA-BR-4184-01A-01D-1126-08,11,127,6,51,93,2542,128,1,41,1110,25,2
TCGA-BR-4187-01A-01D-1126-08,0,1,0,0,0,24,1,0,3,9,0,0
TCGA-BR-4188-01A-01D-1126-08,0,1,2,1,3,69,2,0,2,23,0,0
TCGA-BR-4191-01A-02D-1126-08,0,13,0,6,8,154,10,0,4,52,5,2
TCGA-BR-4201-01A-01D-1126-08,2,58,4,13,28,897,55,1,16,405,17,1
TCGA-BR-4253-01A-01D-1126-08,1,1,0,1,1,63,4,0,1,29,3,0
TCGA-BR-4255-01A-01D-1126-08,0,4,0,0,4,32,7,0,1,23,2,1
TCGA-BR-4256-01A-01D-1126-08,1,31,4,18,25,670,38,1,6,319,23,1
TCGA-BR-4257-01A-01D-1126-08,4,40,3,21,28,697,35,0,11,374,17,3
TCGA-BR-4267-01A-01D-1126-08,0,3,0,4,2,67,7,0,0,23,1,0
TCGA-BR-4279-01A-01D-1126-08,1,0,0,0,0,28,2,1,2,24,3,0
TCGA-BR-4280-01A-01D-1126-08,4,31,1,15,19,481,19,1,10,179,9,3
TCGA-BR-4292-01A-01D-1126-08,7,70,6,25,30,869,50,0,17,402,19,1
TCGA-BR-4294-01A-01D-1126-08,0,3,0,0,0,27,0,0,1,8,0,0
TCGA-BR-4357-01A-01D-1158-08,2,15,2,5,13,204,7,0,4,64,3,0
TCGA-BR-4361-01A-01D-1158-08,10,124,8,55,78,1753,59,1,31,767,53,2
TCGA-BR-4362-01A-01D-1158-08,5,56,7,31,38,1043,46,1,19,437,25,1
TCGA-BR-4363-01A-01D-1158-08,0,30,1,15,12,349,18,0,8,151,2,0
TCGA-BR-4366-01A-01D-1158-08,1,9,0,5,5,105,7,1,3,38,5,0
TCGA-BR-4368-01A-01D-1158-08,3,62,4,25,32,831,48,0,10,403,15,1
TCGA-BR-4369-01A-01D-1158-08,1,15,0,4,6,143,7,0,5,51,1,0
TCGA-BR-4370-01A-01D-1158-08,3,49,6,29,37,722,29,0,11,323,12,1
TCGA-BR-4371-01A-01D-1158-08,1,4,0,5,6,117,14,0,2,52,2,0
TCGA-BR-6452-01A-12D-1800-08,11,197,16,92,109,3836,163,5,52,1547,97,2
TCGA-BR-6453-01A-11D-1800-08,1,5,0,3,5,150,4,0,1,54,3,0
TCGA-BR-6454-01A-11D-1800-08,0,3,0,8,7,105,12,1,0,43,0,0
TCGA-BR-6455-01A-11D-1800-08,0,3,0,1,0,64,4,0,1,39,3,0
TCGA-BR-6456-01A-11D-1800-08,0,1,0,0,1,30,1,0,0,13,0,1
TCGA-BR-6457-01A-21D-1800-08,0,7,0,3,1,92,3,0,1,33,1,0
TCGA-BR-6458-01A-11D-1800-08,0,14,0,10,12,247,1,0,4,85,2,0
TCGA-BR-6563-01A-13D-2053-08,0,2,0,0,0,61,3,0,1,18,1,0
TCGA-BR-6564-01A-12D-1882-08,0,1,0,1,3,21,4,0,0,11,0,0
TCGA-BR-6565-01A-11D-1800-08,0,4,2,2,5,116,7,0,0,36,4,0
TCGA-BR-6566-01A-11D-1800-08,6,41,4,19,18,632,21,0,4,281,19,3
TCGA-BR-6705-01A-12D-1882-08,0,3,0,1,1,75,5,0,4,26,1,0
TCGA-BR-6706-01A-11D-1882-08,1,8,0,1,5,174,3,0,1,48,2,0
TCGA-BR-6707-01A-11D-1882-08,0,4,0,4,8,48,9,0,0,16,1,0
TCGA-BR-6709-01A-11D-1882-08,0,2,0,0,1,36,3,0,1,9,1,0
TCGA-BR-6801-01A-11D-1882-08,1,2,0,2,3,32,2,0,1,18,0,0
TCGA-BR-6802-01A-11D-1882-08,1,16,1,5,7,308,22,1,5,151,7,0
TCGA-BR-6803-01A-11D-1882-08,0,2,0,0,0,11,0,0,0,6,0,0
TCGA-BR-6852-01A-11D-1882-08,3,38,0,18,17,722,34,0,13,309,18,0
TCGA-BR-7196-01A-11D-2053-08,0,2,2,2,1,52,7,0,0,18,2,0
TCGA-BR-7197-01A-11D-2201-08,2,8,1,6,8,137,9,0,3,48,2,0
TCGA-BR-7703-01A-11D-2053-08,2,21,2,11,21,472,34,0,12,192,8,2
TCGA-BR-7704-01A-11D-2053-08,2,4,1,9,12,287,20,2,5,97,10,0
TCGA-BR-7707-01A-11D-2053-08,3,40,7,17,18,950,46,0,16,408,21,2
TCGA-BR-7715-01A-11D-2053-08,0,4,1,1,7,110,4,0,4,34,2,0
TCGA-BR-7716-01A-21D-2053-08,0,6,0,2,2,127,14,0,0,44,0,0
TCGA-BR-7717-01A-11D-2053-08,0,6,0,5,2,110,4,0,0,51,0,0
TCGA-BR-7722-01A-31D-2201-08,0,1,0,0,3,36,1,0,0,16,1,0
TCGA-BR-7723-01A-11D-2053-08,1,6,1,4,4,127,7,1,3,51,3,0
TCGA-BR-7851-01A-11D-2201-08,4,41,3,24,23,915,56,1,13,467,23,1
TCGA-BR-7901-01A-11D-2201-08,0,7,1,3,4,144,7,0,2,59,1,1
TCGA-BR-7957-01A-11D-2201-08,0,1,0,1,2,39,6,0,1,11,0,0
TCGA-BR-7958-01A-21D-2340-08,1,8,2,6,7,133,6,0,4,41,0,0
TCGA-BR-7959-01A-11D-2340-08,0,3,1,5,4,82,6,0,1,22,1,0
TCGA-BR-8058-01A-31D-2340-08,1,2,0,1,0,41,2,0,1,11,1,0
TCGA-BR-8059-01A-11D-2340-08,2,31,3,19,22,514,34,0,7,191,11,2
TCGA-BR-8060-01A-11D-2340-08,0,11,1,7,5,166,4,0,4,78,5,0
TCGA-BR-8077-01A-11D-2340-08,1,5,0,1,2,100,2,0,1,28,1,0
TCGA-BR-8078-01A-11D-2340-08,4,68,8,31,35,953,39,3,22,415,26,0
TCGA-BR-8080-01A-11D-2340-08,1,11,0,2,5,150,9,0,1,43,1,0
TCGA-BR-8081-01A-11D-2340-08,4,26,4,18,15,587,44,1,13,298,12,0
TCGA-BR-8284-01A-11D-2340-08,1,16,1,6,5,241,18,0,2,105,6,0
TCGA-BR-8285-01A-11D-2340-08,0,2,1,2,3,79,2,0,0,29,2,0
TCGA-BR-8286-01A-12D-2340-08,1,7,0,2,4,96,3,0,0,52,2,1
TCGA-BR-8289-01A-11D-2340-08,1,8,1,2,3,165,12,0,0,42,5,0
TCGA-BR-8291-01A-11D-2340-08,0,0,0,1,0,21,3,1,0,6,0,0
TCGA-BR-8295-01A-11D-2340-08,0,1,0,3,2,33,2,0,1,15,0,0
TCGA-BR-8296-01A-11D-2340-08,0,1,0,2,3,55,4,0,1,23,1,0
TCGA-BR-8297-01A-12D-2340-08,1,11,2,5,7,183,9,0,2,68,3,0
TCGA-BR-8360-01A-11D-2340-08,1,42,2,16,24,582,24,0,14,282,13,0
TCGA-BR-8361-01A-11D-2340-08,5,73,4,37,43,1032,48,2,13,463,20,0
TCGA-BR-8363-01A-11D-2340-08,3,36,5,28,31,823,34,4,20,336,9,1
TCGA-BR-8364-01A-11D-2340-08,0,0,1,1,1,16,1,0,0,5,0,0
TCGA-BR-8365-01A-21D-2340-08,0,3,0,2,0,18,1,0,0,5,0,0
TCGA-BR-8366-01A-11D-2340-08,0,10,0,6,6,142,6,0,0,38,1,1
TCGA-BR-8367-01A-11D-2340-08,0,1,0,1,4,47,4,0,1,17,0,0
TCGA-BR-8368-01A-11D-2340-08,3,58,3,23,20,588,45,1,6,312,13,1
TCGA-BR-8369-01A-11D-2340-08,2,5,0,5,13,163,8,0,1,53,6,0
TCGA-BR-8370-01A-11D-2340-08,1,3,2,6,5,78,4,0,0,39,4,0
TCGA-BR-8371-01A-11D-2340-08,0,0,0,0,1,19,0,0,0,5,0,0
TCGA-BR-8372-01A-11D-2340-08,8,62,5,36,33,848,24,3,11,382,30,2
TCGA-BR-8373-01A-11D-2340-08,0,8,0,3,2,55,8,0,1,34,2,0
TCGA-BR-8380-01A-11D-2340-08,0,2,0,0,0,63,5,0,0,20,1,0
TCGA-BR-8381-01A-11D-2394-08,0,7,1,6,6,95,4,0,4,40,0,0
TCGA-BR-8382-01A-11D-2394-08,6,25,2,19,39,619,26,1,11,265,12,0
TCGA-BR-8384-01A-21D-2394-08,0,2,0,2,1,42,0,0,0,14,1,0
TCGA-BR-8483-01A-31D-2394-08,2,5,1,3,5,90,5,0,1,38,4,0
TCGA-BR-8484-01A-11D-2394-08,0,8,0,1,3,51,4,0,2,29,2,0
TCGA-BR-8485-01A-11D-2394-08,1,9,1,7,9,253,7,2,4,90,4,1
TCGA-BR-8486-01A-31D-2394-08,1,6,0,1,0,42,3,0,0,12,3,0
TCGA-BR-8487-01A-11D-2394-08,10,135,8,58,73,1924,93,0,37,811,42,2
TCGA-BR-8588-01A-11D-2394-08,0,6,1,3,6,87,8,0,3,36,1,0
TCGA-BR-8589-01A-11D-2394-08,3,62,4,21,40,959,13,1,13,257,16,0
TCGA-BR-8590-01A-11D-2394-08,1,4,0,4,4,100,7,0,1,32,1,1
TCGA-BR-8591-01A-11D-2394-08,8,64,13,34,50,958,34,0,19,418,29,0
TCGA-BR-8592-01A-11D-2394-08,0,1,0,1,1,29,1,0,1,9,0,0
TCGA-BR-8676-01A-11D-2394-08,0,1,1,1,3,63,6,0,0,22,1,1
TCGA-BR-8677-01A-11D-2394-08,1,0,0,3,0,52,4,0,0,24,0,0
TCGA-BR-8678-01A-11D-2394-08,0,5,0,2,5,86,8,0,1,28,1,0
TCGA-BR-8679-01A-11D-2394-08,0,8,0,4,5,123,8,0,3,49,0,0
TCGA-BR-8680-01A-11D-2394-08,22,474,17,154,212,4800,475,3,109,1472,71,3
TCGA-BR-8682-01A-11D-2394-08,0,5,1,2,1,42,7,0,1,24,1,0
TCGA-BR-8683-01A-11D-2394-08,1,8,1,3,7,110,9,0,2,44,2,0
TCGA-BR-8686-01A-11D-2394-08,1,3,0,0,5,84,8,0,0,36,1,0
TCGA-BR-8687-01A-11D-2394-08,0,13,0,9,2,148,4,0,2,54,1,0
TCGA-BR-8690-01A-11D-2394-08,1,3,2,6,7,111,10,1,2,44,6,0
TCGA-BR-A44T-01A-32D-A24D-08,0,0,0,0,1,13,0,0,0,9,0,0
TCGA-BR-A44U-01A-11D-A24D-08,0,2,0,3,2,68,4,0,1,30,1,0
TCGA-BR-A452-01A-91D-A25D-08,2,8,0,0,2,75,4,1,1,36,2,0
TCGA-BR-A453-01A-11D-A24D-08,0,0,0,1,1,52,4,0,0,27,1,0
TCGA-BR-A4CQ-01A-12D-A25D-08,0,12,3,5,6,138,10,0,0,49,1,0
TCGA-BR-A4CR-01A-11D-A24D-08,0,3,0,1,4,40,3,1,1,31,0,1
TCGA-BR-A4CS-01A-11D-A24D-08,1,11,1,2,3,114,9,0,3,47,3,0
TCGA-BR-A4IU-01A-22D-A25D-08,0,0,0,1,0,23,0,0,0,4,0,0
TCGA-BR-A4IV-01A-31D-A25D-08,1,0,0,2,1,25,2,0,0,9,0,0
TCGA-BR-A4IY-01A-11D-A25D-08,0,11,0,6,3,116,9,0,1,38,2,1
TCGA-BR-A4IZ-01A-32D-A25D-08,0,1,0,0,1,15,1,0,0,1,1,0
TCGA-BR-A4J1-01A-11D-A25D-08,0,5,2,3,2,44,6,0,1,22,2,0
TCGA-BR-A4J2-01A-21D-A25D-08,0,2,0,1,0,40,4,0,1,21,1,0
TCGA-BR-A4J4-01A-12D-A25D-08,0,2,0,3,0,69,3,0,2,17,5,0
TCGA-BR-A4J5-01A-21D-A25D-08,0,5,1,3,2,72,5,0,3,22,2,0
TCGA-BR-A4J6-01A-11D-A25D-08,0,2,0,0,1,24,2,0,1,9,0,0
TCGA-BR-A4J7-01A-31D-A25D-08,0,3,0,1,0,40,5,0,1,18,0,0
TCGA-BR-A4J8-01A-11D-A25D-08,0,4,0,1,1,65,4,0,1,39,0,0
TCGA-BR-A4J9-01A-12D-A25D-08,0,1,0,1,0,33,2,0,0,10,1,0
TCGA-BR-A4PD-01A-11D-A25D-08,0,11,1,0,5,125,5,0,3,43,0,0
TCGA-BR-A4PE-01A-31D-A25D-08,1,5,1,3,12,162,7,0,2,58,4,0
TCGA-BR-A4PF-01A-11D-A25D-08,0,4,0,1,2,85,4,0,2,19,2,0
TCGA-BR-A4QI-01A-12D-A25D-08,0,5,1,2,2,94,2,0,5,38,1,0
TCGA-BR-A4QL-01A-31D-A25D-08,5,68,4,41,45,1148,69,1,20,530,19,2
TCGA-BR-A4QM-01A-12D-A25D-08,0,2,0,6,0,71,4,0,1,39,0,0
TCGA-BS-A0T9-01A-11D-A12J-09,0,8,0,0,1,45,3,0,0,14,0,0
TCGA-BS-A0TA-01A-11D-A10B-09,4,17,0,7,18,346,18,0,3,152,12,0
TCGA-BS-A0TC-01A-11D-A10B-09,14,157,8,46,65,1052,214,0,39,251,22,4
TCGA-BS-A0TD-01A-11D-A10B-09,0,5,0,2,3,23,2,0,0,10,2,0
TCGA-BS-A0TE-01A-11D-A10B-09,0,21,3,13,12,227,18,0,4,110,4,0
TCGA-BS-A0TG-01A-32D-A10B-09,0,3,0,1,3,31,1,0,0,15,0,0
TCGA-BS-A0TI-01A-11D-A10B-09,1,6,0,1,2,75,4,1,4,18,0,0
TCGA-BS-A0TJ-01A-11D-A10B-09,6,45,4,19,26,482,33,0,9,209,10,0
TCGA-BS-A0U5-01A-11D-A10G-09,0,2,1,0,3,51,1,0,1,11,1,0
TCGA-BS-A0U7-01A-21D-A10B-09,2,10,1,7,9,133,13,0,3,71,4,0
TCGA-BS-A0U8-01A-11D-A10B-09,1,23,3,9,19,281,16,0,5,138,6,1
TCGA-BS-A0U9-01B-21D-A10M-09,0,1,1,1,0,26,4,0,0,4,0,0
TCGA-BS-A0UA-01A-11D-A122-09,1,24,1,7,15,211,25,0,5,102,3,0
TCGA-BS-A0UF-01A-11D-A10B-09,51,843,49,260,359,6979,1148,8,149,1850,128,5
TCGA-BS-A0UJ-01A-12D-A10B-09,9,160,6,48,97,1316,68,4,15,541,57,3
TCGA-BS-A0UL-01A-11D-A10G-09,1,24,0,4,16,292,20,0,7,118,4,0
TCGA-BS-A0UT-01A-11D-A10B-09,0,2,0,0,1,27,3,0,0,7,2,0
TCGA-BS-A0UV-01A-11D-A10B-09,62,982,31,285,446,7537,1145,3,199,2370,159,6
TCGA-BS-A0V4-01A-11D-A14G-09,11,55,5,14,20,191,16,0,10,96,3,1
TCGA-BS-A0V6-01A-11D-A122-09,0,2,0,6,0,46,2,0,0,16,2,0
TCGA-BS-A0V7-01A-21D-A122-09,0,3,0,4,1,50,2,0,0,7,1,0
TCGA-BS-A0V8-01A-11D-A122-09,0,8,0,1,2,57,5,0,3,25,2,0
TCGA-BS-A0VI-01A-11D-A14G-09,6,53,2,12,21,199,13,0,9,73,7,0
TCGA-BS-A0WQ-01A-21D-A10G-09,1,3,0,1,3,36,2,0,1,14,0,0
TCGA-BT-A0S7-01A-11D-A10S-08,0,2,0,2,1,28,4,0,1,13,1,0
TCGA-BT-A0YX-01A-11D-A10S-08,0,50,2,30,32,519,42,4,21,191,8,0
TCGA-BT-A20J-01A-11D-A14W-08,0,32,1,12,15,381,29,2,6,148,3,0
TCGA-BT-A20N-01A-11D-A14W-08,0,16,4,13,8,206,15,0,4,87,5,1
TCGA-BT-A20O-01A-21D-A14W-08,0,11,1,1,9,153,15,0,5,44,0,1
TCGA-BT-A20P-01A-11D-A14W-08,3,3,1,2,3,72,9,2,1,25,0,0
TCGA-BT-A20Q-01A-11D-A14W-08,0,2,1,3,3,70,13,0,2,26,2,0
TCGA-BT-A20R-01A-12D-A16O-08,2,19,0,14,9,214,24,0,3,81,3,0
TCGA-BT-A20T-01A-11D-A14W-08,0,15,0,10,13,197,24,0,5,82,4,1
TCGA-BT-A20U-01A-11D-A14W-08,1,3,1,2,7,69,8,0,3,20,0,1
TCGA-BT-A20V-01A-11D-A14W-08,0,8,2,3,2,83,6,0,0,27,1,0
TCGA-BT-A20W-01A-21D-A14W-08,0,1,0,1,1,75,4,0,2,23,2,0
TCGA-BT-A20X-01A-11D-A16O-08,0,4,0,0,0,59,5,0,2,20,2,0
TCGA-BT-A2LA-01A-11D-A18F-08,2,4,1,8,15,148,14,0,3,63,5,0
TCGA-BT-A2LB-01A-11D-A18F-08,3,16,1,52,19,433,39,1,10,218,12,2
TCGA-BT-A2LD-01A-12D-A20D-08,0,4,0,2,6,82,5,0,0,31,2,0
TCGA-BT-A3PH-01A-11D-A21Z-08,0,18,4,16,15,358,45,0,7,131,4,0
TCGA-BT-A3PJ-01A-21D-A21Z-08,0,21,3,32,21,376,33,2,9,169,9,0
TCGA-BT-A3PK-01A-21D-A21Z-08,0,11,2,10,15,301,20,1,5,105,5,1
TCGA-BT-A42B-01A-32D-A23M-08,0,5,1,1,3,42,8,0,3,25,1,0
TCGA-BT-A42C-01A-11D-A23M-08,1,26,0,20,20,297,22,0,8,98,3,1
TCGA-BT-A42E-01A-11D-A23U-08,0,9,2,6,12,141,12,0,2,45,1,1
TCGA-BT-A42F-01A-11D-A23U-08,2,4,0,3,4,145,14,0,0,53,0,0
TCGA-BW-A5NO-01A-11D-A27I-10,0,11,0,2,3,96,6,0,1,33,4,0
TCGA-BW-A5NP-01A-11D-A27I-10,0,10,0,3,3,63,5,0,0,21,0,0
TCGA-BW-A5NQ-01A-11D-A27I-10,0,9,0,4,5,74,7,0,1,30,1,1
TCGA-C4-A0EZ-01A-21D-A10S-08,0,8,1,9,8,140,19,0,2,64,6,0
TCGA-C4-A0F0-01A-12D-A10S-08,2,8,0,4,3,64,5,0,2,31,2,0
TCGA-C4-A0F1-01A-11D-A10S-08,0,15,0,7,11,132,14,0,1,61,1,0
TCGA-C4-A0F6-01A-11D-A10S-08,0,11,0,7,12,164,13,0,3,55,3,0
TCGA-C4-A0F7-01A-11D-A10S-08,1,3,2,8,2,53,3,0,1,29,1,0
TCGA-C5-A0TN-01A-21D-A14W-08,1,2,0,2,3,19,0,0,1,2,1,0
TCGA-C5-A1BE-01B-11D-A13W-08,0,4,0,2,4,54,4,0,0,21,2,0
TCGA-C5-A1BF-01B-11D-A13W-08,0,8,0,1,5,50,6,0,1,22,2,0
TCGA-C5-A1BI-01B-11D-A13W-08,0,6,1,2,10,92,4,1,4,43,3,0
TCGA-C5-A1BJ-01A-11D-A13W-08,0,11,0,2,7,118,13,1,2,34,2,1
TCGA-C5-A1BK-01B-11D-A13W-08,3,19,0,7,5,131,15,0,0,47,4,0
TCGA-C5-A1BL-01A-11D-A13W-08,3,9,0,5,5,175,21,0,0,74,3,0
TCGA-C5-A1BM-01A-11D-A13W-08,1,7,2,3,6,105,12,0,1,37,2,0
TCGA-C5-A1BN-01B-11D-A14W-08,0,2,2,4,1,52,6,0,1,19,1,0
TCGA-C5-A1M5-01A-11D-A13W-08,0,4,0,0,2,48,4,0,0,31,3,0
TCGA-C5-A1M6-01A-11D-A13W-08,1,9,0,5,6,107,14,0,4,48,0,0
TCGA-C5-A1M7-01A-11D-A13W-08,0,2,1,3,4,88,8,0,0,43,2,0
TCGA-C5-A1M8-01A-21D-A13W-08,0,7,0,0,2,52,5,0,1,18,1,0
TCGA-C5-A1M9-01A-11D-A13W-08,0,3,0,2,2,39,2,0,2,12,0,0
TCGA-C5-A1ME-01A-11D-A13W-08,0,1,0,1,6,55,2,0,1,18,1,0
TCGA-C5-A1MF-01A-11D-A13W-08,0,8,0,2,0,73,10,0,1,32,0,0
TCGA-C5-A1MH-01A-11D-A14W-08,0,18,1,8,12,397,37,0,4,142,10,1
TCGA-C5-A1MI-01A-11D-A14W-08,0,5,1,1,2,38,1,1,2,23,0,0
TCGA-C5-A1MJ-01A-11D-A14W-08,0,5,1,3,2,71,5,0,2,35,1,0
TCGA-C5-A1MK-01A-11D-A14W-08,2,17,4,14,16,249,23,1,5,102,2,2
TCGA-C5-A1ML-01A-11D-A14W-08,1,3,0,3,3,54,8,0,1,23,0,1
TCGA-C5-A1MN-01A-11D-A14W-08,3,7,1,3,7,115,10,0,1,47,1,0
TCGA-C5-A1MP-01A-11D-A14W-08,0,2,0,1,1,41,2,0,0,17,2,0
TCGA-C5-A1MQ-01A-11D-A14W-08,0,2,0,0,2,30,7,0,0,15,0,0
TCGA-C5-A2LS-01A-22D-A22X-09,1,8,0,2,1,36,3,0,1,26,1,0
TCGA-C5-A2LT-01A-11D-A18J-09,0,9,0,2,3,25,1,0,2,11,2,0
TCGA-C5-A2LV-01A-11D-A18J-09,2,20,0,6,6,49,4,0,2,18,0,0
TCGA-C5-A2LX-01A-11D-A18J-09,3,42,1,9,17,149,11,0,8,56,3,0
TCGA-C5-A2LY-01A-31D-A18J-09,3,30,1,10,7,72,5,0,3,29,0,0
TCGA-C5-A2M1-01A-11D-A18J-09,0,13,0,6,2,69,5,0,7,31,0,0
TCGA-C5-A2M2-01A-21D-A18J-09,0,10,0,3,1,42,4,0,0,18,0,0
TCGA-C5-A3HF-01A-11D-A20U-09,3,9,1,2,1,29,0,0,1,13,0,0
TCGA-C5-A7CG-01A-11D-A32I-09,0,7,0,7,2,33,3,0,1,11,2,0
TCGA-C5-A7CH-01A-11D-A33O-09,3,17,1,5,5,48,2,0,1,15,1,0
TCGA-C5-A7CJ-01A-11D-A32I-09,0,13,0,2,3,47,5,0,0,36,2,0
TCGA-C5-A7CK-01A-11D-A32I-09,0,32,2,11,12,95,12,0,5,32,5,0
TCGA-C5-A7CL-01A-11D-A32I-09,3,21,2,7,13,85,6,0,0,37,1,0
TCGA-C5-A7CM-01A-11D-A33O-09,0,5,0,1,0,14,0,0,0,5,0,0
TCGA-C5-A7CO-01A-11D-A351-09,2,18,3,5,5,87,11,0,3,28,0,0
TCGA-C5-A7UC-01A-11D-A351-09,1,10,1,5,5,50,4,0,3,18,0,0
TCGA-C5-A7UE-01A-11D-A33O-09,3,21,1,6,11,118,7,0,4,49,2,0
TCGA-C5-A7UH-01A-11D-A351-09,5,47,2,12,13,171,17,0,4,54,2,0
TCGA-C5-A7UI-01A-11D-A36J-09,2,23,3,4,11,95,6,0,4,36,0,0
TCGA-C5-A7X3-01A-11D-A351-09,3,14,0,3,0,53,5,0,4,14,2,0
TCGA-C5-A7X5-01A-11D-A36J-09,6,38,4,11,24,170,14,0,10,83,1,0
TCGA-C5-A7X8-01A-11D-A36J-09,1,17,0,1,4,47,2,0,1,32,2,0
TCGA-C5-A7XC-01A-11D-A387-09,0,15,0,3,5,58,3,0,4,24,3,0
TCGA-C5-A8XH-01A-11D-A37N-09,4,54,4,14,22,186,16,1,6,75,3,0
TCGA-C5-A8XI-01A-11D-A37N-09,1,9,0,0,0,44,1,0,2,16,0,0
TCGA-C5-A8XJ-01A-11D-A37N-09,3,89,3,22,31,241,23,0,17,114,1,1
TCGA-C5-A8XK-01A-11D-A37N-09,5,53,4,13,13,165,9,1,8,82,0,0
TCGA-C5-A8YQ-01A-11D-A37N-09,4,45,4,5,14,135,7,0,1,39,3,0
TCGA-C5-A8YR-01A-12D-A37N-09,2,33,1,4,8,90,8,0,4,48,2,0
TCGA-C5-A8YT-01A-11D-A37N-09,0,2,0,0,0,2,0,0,0,1,0,0
TCGA-C5-A8ZZ-01A-11D-A37N-09,4,20,3,5,1,78,2,0,2,24,0,0
TCGA-C5-A901-01A-11D-A37N-09,1,24,4,4,14,64,4,0,3,36,6,0
TCGA-C5-A902-01A-11D-A37N-09,7,74,1,20,20,217,22,0,9,110,6,0
TCGA-C5-A905-01A-11D-A37N-09,2,14,3,5,3,66,5,0,1,27,0,0
TCGA-C5-A907-01A-11D-A37N-09,0,12,0,2,3,40,5,0,0,9,0,1
TCGA-C8-A12K-01A-21D-A10Y-09,1,13,0,3,5,102,6,0,3,34,6,0
TCGA-C8-A12L-01A-11D-A10Y-09,0,4,1,1,6,60,1,0,0,16,0,0
TCGA-C8-A12M-01A-11D-A135-09,0,9,0,0,4,43,4,0,2,20,0,0
TCGA-C8-A12N-01A-11D-A10Y-09,0,1,0,0,1,12,0,0,0,12,1,0
TCGA-C8-A12O-01A-11D-A10Y-09,0,2,1,1,0,32,1,0,1,11,0,0
TCGA-C8-A12P-01A-11D-A10Y-09,0,6,1,6,4,124,7,1,4,46,3,0
TCGA-C8-A12Q-01A-11D-A10Y-09,0,5,0,2,4,79,9,1,2,36,1,0
TCGA-C8-A12T-01A-11D-A10Y-09,1,8,0,9,7,130,17,0,4,36,2,0
TCGA-C8-A12U-01A-11D-A10Y-09,0,3,0,1,2,35,5,0,1,13,1,0
TCGA-C8-A12V-01A-11D-A10Y-09,0,2,0,2,0,34,3,0,1,8,2,0
TCGA-C8-A12W-01A-11D-A10Y-09,2,5,0,0,5,44,2,0,0,18,1,0
TCGA-C8-A12X-01A-11D-A10Y-09,0,4,0,2,1,35,6,0,2,15,0,0
TCGA-C8-A12Y-01A-11D-A12B-09,0,2,0,1,1,25,1,0,0,15,1,0
TCGA-C8-A12Z-01A-11D-A10Y-09,0,5,1,1,0,40,2,0,0,11,1,0
TCGA-C8-A130-01A-31D-A10Y-09,0,2,1,1,1,28,2,0,0,17,2,0
TCGA-C8-A131-01A-11D-A10Y-09,0,2,0,3,5,48,1,0,0,15,0,0
TCGA-C8-A132-01A-31D-A10Y-09,0,3,0,1,5,53,4,0,1,15,2,0
TCGA-C8-A133-01A-32D-A12B-09,0,4,0,0,1,20,2,0,0,6,0,0
TCGA-C8-A134-01A-11D-A10Y-09,2,6,1,1,2,73,3,0,2,26,1,0
TCGA-C8-A135-01A-11D-A10Y-09,2,2,2,1,3,48,0,0,1,18,0,0
TCGA-C8-A137-01A-11D-A10Y-09,0,5,0,3,4,33,2,1,1,10,3,0
TCGA-C8-A138-01A-11D-A10Y-09,0,0,0,2,0,34,3,0,0,13,0,0
TCGA-C8-A1HE-01A-11D-A188-09,1,0,0,0,3,29,3,0,2,15,1,0
TCGA-C8-A1HF-01A-11D-A135-09,0,1,0,3,3,20,1,0,1,9,1,0
TCGA-C8-A1HG-01A-11D-A135-09,1,3,0,4,3,35,2,0,1,20,0,0
TCGA-C8-A1HI-01A-11D-A135-09,0,4,0,4,4,40,0,0,1,17,2,0
TCGA-C8-A1HJ-01A-11D-A13L-09,0,6,2,2,2,78,5,0,0,27,2,0
TCGA-C8-A1HK-01A-21D-A13L-09,0,6,1,0,1,47,1,0,2,14,1,0
TCGA-C8-A1HL-01A-11D-A135-09,0,4,0,0,0,23,2,0,0,7,1,0
TCGA-C8-A1HM-01A-12D-A135-09,3,26,3,13,20,266,18,0,7,84,7,1
TCGA-C8-A1HN-01A-11D-A135-09,0,6,0,0,2,33,5,0,2,20,2,0
TCGA-C8-A1HO-01A-11D-A13L-09,1,2,0,2,0,23,4,0,3,14,0,0
TCGA-C8-A26V-01A-11D-A16D-09,0,6,0,0,2,60,3,0,3,22,0,0
TCGA-C8-A26W-01A-11D-A16D-09,0,4,1,0,2,41,2,0,1,18,0,0
TCGA-C8-A26X-01A-31D-A16D-09,0,3,0,1,0,52,2,0,1,14,2,0
TCGA-C8-A26Y-01A-11D-A16D-09,3,45,2,25,30,527,61,1,11,198,12,1
TCGA-C8-A26Z-01A-11D-A16D-09,0,3,0,1,5,32,2,0,0,6,0,0
TCGA-C8-A273-01A-11D-A16D-09,1,1,0,0,3,12,0,0,0,6,1,0
TCGA-C8-A274-01A-11D-A16D-09,0,18,0,10,12,162,13,0,3,61,2,0
TCGA-C8-A275-01A-21D-A16D-09,0,2,0,1,3,94,5,0,0,35,2,0
TCGA-C8-A278-01A-11D-A167-09,0,2,0,0,0,37,2,0,1,11,0,0
TCGA-C8-A27A-01A-11D-A167-09,1,1,0,0,1,23,1,0,0,13,0,0
TCGA-C8-A27B-01A-11D-A167-09,1,6,1,1,4,114,4,0,0,30,0,1
TCGA-C8-A3M7-01A-12D-A21Q-09,2,33,1,5,12,107,13,0,4,44,0,0
TCGA-C8-A3M8-01A-11D-A20S-09,1,8,1,0,4,35,1,0,1,10,1,0
TCGA-C8-A8HP-01A-11D-A36J-09,6,44,6,5,15,122,16,1,5,53,0,0
TCGA-C8-A8HQ-01A-11D-A36J-09,6,54,3,18,13,185,20,0,5,66,2,0
TCGA-C8-A8HR-01A-11D-A36J-09,1,5,1,2,3,35,2,0,0,10,1,0
TCGA-C8-A9FZ-01A-11D-A41F-09,0,3,1,1,2,18,1,0,0,3,0,0
TCGA-C9-A47Z-01A-11D-A24D-08,0,1,3,5,5,83,2,0,2,29,3,0
TCGA-C9-A480-01A-12D-A24D-08,0,4,0,2,1,37,2,0,1,18,0,0
TCGA-CA-5254-01A-21D-1835-10,3,18,0,6,8,160,12,0,4,55,1,0
TCGA-CA-5255-01A-11D-1835-10,0,2,0,6,4,44,2,0,1,15,1,0
TCGA-CA-5256-01A-01D-1408-10,0,4,0,3,2,58,8,0,0,31,0,0
TCGA-CA-5796-01A-01D-1650-10,0,7,2,3,6,46,6,0,0,24,2,0
TCGA-CA-5797-01A-01D-1650-10,0,6,1,1,5,46,5,0,2,22,1,0
TCGA-CA-6715-01A-21D-1835-10,0,9,0,2,2,79,4,0,0,23,4,0
TCGA-CA-6716-01A-11D-1835-10,1,9,1,2,5,115,11,0,3,58,2,0
TCGA-CA-6717-01A-11D-1835-10,42,908,31,222,367,7982,914,12,115,2198,169,5
TCGA-CA-6718-01A-11D-1835-10,17,382,13,88,123,2640,446,2,57,620,37,3
TCGA-CA-6719-01A-11D-1835-10,1,4,0,0,8,98,7,0,3,37,3,0
TCGA-CC-5258-01A-01D-A12Z-10,0,13,2,11,6,105,4,0,0,26,8,0
TCGA-CC-5259-01A-31D-A20W-10,0,12,0,3,11,112,13,0,5,38,3,1
TCGA-CC-5260-01A-01D-A12Z-10,0,7,0,5,5,42,1,0,1,15,3,0
TCGA-CC-5262-01A-01D-A12Z-10,1,12,2,6,4,103,9,0,1,34,6,0
TCGA-CC-5263-01A-01D-A12Z-10,1,13,1,5,3,89,13,0,0,37,2,1
TCGA-CC-5264-01A-01D-A12Z-10,0,8,2,0,7,70,9,0,1,28,3,1
TCGA-CC-A123-01A-11D-A12Z-10,0,8,0,6,4,62,5,0,1,20,2,0
TCGA-CC-A1HT-01A-11D-A12Z-10,0,6,1,6,6,72,4,0,0,22,4,0
TCGA-CC-A3M9-01A-11D-A20W-10,1,9,1,5,4,110,5,0,1,44,4,1
TCGA-CC-A3MA-01A-11D-A20W-10,0,5,1,1,5,35,1,0,0,12,1,0
TCGA-CC-A3MB-01A-11D-A20W-10,0,6,1,1,2,62,4,0,1,26,2,0
TCGA-CC-A3MC-01A-11D-A22F-10,1,10,1,4,3,79,8,0,2,25,2,1
TCGA-CC-A5UC-01A-11D-A28X-10,0,6,1,0,3,42,2,0,2,19,2,0
TCGA-CC-A5UD-01A-11D-A28X-10,0,12,2,10,9,157,13,0,4,57,7,2
TCGA-CC-A5UE-01A-11D-A28X-10,1,9,1,8,5,106,6,0,5,30,1,1
TCGA-CC-A7IE-01A-21D-A382-10,0,31,0,9,14,127,7,0,1,44,9,0
TCGA-CC-A7IF-01A-11D-A33K-10,2,18,3,9,9,98,4,0,4,31,3,0
TCGA-CC-A7IG-01A-11D-A33K-10,2,17,0,9,10,115,8,0,3,38,1,1
TCGA-CC-A7IH-01A-11D-A33K-10,5,89,5,46,31,593,37,0,16,232,28,0
TCGA-CC-A7II-01A-11D-A33K-10,2,9,0,18,9,127,8,0,4,46,2,0
TCGA-CC-A7IJ-01A-11D-A33Q-10,0,11,0,10,5,124,5,0,1,41,4,0
TCGA-CC-A7IK-01A-12D-A33Q-10,2,32,2,18,12,250,18,1,3,81,9,0
TCGA-CC-A7IL-01A-11D-A33Q-10,0,17,1,10,6,79,4,0,0,32,6,0
TCGA-CC-A8HS-01A-11D-A35Z-10,0,4,0,6,1,45,2,0,2,10,0,0
TCGA-CC-A8HT-01A-11D-A35Z-10,1,30,2,6,11,159,11,0,2,54,5,0
TCGA-CC-A8HU-01A-11D-A35Z-10,0,8,1,7,6,76,6,0,2,26,1,0
TCGA-CC-A8HV-01A-11D-A35Z-10,0,21,1,10,5,109,8,0,7,38,0,0
TCGA-CC-A9FS-01A-11D-A36X-10,0,15,1,6,2,84,8,0,2,27,0,1
TCGA-CC-A9FU-01A-11D-A36X-10,0,6,0,5,6,39,2,0,2,11,1,0
TCGA-CC-A9FV-01A-11D-A36X-10,0,4,1,6,2,12,0,0,0,6,1,0
TCGA-CC-A9FW-01A-11D-A36X-10,1,18,1,9,8,114,10,0,2,38,3,0
TCGA-CD-5798-01A-11D-1600-08,0,8,0,3,5,75,2,0,0,26,1,0
TCGA-CD-5799-01A-11D-1600-08,0,3,1,1,2,33,0,0,1,15,0,1
TCGA-CD-5800-01A-11D-1600-08,1,7,1,4,2,136,5,0,2,43,2,0
TCGA-CD-5801-01A-11D-1600-08,0,28,4,12,14,360,8,1,4,109,5,0
TCGA-CD-5802-01A-11D-1600-08,0,3,0,3,3,35,3,0,0,16,1,0
TCGA-CD-5803-01A-11D-1600-08,1,0,0,1,1,32,1,0,1,8,0,0
TCGA-CD-5804-01A-12D-2053-08,0,2,1,1,2,57,3,0,0,20,3,0
TCGA-CD-5813-01A-11D-1600-08,1,13,0,3,4,134,6,0,8,47,7,0
TCGA-CD-8524-01A-11D-2340-08,1,4,1,4,4,121,11,0,1,41,2,0
TCGA-CD-8525-01A-11D-2340-08,0,2,0,5,1,61,4,0,5,19,2,0
TCGA-CD-8526-01A-11D-2340-08,0,1,1,0,1,43,2,0,1,8,0,0
TCGA-CD-8527-01A-11D-2340-08,2,8,2,10,11,173,10,0,4,79,9,0
TCGA-CD-8528-01A-11D-2340-08,0,4,1,6,2,82,6,0,3,31,0,0
TCGA-CD-8529-01A-11D-2340-08,1,16,2,11,12,321,18,0,6,112,6,0
TCGA-CD-8530-01A-11D-2340-08,0,8,0,2,0,66,3,0,5,30,1,0
TCGA-CD-8531-01A-11D-2340-08,0,9,2,5,14,192,14,0,5,77,6,1
TCGA-CD-8532-01A-11D-2340-08,0,2,1,1,0,25,2,0,0,18,1,0
TCGA-CD-8533-01A-11D-2340-08,0,6,2,3,4,87,5,0,2,46,0,0
TCGA-CD-8534-01A-11D-2340-08,0,1,0,1,1,50,1,0,1,15,2,0
TCGA-CD-8535-01A-11D-2340-08,0,10,0,5,13,206,10,0,2,85,2,1
TCGA-CD-8536-01A-11D-2340-08,1,34,2,23,24,595,36,0,6,226,15,1
TCGA-CD-A486-01A-11D-A24D-08,0,5,0,0,3,73,4,0,2,24,1,0
TCGA-CD-A487-01A-21D-A24D-08,0,6,0,1,3,153,2,0,3,46,1,0
TCGA-CD-A489-01A-11D-A24D-08,1,5,0,0,4,58,3,0,2,22,1,0
TCGA-CD-A48A-01A-12D-A24D-08,0,11,1,6,7,193,7,0,2,61,3,0
TCGA-CD-A48C-01A-11D-A24D-08,0,8,1,4,6,169,8,0,8,62,6,0
TCGA-CD-A4MG-01A-11D-A25D-08,6,116,5,43,57,1566,87,1,17,666,33,1
TCGA-CD-A4MH-01A-11D-A25D-08,0,5,0,2,1,53,7,0,2,29,0,0
TCGA-CD-A4MI-01A-21D-A25D-08,2,24,3,22,20,686,33,0,10,297,13,1
TCGA-CD-A4MJ-01A-11D-A25D-08,1,24,5,14,17,435,18,0,8,185,13,0
TCGA-CE-A13K-01A-11D-A10S-08,0,1,0,0,1,7,0,0,0,5,1,0
TCGA-CE-A27D-01A-11D-A16O-08,0,0,0,1,0,4,0,0,0,1,1,0
TCGA-CE-A3MD-01A-11D-A20C-08,0,0,0,1,0,7,1,0,0,1,0,0
TCGA-CE-A3ME-01A-11D-A20C-08,0,2,0,0,0,8,1,0,0,4,1,0
TCGA-CE-A481-01A-21D-A23U-08,0,2,0,0,1,9,0,0,0,3,0,0
TCGA-CE-A482-01A-11D-A23U-08,1,0,0,1,0,3,0,0,0,4,1,0
TCGA-CE-A483-01A-11D-A23U-08,0,0,0,1,0,3,1,0,0,2,0,0
TCGA-CE-A484-01A-11D-A23U-08,0,0,0,0,1,13,1,0,0,4,0,0
TCGA-CE-A485-01A-11D-A23U-08,0,0,0,0,0,4,0,0,0,0,0,0
TCGA-CF-A1HR-01A-11D-A13W-08,1,18,2,10,11,214,23,0,2,92,9,0
TCGA-CF-A1HS-01A-11D-A13W-08,0,13,2,8,7,209,13,0,5,82,10,0
TCGA-CF-A27C-01A-11D-A16O-08,1,10,1,1,4,105,19,1,4,53,4,0
TCGA-CF-A3MF-01A-12D-A21A-08,0,0,0,0,0,19,4,0,0,7,0,0
TCGA-CF-A3MG-01A-11D-A20D-08,0,6,1,4,8,99,18,0,1,49,1,0
TCGA-CF-A3MH-01A-11D-A20D-08,0,3,0,2,3,36,1,0,1,10,2,0
TCGA-CF-A3MI-01A-11D-A20D-08,0,3,0,6,2,54,3,0,2,23,2,0
TCGA-CF-A47S-01A-11D-A23U-08,0,1,0,1,1,17,4,0,0,6,0,0
TCGA-CF-A47T-01A-11D-A23U-08,0,1,0,1,0,18,4,0,1,9,0,0
TCGA-CF-A47V-01A-11D-A23U-08,0,5,0,4,2,62,2,0,3,27,0,0
TCGA-CF-A47W-01A-11D-A23U-08,0,3,0,4,1,19,4,0,0,7,3,0
TCGA-CF-A47X-01A-31D-A23U-08,4,20,2,19,10,247,25,0,3,98,6,0
TCGA-CF-A47Y-01A-11D-A23U-08,0,5,0,1,2,48,8,0,1,23,1,0
TCGA-CF-A5U8-01A-11D-A289-08,0,2,0,1,2,39,3,0,2,22,2,0
TCGA-CF-A5UA-01A-11D-A289-08,1,1,0,1,6,58,3,1,1,25,4,0
TCGA-CF-A7I0-01A-22D-A34U-08,0,4,0,2,3,30,3,0,1,24,1,0
TCGA-CF-A8HX-01A-11D-A364-08,1,5,0,3,3,48,1,0,3,23,1,0
TCGA-CF-A8HY-01A-11D-A364-08,0,4,1,1,3,67,10,0,1,32,2,0
TCGA-CF-A9FF-01A-11D-A38G-08,1,6,1,8,2,104,21,0,0,41,1,0
TCGA-CF-A9FH-01A-11D-A38G-08,0,0,0,0,0,32,3,0,1,6,0,0
TCGA-CF-A9FL-01A-11D-A38G-08,0,0,1,3,2,40,3,0,1,15,1,0
TCGA-CF-A9FM-01A-11D-A38G-08,1,0,0,0,1,16,0,0,2,7,0,0
TCGA-CG-4300-01A-01D-1158-08,0,5,0,5,5,96,8,3,2,37,2,0
TCGA-CG-4301-01A-01D-1158-08,0,1,0,1,1,40,4,0,1,16,0,0
TCGA-CG-4304-01A-01D-1158-08,1,4,0,3,2,44,2,0,0,26,1,0
TCGA-CG-4305-01A-01D-1158-08,4,50,9,22,39,771,44,0,12,341,17,2
TCGA-CG-4306-01A-01D-1158-08,3,38,2,22,23,700,51,0,14,319,20,0
TCGA-CG-4436-01A-01D-1158-08,0,13,1,4,2,143,4,1,2,49,1,0
TCGA-CG-4437-01A-01D-1800-08,4,25,1,13,19,415,16,1,4,143,8,0
TCGA-CG-4438-01A-01D-1158-08,0,6,1,4,6,113,5,0,1,34,1,0
TCGA-CG-4440-01A-01D-1158-08,1,8,1,2,3,109,2,0,1,25,1,0
TCGA-CG-4441-01A-01D-1800-08,0,3,0,0,6,84,3,0,3,35,1,0
TCGA-CG-4442-01A-01D-1158-08,4,73,8,35,49,909,42,2,20,413,24,1
TCGA-CG-4443-01A-01D-1158-08,0,3,0,2,7,69,4,0,1,31,0,0
TCGA-CG-4444-01A-01D-1158-08,1,8,0,7,9,135,7,1,2,58,2,0
TCGA-CG-4449-01A-01D-1158-08,1,3,1,2,0,71,6,0,1,26,0,0
TCGA-CG-4455-01A-01D-1158-08,1,0,0,2,2,28,2,0,0,19,0,0
TCGA-CG-4460-01A-01D-1158-08,8,91,10,29,48,1308,77,0,15,594,20,1
TCGA-CG-4462-01A-01D-1158-08,0,5,1,3,3,50,5,0,2,28,0,0
TCGA-CG-4465-01A-01D-1158-08,0,31,2,20,16,404,21,0,10,175,7,1
TCGA-CG-4466-01A-01D-1158-08,1,11,1,5,5,151,8,0,7,55,4,0
TCGA-CG-4469-01A-01D-1158-08,0,15,1,5,8,253,14,0,6,80,3,0
TCGA-CG-4474-01A-02D-1158-08,0,7,0,2,1,63,5,0,2,25,2,0
TCGA-CG-4475-01A-01D-1158-08,0,6,1,1,1,42,1,0,2,19,0,0
TCGA-CG-4476-01A-01D-1158-08,0,6,0,3,2,90,15,0,1,26,3,0
TCGA-CG-4477-01A-01D-1158-08,1,2,0,1,1,42,2,0,3,18,1,0
TCGA-CG-5716-01A-21D-1800-08,0,0,0,0,0,18,1,0,0,4,0,1
TCGA-CG-5717-01A-11D-1600-08,1,6,0,3,7,105,5,1,1,35,0,0
TCGA-CG-5718-01A-11D-1600-08,0,4,1,2,1,66,3,0,2,24,4,0
TCGA-CG-5719-01A-11D-1600-08,0,1,0,1,2,56,3,0,0,25,2,0
TCGA-CG-5720-01A-11D-1600-08,0,6,0,0,1,62,3,0,0,29,1,1
TCGA-CG-5721-01A-11D-1600-08,13,254,13,77,127,3002,71,5,59,1237,106,0
TCGA-CG-5722-01A-21D-1600-08,0,5,0,1,1,65,5,0,0,26,1,0
TCGA-CG-5723-01A-11D-1600-08,8,73,7,37,41,1116,49,1,22,491,28,0
TCGA-CG-5724-01A-11D-1600-08,1,12,1,3,4,82,3,1,3,31,2,0
TCGA-CG-5725-01A-11D-1600-08,1,4,0,1,1,34,2,0,0,7,0,0
TCGA-CG-5726-01A-11D-1600-08,4,74,2,37,41,800,36,0,15,399,20,0
TCGA-CG-5727-01A-11D-1600-08,1,4,0,2,9,124,5,2,2,52,2,0
TCGA-CG-5728-01A-11D-1600-08,5,76,10,25,39,893,35,0,10,418,24,0
TCGA-CG-5730-01A-11D-1600-08,1,7,2,3,6,114,5,0,7,56,1,0
TCGA-CG-5732-01A-11D-1600-08,1,2,0,1,2,45,2,0,1,24,1,0
TCGA-CG-5733-01A-11D-1600-08,3,50,4,21,25,703,28,2,7,331,18,1
TCGA-CG-5734-01A-11D-1600-08,0,8,0,4,4,65,5,1,1,23,1,0
TCGA-CH-5737-01A-11D-1576-08,0,2,0,2,0,39,0,0,1,18,2,0
TCGA-CH-5738-01A-11D-1576-08,0,3,0,0,3,13,1,0,0,4,0,0
TCGA-CH-5739-01A-11D-1576-08,0,3,0,0,0,22,3,0,0,9,1,0
TCGA-CH-5740-01A-11D-1576-08,0,1,0,0,1,16,1,0,0,4,2,0
TCGA-CH-5741-01A-11D-1576-08,0,2,0,3,4,14,4,0,0,5,1,0
TCGA-CH-5744-01A-11D-1576-08,0,4,0,1,1,18,0,1,0,11,0,0
TCGA-CH-5745-01A-11D-1576-08,0,3,0,1,1,23,0,0,0,5,0,0
TCGA-CH-5746-01A-11D-1576-08,1,0,0,0,0,9,0,0,0,3,0,0
TCGA-CH-5748-01A-11D-1576-08,0,0,0,3,0,31,1,0,0,15,0,0
TCGA-CH-5750-01A-11D-1576-08,0,4,0,1,0,25,2,0,1,14,1,0
TCGA-CH-5751-01A-11D-1576-08,0,4,0,0,1,26,1,0,2,6,0,0
TCGA-CH-5752-01A-11D-1576-08,0,4,1,1,3,27,1,0,1,12,2,0
TCGA-CH-5753-01A-11D-1576-08,1,3,0,0,0,38,3,0,0,7,2,0
TCGA-CH-5754-01A-11D-1576-08,0,3,0,3,5,68,4,0,1,32,0,0
TCGA-CH-5761-01A-11D-1576-08,0,2,0,1,1,40,1,0,1,16,1,0
TCGA-CH-5762-01A-11D-1576-08,0,3,0,3,2,53,1,0,0,16,1,0
TCGA-CH-5763-01A-11D-1576-08,0,1,0,1,0,16,0,0,1,5,0,0
TCGA-CH-5764-01A-21D-1576-08,1,1,0,1,0,29,2,0,0,3,1,1
TCGA-CH-5765-01A-11D-1576-08,0,3,0,0,1,22,2,0,0,12,1,0
TCGA-CH-5766-01A-11D-1576-08,0,1,0,0,1,26,1,0,0,11,0,0
TCGA-CH-5767-01A-11D-1786-08,0,0,0,0,3,31,3,0,1,6,0,0
TCGA-CH-5768-01A-11D-1576-08,0,2,0,2,2,36,3,0,0,15,0,0
TCGA-CH-5769-01A-11D-1576-08,1,2,1,1,3,89,5,0,0,37,1,1
TCGA-CH-5771-01A-21D-1576-08,0,3,1,1,0,22,1,0,0,4,0,0
TCGA-CH-5772-01A-11D-1576-08,1,4,0,0,2,36,4,0,1,22,1,0
TCGA-CH-5788-01A-11D-1576-08,0,5,1,0,2,27,1,0,1,15,0,0
TCGA-CH-5789-01A-11D-1576-08,0,0,0,1,0,2,0,0,1,4,1,0
TCGA-CH-5790-01A-11D-1576-08,0,3,0,1,0,18,1,0,1,6,0,0
TCGA-CH-5791-01A-11D-1576-08,0,2,0,0,1,31,1,0,1,10,1,0
TCGA-CH-5792-01A-11D-1576-08,0,1,0,0,4,27,3,0,1,9,0,0
TCGA-CH-5794-01A-11D-1576-08,0,3,0,0,0,20,1,0,3,12,0,0
TCGA-CI-6619-01B-11D-1826-10,1,5,0,2,3,64,3,1,3,23,1,0
TCGA-CI-6620-01A-11D-1826-10,1,8,0,3,4,44,1,0,3,23,2,0
TCGA-CI-6621-01A-11D-1826-10,2,9,2,3,4,88,8,0,2,36,5,0
TCGA-CI-6622-01A-11D-1826-10,0,5,0,2,6,79,7,0,1,49,3,0
TCGA-CI-6623-01B-11D-1826-10,0,7,0,1,4,61,1,0,3,26,1,0
TCGA-CI-6624-01C-11D-1826-10,0,27,4,6,13,222,15,0,2,72,3,0
TCGA-CJ-4634-01A-02D-1386-10,0,4,0,1,3,54,5,0,0,28,0,0
TCGA-CJ-4636-01A-02D-1386-10,1,6,0,0,4,44,6,0,0,9,4,0
TCGA-CJ-4637-01A-02D-1386-10,0,4,0,4,3,33,3,0,0,12,1,0
TCGA-CJ-4638-01A-02D-1386-10,1,6,0,2,2,53,3,0,0,21,2,0
TCGA-CJ-4639-01A-02D-1386-10,0,5,0,1,2,43,5,0,1,9,2,1
TCGA-CJ-4640-01A-02D-1386-10,1,3,0,0,1,44,1,0,1,20,2,0
TCGA-CJ-4641-01A-02D-1386-10,0,1,0,3,2,39,3,0,1,16,1,0
TCGA-CJ-4643-01A-02D-1386-10,0,7,0,6,4,59,6,0,2,25,2,0
TCGA-CJ-4644-01A-02D-1386-10,1,5,2,4,2,43,4,1,1,15,3,0
TCGA-CJ-4869-01A-02D-1429-08,1,2,0,0,4,55,3,0,2,10,2,0
TCGA-CJ-4882-01A-02D-1429-08,0,2,0,3,4,51,8,0,1,20,1,0
TCGA-CJ-4899-01A-01D-1462-08,0,2,0,0,1,28,2,0,1,10,2,0
TCGA-CJ-4900-01A-01D-1462-08,0,2,0,0,1,40,3,0,1,8,0,0
TCGA-CJ-4901-01A-01D-1429-08,1,4,0,3,0,45,1,0,0,7,2,0
TCGA-CJ-4902-01A-01D-1429-08,0,3,0,2,4,49,2,0,1,14,1,0
TCGA-CJ-4903-01A-01D-1429-08,0,2,0,0,1,36,3,0,0,11,0,1
TCGA-CJ-4904-01A-02D-1429-08,0,2,0,1,1,36,3,0,0,17,1,0
TCGA-CJ-4905-01A-02D-1429-08,0,3,0,1,1,34,2,0,0,21,1,0
TCGA-CJ-4907-01A-01D-1429-08,1,6,0,0,3,48,7,0,0,19,0,0
TCGA-CJ-4908-01A-01D-1429-08,0,1,0,0,1,24,1,0,0,10,0,0
TCGA-CJ-4912-01A-01D-1429-08,0,4,1,2,3,56,6,0,0,22,0,0
TCGA-CJ-4913-01A-01D-1429-08,0,4,0,1,2,46,3,0,1,16,0,1
TCGA-CJ-4916-01A-01D-1429-08,1,4,0,1,2,34,1,0,0,12,1,0
TCGA-CJ-4918-01A-01D-1429-08,0,1,0,3,2,49,3,0,2,16,4,0
TCGA-CJ-4920-01A-01D-1429-08,0,8,1,4,6,94,6,0,2,27,2,1
TCGA-CJ-4923-01A-01D-1429-08,0,3,0,1,1,38,4,0,1,12,0,0
TCGA-CJ-5671-01A-11D-1534-10,1,3,0,3,4,46,2,0,2,22,0,0
TCGA-CJ-5672-01A-11D-1534-10,1,6,0,3,4,65,5,2,1,23,1,0
TCGA-CJ-5675-01A-11D-1534-10,1,7,0,1,0,46,5,0,1,23,0,0
TCGA-CJ-5676-01A-11D-1534-10,1,2,0,3,2,39,7,0,1,21,1,1
TCGA-CJ-5677-01A-11D-1534-10,2,2,0,4,2,54,4,0,0,20,2,0
TCGA-CJ-5678-01A-11D-1534-10,0,4,2,1,1,28,4,0,1,11,0,0
TCGA-CJ-5679-01A-11D-1534-10,0,10,0,1,3,72,3,0,3,19,4,0
TCGA-CJ-5680-01A-11D-1534-10,0,4,0,1,2,35,1,0,1,15,4,0
TCGA-CJ-5681-01A-11D-1534-10,1,3,0,1,2,18,0,0,0,6,1,0
TCGA-CJ-5682-01A-11D-1534-10,1,7,0,1,1,54,4,0,1,15,2,0
TCGA-CJ-5683-01A-11D-1534-10,0,4,0,0,1,46,1,0,1,22,0,0
TCGA-CJ-5684-01A-11D-1534-10,0,6,0,3,0,27,3,0,0,14,1,0
TCGA-CJ-5686-01A-11D-1669-08,0,1,0,2,4,37,4,0,1,17,3,0
TCGA-CJ-5689-01A-11D-1534-10,0,10,0,1,0,54,7,0,0,21,0,0
TCGA-CJ-6027-01A-11D-1669-08,1,4,0,5,6,57,6,0,1,20,1,0
TCGA-CJ-6028-01A-11D-1669-08,0,0,2,1,3,42,3,0,0,18,2,0
TCGA-CJ-6030-01A-11D-1669-08,0,6,0,2,0,75,6,0,0,26,3,0
TCGA-CJ-6031-01A-11D-1669-08,0,0,0,2,2,45,5,0,2,11,1,1
TCGA-CJ-6032-01A-11D-1669-08,0,3,1,0,2,34,3,0,1,11,1,0
TCGA-CJ-6033-01A-11D-1669-08,0,3,1,0,0,57,3,0,1,22,2,0
TCGA-CK-4947-01B-11D-1650-10,0,7,0,4,6,78,2,0,1,32,3,0
TCGA-CK-4948-01B-11D-1650-10,2,9,0,2,6,81,11,0,1,27,3,0
TCGA-CK-4950-01A-01D-1719-10,1,12,0,6,5,131,12,0,3,57,0,1
TCGA-CK-4951-01A-01D-1408-10,20,386,35,192,215,3554,217,6,47,1702,76,6
TCGA-CK-4952-01A-01D-1719-10,2,8,0,7,3,114,6,0,4,57,1,0
TCGA-CK-5912-01A-11D-1650-10,1,12,1,1,2,52,2,0,1,15,0,0
TCGA-CK-5913-01A-11D-1650-10,6,74,4,36,42,576,35,1,15,248,12,0
TCGA-CK-5914-01A-11D-1650-10,1,14,1,4,9,116,7,0,2,37,1,0
TCGA-CK-5915-01A-11D-1650-10,0,11,0,3,5,67,5,0,2,34,2,0
TCGA-CK-5916-01A-11D-1650-10,8,119,9,57,59,1012,47,0,21,471,15,0
TCGA-CK-6746-01A-11D-1835-10,5,104,7,41,41,829,45,1,10,349,20,4
TCGA-CK-6747-01A-11D-1835-10,1,8,1,6,3,89,9,0,7,40,1,0
TCGA-CK-6748-01A-11D-1835-10,1,7,0,0,3,43,4,1,2,28,2,0
TCGA-CK-6751-01A-11D-1835-10,2,12,1,2,5,140,12,1,1,51,1,1
TCGA-CL-4957-01A-01D-1733-10,0,11,2,4,4,63,10,0,2,28,1,0
TCGA-CL-5917-01A-11D-1657-10,0,7,0,4,1,59,6,0,1,26,1,0
TCGA-CL-5918-01A-11D-1657-10,3,16,1,3,9,98,9,0,5,38,3,0
TCGA-CM-4743-01A-01D-1719-10,6,91,6,43,42,818,20,3,14,351,22,2
TCGA-CM-4744-01A-01D-1408-10,0,11,2,5,7,118,9,0,2,46,0,1
TCGA-CM-4746-01A-01D-1408-10,6,75,2,24,19,531,36,0,3,233,12,0
TCGA-CM-4747-01A-01D-1408-10,1,8,0,1,3,70,4,0,4,45,1,0
TCGA-CM-4748-01A-01D-1408-10,0,3,1,6,1,56,5,0,0,21,2,0
TCGA-CM-4750-01A-01D-1408-10,0,5,0,1,8,68,8,0,2,24,2,0
TCGA-CM-4751-01A-02D-1835-10,0,5,0,1,4,79,5,0,1,32,1,0
TCGA-CM-4752-01A-01D-1408-10,0,14,1,5,4,101,8,0,2,42,1,0
TCGA-CM-5341-01A-01D-1408-10,1,14,0,5,6,126,11,0,3,37,3,0
TCGA-CM-5344-01A-21D-1719-10,0,10,0,5,6,49,3,0,1,26,0,0
TCGA-CM-5348-01A-21D-1719-10,1,15,4,2,9,143,11,0,5,59,4,0
TCGA-CM-5349-01A-21D-1719-10,1,10,1,2,4,79,8,0,5,37,0,0
TCGA-CM-5860-01A-01D-1650-10,0,8,0,6,5,85,6,0,0,44,4,0
TCGA-CM-5861-01A-01D-1650-10,5,142,12,47,55,1028,34,0,15,441,41,3
TCGA-CM-5862-01A-01D-1650-10,0,11,0,6,1,77,2,0,2,32,4,0
TCGA-CM-5863-01A-21D-1835-10,0,6,0,1,3,49,5,0,4,19,0,0
TCGA-CM-5864-01A-01D-1650-10,0,10,4,5,9,153,11,0,6,65,3,0
TCGA-CM-5868-01A-01D-1650-10,1,10,1,1,1,66,5,0,1,40,1,0
TCGA-CM-6161-01A-11D-1650-10,1,10,3,6,4,69,4,0,3,36,1,0
TCGA-CM-6163-01A-11D-1650-10,1,8,0,5,2,78,11,1,1,32,4,0
TCGA-CM-6164-01A-11D-1650-10,0,7,0,0,2,55,6,0,2,26,0,0
TCGA-CM-6165-01A-11D-1650-10,2,9,0,8,6,89,5,0,4,28,3,0
TCGA-CM-6166-01A-11D-1650-10,0,9,2,5,2,70,3,0,0,23,3,1
TCGA-CM-6167-01A-11D-1650-10,0,3,1,3,3,60,8,0,0,23,3,0
TCGA-CM-6168-01A-11D-1650-10,2,13,0,5,8,160,20,0,3,74,4,2
TCGA-CM-6169-01A-11D-1650-10,0,5,0,3,4,89,5,0,2,26,1,1
TCGA-CM-6170-01A-11D-1650-10,0,11,1,2,3,68,6,0,0,37,2,0
TCGA-CM-6171-01A-11D-1650-10,7,92,8,33,43,845,43,0,18,380,16,2
TCGA-CM-6172-01A-11D-1650-10,0,9,1,3,2,74,7,0,2,42,0,0
TCGA-CM-6674-01A-11D-1835-10,4,71,2,17,31,610,37,1,9,274,8,0
TCGA-CM-6675-01A-11D-1835-10,0,8,0,7,4,70,1,0,3,34,1,0
TCGA-CM-6676-01A-11D-1835-10,0,6,1,3,4,84,7,0,0,36,2,0
TCGA-CM-6677-01A-11D-1835-10,0,9,1,2,5,116,4,0,1,42,3,0
TCGA-CM-6678-01A-11D-1835-10,0,12,0,3,2,105,9,0,1,46,1,0
TCGA-CM-6679-01A-11D-1835-10,0,4,1,2,4,63,2,0,1,27,2,0
TCGA-CM-6680-01A-11D-1835-10,0,8,0,2,4,70,6,0,1,34,0,0
TCGA-CN-4723-01A-01D-1434-08,3,43,3,29,36,624,77,1,8,260,12,1
TCGA-CN-4725-01A-01D-1434-08,0,2,0,0,1,40,2,0,0,20,1,0
TCGA-CN-4726-01A-01D-1434-08,0,9,0,3,3,44,3,0,1,22,2,0
TCGA-CN-4727-01A-01D-1434-08,3,20,1,11,8,320,25,0,7,114,17,0
TCGA-CN-4728-01A-01D-1434-08,2,4,0,5,1,94,6,0,5,34,2,0
TCGA-CN-4729-01A-01D-1434-08,1,10,0,5,2,102,5,0,3,53,2,0
TCGA-CN-4730-01A-01D-1434-08,3,16,0,6,4,125,10,0,0,41,2,0
TCGA-CN-4731-01A-01D-1434-08,0,6,0,3,4,69,10,0,2,42,4,0
TCGA-CN-4733-01A-02D-1870-08,0,0,0,0,1,18,2,0,0,10,1,0
TCGA-CN-4734-01A-01D-1434-08,1,9,0,7,9,105,12,0,0,48,4,0
TCGA-CN-4735-01A-01D-1434-08,0,13,2,0,5,107,9,0,4,41,2,1
TCGA-CN-4736-01A-01D-1434-08,0,3,0,1,4,77,5,0,2,18,3,0
TCGA-CN-4737-01A-01D-1434-08,0,4,1,2,2,32,1,0,0,14,0,0
TCGA-CN-4738-01A-02D-1512-08,1,2,0,4,5,72,4,0,2,35,3,0
TCGA-CN-4739-01A-02D-1512-08,0,18,0,7,5,157,11,0,5,64,8,1
TCGA-CN-4740-01A-01D-1434-08,0,8,1,1,3,117,7,0,1,39,3,0
TCGA-CN-4741-01A-01D-1434-08,0,8,0,6,5,100,6,0,3,39,1,0
TCGA-CN-4742-01A-02D-1512-08,0,4,0,8,3,54,7,0,1,16,0,0
TCGA-CN-5355-01A-01D-1434-08,2,4,0,4,2,81,4,0,3,27,3,0
TCGA-CN-5356-01A-01D-1434-08,1,17,2,11,7,255,30,0,8,98,9,2
TCGA-CN-5358-01A-01D-1512-08,0,3,0,1,2,27,4,0,0,11,0,0
TCGA-CN-5359-01A-01D-1434-08,1,11,0,6,2,114,5,0,1,41,5,0
TCGA-CN-5360-01A-01D-1434-08,6,20,1,12,13,402,28,0,6,140,12,1
TCGA-CN-5361-01A-01D-1434-08,0,7,1,2,2,73,9,0,2,46,0,0
TCGA-CN-5363-01A-01D-1434-08,0,7,4,8,4,131,6,1,5,56,8,1
TCGA-CN-5364-01A-01D-1434-08,0,13,1,1,2,103,13,0,3,25,2,0
TCGA-CN-5365-01A-01D-1434-08,0,4,0,3,3,60,2,0,3,19,2,0
TCGA-CN-5366-01A-01D-1434-08,0,5,0,3,4,73,7,0,1,27,1,0
TCGA-CN-5367-01A-01D-1434-08,0,6,0,1,5,78,4,0,2,27,3,0
TCGA-CN-5369-01A-01D-1434-08,0,20,1,9,10,332,27,3,7,134,5,1
TCGA-CN-5370-01A-01D-2012-08,0,4,0,1,4,74,8,0,3,23,4,0
TCGA-CN-5373-01A-01D-1434-08,3,13,0,4,3,105,12,1,2,48,0,1
TCGA-CN-5374-01A-01D-1434-08,2,8,0,9,9,121,9,0,4,54,0,0
TCGA-CN-6010-01A-11D-1683-08,0,1,0,2,2,106,9,0,2,41,2,0
TCGA-CN-6011-01A-11D-1683-08,1,19,2,7,16,274,26,0,7,102,7,0
TCGA-CN-6012-01A-11D-1683-08,0,11,1,2,1,89,13,0,0,24,1,1
TCGA-CN-6013-01A-11D-1683-08,0,9,1,3,3,148,15,1,3,52,1,1
TCGA-CN-6016-01A-11D-1683-08,0,6,1,2,4,97,3,0,1,37,2,0
TCGA-CN-6017-01A-11D-1683-08,0,0,0,0,0,2,0,0,0,2,0,0
TCGA-CN-6018-01A-11D-1683-08,1,7,1,1,2,83,3,0,0,36,0,0
TCGA-CN-6019-01A-11D-1683-08,0,8,1,3,1,106,10,0,1,27,3,0
TCGA-CN-6020-01A-11D-1683-08,2,9,2,2,6,108,8,0,2,50,0,0
TCGA-CN-6021-01A-11D-1683-08,2,11,2,7,12,215,17,0,4,71,6,0
TCGA-CN-6022-01A-21D-1683-08,0,2,0,0,2,52,3,0,0,30,4,0
TCGA-CN-6023-01A-11D-1683-08,1,2,1,6,5,84,5,0,3,20,5,0
TCGA-CN-6024-01A-11D-1683-08,0,0,1,4,4,110,5,0,3,76,3,0
TCGA-CN-6988-01A-11D-1912-08,0,6,1,4,5,119,5,0,3,43,3,0
TCGA-CN-6989-01A-11D-1912-08,0,7,0,2,3,74,7,1,2,30,1,0
TCGA-CN-6992-01A-11D-1912-08,0,24,1,8,18,254,15,1,8,96,7,0
TCGA-CN-6994-01A-11D-1912-08,1,1,1,3,4,88,6,1,5,37,2,0
TCGA-CN-6995-01A-31D-2012-08,1,14,0,4,9,168,16,0,3,52,7,0
TCGA-CN-6996-01A-11D-1912-08,0,3,0,0,2,41,3,0,1,14,2,0
TCGA-CN-6997-01A-11D-2012-08,0,12,0,2,4,111,7,0,1,30,1,0
TCGA-CN-6998-01A-23D-2012-08,0,9,0,4,5,53,6,0,2,31,1,0
TCGA-CN-A497-01A-11D-A24D-08,1,18,1,7,18,267,15,0,7,88,13,1
TCGA-CN-A498-01A-11D-A24D-08,0,10,0,1,6,83,12,0,4,28,1,1
TCGA-CN-A499-01A-11D-A24D-08,1,4,0,1,1,29,4,0,1,12,0,0
TCGA-CN-A49A-01A-11D-A24D-08,0,8,0,2,7,89,11,0,2,35,1,0
TCGA-CN-A49B-01A-31D-A24D-08,0,8,0,1,11,85,6,0,1,26,0,0
TCGA-CN-A49C-01A-11D-A24D-08,0,1,0,1,3,38,3,0,0,24,1,0
TCGA-CN-A63T-01A-11D-A28R-08,3,20,2,7,15,187,12,0,7,69,8,0
TCGA-CN-A63U-01A-11D-A30E-08,3,35,2,13,25,394,30,0,13,140,14,0
TCGA-CN-A63V-01A-11D-A28R-08,0,4,0,0,4,68,4,0,1,15,2,0
TCGA-CN-A63W-01A-11D-A30E-08,1,23,2,12,17,301,18,1,5,112,10,0
TCGA-CN-A63Y-01A-11D-A30E-08,1,7,1,3,3,120,14,0,2,60,2,0
TCGA-CN-A640-01A-21D-A30E-08,0,5,0,2,1,49,3,0,1,16,0,0
TCGA-CN-A641-01A-11D-A30E-08,1,12,1,7,7,160,8,0,2,58,5,1
TCGA-CN-A642-01A-12D-A30E-08,0,2,0,2,4,59,6,0,2,18,1,0
TCGA-CN-A6UY-01A-12D-A34J-08,0,3,0,1,0,29,1,0,0,15,0,0
TCGA-CN-A6V1-01A-12D-A34J-08,3,9,3,2,8,207,14,0,0,119,3,0
TCGA-CN-A6V3-01A-12D-A34J-08,0,7,1,6,3,176,16,0,5,74,4,1
TCGA-CN-A6V6-01A-12D-A34J-08,0,5,0,4,3,52,3,0,1,25,2,0
TCGA-CN-A6V7-01A-12D-A34J-08,0,2,1,2,1,35,5,0,0,17,0,0
TCGA-CQ-5323-01A-01D-1683-08,0,1,0,2,2,40,6,0,3,19,1,0
TCGA-CQ-5324-01A-01D-1683-08,0,2,0,0,2,51,5,0,0,14,3,0
TCGA-CQ-5325-01A-01D-1683-08,0,3,1,0,0,44,3,0,1,11,3,0
TCGA-CQ-5326-01A-01D-1870-08,0,12,4,3,10,152,22,1,0,74,4,0
TCGA-CQ-5327-01A-01D-1683-08,2,12,1,6,11,171,12,0,3,66,4,0
TCGA-CQ-5329-01A-01D-1683-08,0,0,0,1,0,23,2,0,0,7,2,0
TCGA-CQ-5330-01A-01D-1683-08,0,3,0,2,2,49,3,0,0,17,1,0
TCGA-CQ-5331-01A-02D-1870-08,1,7,1,6,10,115,8,0,1,36,2,0
TCGA-CQ-5332-01A-01D-1683-08,1,3,1,5,5,114,5,0,2,40,2,0
TCGA-CQ-5333-01A-01D-2394-08,0,7,0,6,8,155,21,0,0,61,2,0
TCGA-CQ-5334-01A-01D-1683-08,0,5,0,5,4,135,15,0,2,50,1,0
TCGA-CQ-6218-01A-11D-1912-08,2,4,0,2,5,83,12,0,4,50,4,0
TCGA-CQ-6219-01A-11D-1912-08,0,5,0,1,1,58,4,0,1,19,0,0
TCGA-CQ-6220-01A-11D-1912-08,2,5,0,1,2,84,6,1,1,33,2,1
TCGA-CQ-6221-01A-11D-2078-08,0,5,0,6,3,87,10,0,1,25,2,0
TCGA-CQ-6222-01A-11D-1912-08,0,0,0,0,0,43,5,0,1,14,1,0
TCGA-CQ-6223-01A-11D-1912-08,0,1,0,0,2,67,4,0,0,27,3,0
TCGA-CQ-6224-01A-11D-1912-08,0,2,0,1,5,46,3,0,1,25,0,0
TCGA-CQ-6225-01A-11D-1912-08,0,9,1,1,5,101,6,0,1,42,7,0
TCGA-CQ-6227-01A-11D-1912-08,0,1,0,1,2,32,4,0,0,13,1,0
TCGA-CQ-6228-01A-11D-1912-08,1,6,1,5,1,86,7,0,0,19,4,0
TCGA-CQ-6229-01A-11D-1912-08,0,3,0,0,1,20,1,0,0,10,0,0
TCGA-CQ-7063-01A-11D-2394-08,0,4,0,4,4,104,6,0,3,40,4,1
TCGA-CQ-7064-01A-11D-2394-08,1,8,0,4,3,79,8,0,2,31,1,0
TCGA-CQ-7065-01A-11D-2078-08,0,1,0,2,2,26,3,0,0,9,1,0
TCGA-CQ-7068-01A-11D-2078-08,0,4,0,4,2,80,5,0,3,38,0,0
TCGA-CQ-7069-01A-11D-2394-08,0,4,0,0,3,72,8,0,2,21,2,0
TCGA-CQ-7071-01A-12D-A30E-08,2,21,4,9,15,363,32,0,4,102,7,1
TCGA-CQ-7072-01A-21D-A30E-08,1,3,2,5,4,101,4,0,2,18,4,1
TCGA-CQ-A4C6-01A-11D-A25D-08,1,6,0,4,11,84,6,0,1,24,4,0
TCGA-CQ-A4C7-01A-11D-A25D-08,1,4,0,1,2,42,4,0,1,18,2,0
TCGA-CQ-A4C9-01A-11D-A25D-08,0,2,0,1,3,71,5,0,2,30,2,0
TCGA-CQ-A4CB-01A-11D-A25D-08,0,4,0,2,1,76,4,1,0,17,3,1
TCGA-CQ-A4CD-01A-21D-A25D-08,0,8,0,2,7,121,14,0,1,31,2,0
TCGA-CQ-A4CE-01A-11D-A25Y-08,0,2,1,0,1,49,7,0,2,24,0,0
TCGA-CQ-A4CG-01A-11D-A25Y-08,0,3,0,1,3,61,3,0,4,21,1,0
TCGA-CQ-A4CH-01A-11D-A25Y-08,0,1,0,0,1,18,2,0,1,7,1,0
TCGA-CQ-A4CI-01A-11D-A25Y-08,0,6,1,1,2,78,7,0,3,27,1,0
TCGA-CR-5243-01A-01D-1512-08,0,2,0,3,2,45,5,0,0,18,0,0
TCGA-CR-5247-01A-01D-2012-08,1,6,1,1,3,54,2,0,0,18,0,0
TCGA-CR-5248-01A-01D-2012-08,1,13,4,7,13,246,22,0,2,86,3,0
TCGA-CR-5249-01A-01D-1512-08,0,3,1,0,0,21,1,0,0,16,0,0
TCGA-CR-5250-01A-01D-1512-08,0,3,1,2,2,27,0,0,1,8,0,1
TCGA-CR-6467-01A-11D-1870-08,0,1,0,4,3,26,4,0,0,18,1,0
TCGA-CR-6470-01A-11D-1870-08,0,1,0,1,0,32,2,0,0,8,0,0
TCGA-CR-6471-01A-11D-1870-08,0,2,0,5,3,98,7,0,1,44,0,0
TCGA-CR-6472-01A-11D-1870-08,1,18,1,21,24,352,38,2,1,128,4,1
TCGA-CR-6473-01A-11D-1870-08,0,3,2,4,2,71,6,0,1,25,2,0
TCGA-CR-6474-01A-11D-1870-08,2,7,0,1,5,77,6,0,0,27,1,0
TCGA-CR-6477-01A-11D-1870-08,2,4,0,2,4,56,4,0,3,23,1,1
TCGA-CR-6478-01A-11D-1870-08,1,6,1,4,4,80,6,0,2,53,0,0
TCGA-CR-6480-01A-11D-1870-08,0,1,0,5,8,79,4,0,1,37,0,1
TCGA-CR-6481-01A-11D-1870-08,4,17,5,10,22,380,42,0,5,133,6,1
TCGA-CR-6482-01A-11D-1870-08,0,0,0,1,2,32,1,0,0,14,1,0
TCGA-CR-6484-01A-11D-1870-08,0,10,1,7,10,198,18,1,1,81,4,0
TCGA-CR-6487-01A-11D-1870-08,0,8,1,1,3,98,14,1,3,28,2,0
TCGA-CR-6488-01A-12D-2078-08,0,1,0,0,2,26,5,0,0,12,1,0
TCGA-CR-6491-01A-11D-1870-08,0,6,0,3,4,95,6,0,0,50,3,0
TCGA-CR-6492-01A-12D-2078-08,0,1,0,2,2,42,7,0,0,18,0,0
TCGA-CR-6493-01A-11D-1870-08,0,2,1,1,3,28,2,0,0,5,0,0
TCGA-CR-7364-01A-11D-2012-08,1,18,5,11,10,356,27,0,7,119,11,0
TCGA-CR-7365-01A-11D-2012-08,1,16,1,8,4,121,10,1,2,45,2,0
TCGA-CR-7367-01A-11D-2012-08,0,6,0,1,2,129,11,0,2,49,2,0
TCGA-CR-7368-01A-11D-2129-08,0,13,2,3,5,159,12,0,0,62,5,0
TCGA-CR-7369-01A-11D-2129-08,0,2,0,4,1,56,5,0,0,20,1,0
TCGA-CR-7370-01A-11D-2129-08,0,30,5,17,19,402,26,0,10,168,6,1
TCGA-CR-7371-01A-11D-2012-08,1,11,0,5,9,208,23,0,5,83,14,1
TCGA-CR-7372-01A-11D-2012-08,0,1,0,1,1,32,8,0,0,11,0,1
TCGA-CR-7373-01A-11D-2012-08,1,5,0,5,5,77,8,1,0,40,1,0
TCGA-CR-7374-01A-11D-2012-08,1,19,2,9,12,264,26,0,8,85,7,2
TCGA-CR-7376-01A-11D-2129-08,1,1,0,2,0,45,4,0,0,14,0,0
TCGA-CR-7377-01A-11D-2012-08,2,8,0,4,1,86,6,0,0,42,3,0
TCGA-CR-7379-01A-11D-2012-08,1,7,1,3,4,89,11,0,2,54,2,0
TCGA-CR-7380-01A-11D-2012-08,0,1,0,1,0,67,8,0,4,22,0,0
TCGA-CR-7382-01A-11D-2129-08,0,3,0,3,0,67,7,0,0,22,0,0
TCGA-CR-7383-01A-11D-2129-08,1,8,1,4,7,84,9,0,3,32,3,0
TCGA-CR-7385-01A-11D-2012-08,0,3,1,2,1,29,1,0,0,12,2,0
TCGA-CR-7386-01A-11D-2012-08,0,15,1,2,6,138,12,0,2,60,1,0
TCGA-CR-7388-01A-11D-2012-08,6,22,1,12,19,527,41,1,11,185,17,0
TCGA-CR-7389-01A-11D-2012-08,1,2,0,6,2,73,3,0,0,31,1,0
TCGA-CR-7390-01A-11D-2012-08,0,7,1,7,7,91,9,0,2,49,3,0
TCGA-CR-7391-01A-11D-2012-08,0,1,0,0,0,5,0,0,0,1,0,0
TCGA-CR-7392-01A-11D-2012-08,0,1,0,1,1,17,1,0,0,3,0,0
TCGA-CR-7394-01A-11D-2012-08,0,5,0,2,10,120,11,0,1,52,4,0
TCGA-CR-7395-01A-11D-2012-08,0,5,0,0,7,105,8,0,2,59,6,0
TCGA-CR-7397-01A-11D-2012-08,0,2,0,2,0,25,4,0,1,16,1,1
TCGA-CR-7398-01A-11D-2012-08,1,15,2,14,13,248,24,0,6,97,6,0
TCGA-CR-7399-01A-11D-2012-08,1,10,1,6,19,214,20,0,7,66,10,1
TCGA-CR-7401-01A-11D-2012-08,1,5,1,6,2,58,4,0,1,34,1,0
TCGA-CR-7402-01A-11D-2012-08,5,41,5,24,27,734,60,0,12,253,30,1
TCGA-CR-7404-01A-11D-2129-08,0,7,2,2,3,93,7,0,3,39,0,0
TCGA-CS-4938-01B-11D-1893-08,0,3,1,0,0,10,1,0,0,5,1,0
TCGA-CS-4941-01A-01D-1468-08,0,2,0,0,2,38,4,0,1,9,2,1
TCGA-CS-4942-01A-01D-1468-08,0,2,0,0,0,25,0,0,2,8,0,0
TCGA-CS-4943-01A-01D-1468-08,0,2,0,0,0,21,1,0,1,12,0,0
TCGA-CS-4944-01A-01D-1468-08,0,0,0,0,0,19,0,0,0,3,0,0
TCGA-CS-5390-01A-02D-1468-08,1,2,0,0,1,31,4,0,1,8,2,0
TCGA-CS-5393-01A-01D-1468-08,0,2,0,0,0,22,1,0,0,9,0,0
TCGA-CS-5394-01A-01D-1468-08,0,0,0,2,0,16,1,0,0,6,0,0
TCGA-CS-5395-01A-01D-1468-08,0,6,0,1,4,34,2,0,1,5,0,0
TCGA-CS-5396-01A-02D-1468-08,1,2,0,0,2,25,0,0,0,8,0,0
TCGA-CS-5397-01A-01D-1893-08,0,5,0,0,1,26,3,0,3,16,0,0
TCGA-CS-6186-01A-12D-2024-08,0,2,0,4,2,41,3,0,0,16,1,0
TCGA-CS-6188-01A-11D-1893-08,1,3,0,0,0,29,0,0,1,17,1,0
TCGA-CS-6290-01A-11D-1705-08,0,0,0,0,0,17,3,0,0,6,0,0
TCGA-CS-6665-01A-11D-1893-08,1,3,1,3,0,54,4,0,0,21,0,0
TCGA-CS-6666-01A-11D-1893-08,0,3,0,1,0,39,1,1,0,6,0,0
TCGA-CS-6667-01A-12D-2024-08,0,1,0,0,2,19,1,0,0,7,0,1
TCGA-CS-6668-01A-11D-1893-08,0,0,0,3,1,17,1,0,1,6,0,0
TCGA-CS-6670-01A-11D-1893-08,0,3,0,1,1,26,1,0,0,12,2,0
TCGA-CU-A0YN-01A-21D-A10S-08,1,6,0,5,1,122,11,0,7,47,6,0
TCGA-CU-A0YO-01A-11D-A10S-08,0,5,0,1,6,71,13,0,2,29,2,0
TCGA-CU-A0YR-01A-12D-A10S-08,0,14,0,4,5,112,7,0,1,45,4,0
TCGA-CU-A3KJ-01A-11D-A21A-08,2,9,0,5,15,177,16,0,4,72,3,0
TCGA-CU-A3QU-01A-11D-A22Z-08,1,8,0,5,5,73,7,0,1,35,1,0
TCGA-CU-A3YL-01A-11D-A22Z-08,3,7,0,5,7,183,13,0,5,57,3,0
TCGA-CU-A5W6-01A-11D-A289-08,1,10,0,11,5,178,14,0,1,70,1,1
TCGA-CU-A72E-01A-12D-A339-08,0,3,1,4,2,71,9,0,1,37,2,0
TCGA-CV-5430-01A-02D-1683-08,0,9,2,4,8,102,7,0,1,44,4,1
TCGA-CV-5432-01A-02D-1683-08,0,15,1,6,12,200,15,0,5,86,10,0
TCGA-CV-5434-01A-01D-1683-08,1,5,1,5,2,108,9,0,2,33,4,0
TCGA-CV-5435-01A-01D-1683-08,0,7,0,1,2,82,7,0,4,37,2,0
TCGA-CV-5436-01A-01D-1512-08,1,4,0,2,5,78,3,0,0,29,1,0
TCGA-CV-5439-01A-01D-1683-08,1,8,0,3,4,80,5,0,2,35,5,0
TCGA-CV-5440-01A-01D-1512-08,1,14,2,6,3,86,6,0,4,30,1,0
TCGA-CV-5441-01A-01D-1512-08,1,28,1,9,16,278,19,0,7,110,13,0
TCGA-CV-5442-01A-01D-1512-08,1,18,1,5,14,197,17,0,4,64,2,0
TCGA-CV-5443-01A-01D-1512-08,1,4,0,1,0,39,3,0,2,22,1,0
TCGA-CV-5444-01A-02D-1512-08,0,8,0,6,5,92,6,0,5,53,3,1
TCGA-CV-5966-01A-11D-1683-08,1,9,1,2,3,88,5,0,2,30,2,0
TCGA-CV-5970-01A-11D-1683-08,0,13,1,6,9,147,9,0,4,57,4,0
TCGA-CV-5971-01A-11D-1683-08,0,1,0,0,1,15,0,0,0,13,0,0
TCGA-CV-5973-01A-11D-1683-08,0,3,2,1,1,38,3,0,1,24,1,0
TCGA-CV-5976-01A-11D-1683-08,0,6,0,4,3,53,6,0,1,23,0,0
TCGA-CV-5977-01A-11D-1683-08,0,1,0,1,2,61,3,0,3,39,0,0
TCGA-CV-5978-01A-11D-1683-08,1,5,0,5,7,127,15,0,3,46,8,0
TCGA-CV-5979-01A-11D-1683-08,0,4,0,1,2,27,2,0,0,6,0,0
TCGA-CV-6003-01A-11D-1683-08,2,4,0,0,5,74,8,0,1,23,2,0
TCGA-CV-6433-01A-11D-1683-08,0,1,0,1,0,39,1,0,0,17,0,0
TCGA-CV-6436-01A-11D-1683-08,0,7,0,3,2,55,7,0,1,21,2,0
TCGA-CV-6441-01A-11D-1683-08,1,14,2,13,15,162,15,0,2,70,2,0
TCGA-CV-6933-01A-11D-1912-08,0,5,0,2,7,85,8,2,2,30,1,0
TCGA-CV-6934-01A-11D-1912-08,0,2,1,1,4,72,3,0,3,23,2,0
TCGA-CV-6935-01A-11D-1912-08,2,3,2,5,6,173,9,0,2,59,4,1
TCGA-CV-6936-01A-11D-1912-08,1,11,1,6,13,209,12,0,3,81,5,0
TCGA-CV-6937-01A-11D-2012-08,0,6,0,2,3,100,7,0,2,34,1,0
TCGA-CV-6938-01A-11D-1912-08,0,6,1,0,4,105,10,0,1,30,3,0
TCGA-CV-6939-01A-11D-1912-08,0,1,0,1,0,27,1,0,0,13,1,0
TCGA-CV-6940-01A-11D-1912-08,0,6,0,3,8,94,13,0,1,38,1,1
TCGA-CV-6941-01A-11D-1912-08,3,10,1,1,6,101,7,0,5,44,3,0
TCGA-CV-6942-01A-21D-2012-08,0,11,1,4,14,170,15,1,3,63,5,0
TCGA-CV-6943-01A-11D-1912-08,0,2,0,2,0,38,6,0,0,12,3,0
TCGA-CV-6945-01A-11D-1912-08,0,9,1,3,11,85,5,1,1,44,7,1
TCGA-CV-6948-01A-11D-1912-08,0,12,1,4,9,134,13,0,2,61,7,1
TCGA-CV-6950-01A-11D-1912-08,1,5,0,1,0,41,6,0,1,16,1,0
TCGA-CV-6951-01A-11D-1912-08,1,4,0,7,8,96,6,0,0,38,2,0
TCGA-CV-6952-01A-11D-1912-08,0,12,0,6,3,121,15,0,2,47,1,0
TCGA-CV-6953-01A-11D-1912-08,0,2,1,4,5,87,8,0,1,24,1,0
TCGA-CV-6954-01A-11D-1912-08,2,5,0,1,5,104,6,0,2,35,5,0
TCGA-CV-6955-01A-11D-2012-08,0,3,0,5,2,82,4,0,2,36,3,0
TCGA-CV-6956-01A-21D-2012-08,0,5,0,9,5,131,8,2,4,70,3,1
TCGA-CV-6959-01A-11D-1912-08,0,2,0,2,2,44,4,0,1,21,0,0
TCGA-CV-6960-01A-41D-2012-08,3,8,1,3,3,130,9,0,2,48,3,1
TCGA-CV-6961-01A-21D-1912-08,1,24,1,20,33,427,37,4,21,172,5,1
TCGA-CV-6962-01A-11D-1912-08,1,6,1,2,6,106,11,0,4,23,4,0
TCGA-CV-7089-01A-11D-2012-08,1,7,0,3,8,127,8,0,1,43,1,0
TCGA-CV-7090-01A-11D-2012-08,0,1,0,1,2,31,4,0,0,17,1,0
TCGA-CV-7091-01A-11D-2012-08,1,5,2,2,4,94,7,1,0,34,4,0
TCGA-CV-7095-01A-21D-2012-08,1,10,0,11,8,176,19,0,2,65,3,0
TCGA-CV-7097-01A-11D-2012-08,0,3,1,3,3,58,6,0,1,27,0,0
TCGA-CV-7099-01A-41D-2012-08,1,14,1,6,5,206,26,0,7,93,3,0
TCGA-CV-7100-01A-11D-2012-08,0,2,0,1,1,11,0,0,0,3,0,0
TCGA-CV-7101-01A-11D-2012-08,1,10,1,4,8,136,11,0,3,50,5,0
TCGA-CV-7102-01A-11D-2012-08,1,9,0,3,6,108,10,0,3,39,3,0
TCGA-CV-7103-01A-21D-2012-08,0,1,1,0,3,30,2,0,1,15,0,0
TCGA-CV-7104-01A-11D-2012-08,2,4,0,4,5,72,8,0,3,26,2,0
TCGA-CV-7177-01A-11D-2012-08,0,4,1,1,1,77,5,1,1,31,2,0
TCGA-CV-7178-01A-21D-2012-08,0,6,0,5,1,83,8,1,2,36,1,0
TCGA-CV-7180-01A-11D-2012-08,0,3,0,1,1,45,1,0,1,18,0,0
TCGA-CV-7183-01A-11D-2012-08,0,3,0,1,3,39,5,0,0,18,0,0
TCGA-CV-7235-01A-11D-2012-08,0,6,0,3,5,100,5,0,0,40,3,1
TCGA-CV-7236-01A-11D-2012-08,1,1,0,2,1,28,3,0,0,22,1,0
TCGA-CV-7238-01A-11D-2012-08,2,2,0,0,2,39,7,0,2,15,0,0
TCGA-CV-7242-01A-11D-2012-08,1,18,4,8,5,236,18,0,9,69,9,0
TCGA-CV-7243-01A-11D-2012-08,0,6,0,4,2,49,3,0,0,19,0,0
TCGA-CV-7245-01A-11D-2012-08,3,20,1,18,22,378,28,1,11,133,12,4
TCGA-CV-7247-01A-11D-2012-08,2,5,0,0,0,51,3,0,0,17,0,0
TCGA-CV-7248-01A-11D-2012-08,1,15,1,7,7,218,20,0,7,76,6,1
TCGA-CV-7250-01A-11D-2012-08,0,7,3,7,3,153,12,0,2,64,4,0
TCGA-CV-7252-01A-11D-2012-08,2,11,2,6,10,160,17,0,5,69,4,0
TCGA-CV-7253-01A-11D-2012-08,1,10,0,5,2,133,11,1,4,42,6,1
TCGA-CV-7254-01A-11D-2012-08,1,5,1,7,7,195,9,1,4,70,7,0
TCGA-CV-7255-01A-11D-2012-08,0,4,1,2,3,81,3,0,2,27,2,0
TCGA-CV-7261-01A-11D-2012-08,1,2,0,4,5,92,6,0,3,25,2,0
TCGA-CV-7263-01A-11D-2012-08,0,9,0,4,5,91,5,0,2,24,1,0
TCGA-CV-7406-01A-11D-2078-08,3,13,0,3,7,140,10,0,2,65,3,0
TCGA-CV-7407-01A-11D-2078-08,1,5,1,1,1,87,7,0,2,42,2,0
TCGA-CV-7410-01A-21D-2078-08,0,1,0,1,2,31,4,0,0,11,1,0
TCGA-CV-7411-01A-11D-2078-08,0,7,0,3,2,87,7,0,0,36,2,0
TCGA-CV-7413-01A-11D-2078-08,0,3,3,0,3,59,3,0,0,22,0,0
TCGA-CV-7414-01A-11D-2078-08,3,10,0,8,7,203,17,0,0,85,5,0
TCGA-CV-7415-01A-11D-2078-08,0,5,0,0,2,57,3,0,0,28,1,2
TCGA-CV-7416-01A-11D-2078-08,0,4,0,1,4,51,5,0,0,24,2,0
TCGA-CV-7418-01A-11D-2078-08,0,6,0,2,5,129,5,0,1,47,4,0
TCGA-CV-7421-01A-11D-2078-08,0,1,0,0,2,44,1,0,0,31,2,0
TCGA-CV-7422-01A-21D-2078-08,3,5,0,1,4,97,13,0,3,38,4,0
TCGA-CV-7423-01A-11D-2078-08,0,4,0,3,0,49,4,0,3,33,2,0
TCGA-CV-7424-01A-11D-2078-08,0,9,0,4,5,142,15,0,1,57,1,1
TCGA-CV-7425-01A-11D-2078-08,0,3,0,2,5,83,11,0,3,38,1,0
TCGA-CV-7427-01A-11D-2078-08,0,27,3,12,22,342,36,0,6,123,2,0
TCGA-CV-7429-01A-11D-2129-08,0,2,0,2,2,36,4,0,0,17,2,0
TCGA-CV-7430-01A-11D-2129-08,0,12,0,4,2,83,5,0,4,27,3,0
TCGA-CV-7432-01A-11D-2129-08,1,10,0,6,8,112,9,0,2,47,2,0
TCGA-CV-7433-01A-11D-2129-08,0,4,0,4,1,91,8,0,1,38,2,0
TCGA-CV-7434-01A-11D-2129-08,0,5,1,3,5,65,11,0,1,25,2,0
TCGA-CV-7435-01A-11D-2129-08,0,4,0,1,4,67,4,0,0,20,0,0
TCGA-CV-7437-01A-21D-2129-08,0,6,1,3,4,92,13,0,1,38,0,0
TCGA-CV-7438-01A-21D-2129-08,0,3,0,4,7,73,6,0,2,28,1,0
TCGA-CV-7440-01A-11D-2129-08,3,7,0,6,4,157,14,0,4,41,8,0
TCGA-CV-7446-01A-11D-2229-08,0,2,0,5,7,106,6,0,3,38,4,0
TCGA-CV-7568-01A-11D-2229-08,9,146,10,67,93,1721,116,0,47,962,34,4
TCGA-CV-A45O-01A-21D-A24D-08,0,7,1,1,5,122,16,0,1,31,1,0
TCGA-CV-A45P-01A-11D-A24D-08,1,10,0,8,7,124,9,0,3,48,3,0
TCGA-CV-A45Q-01A-11D-A24D-08,3,16,1,14,14,206,19,0,1,89,10,2
TCGA-CV-A45R-01A-11D-A24D-08,1,4,0,4,1,68,6,0,1,23,1,0
TCGA-CV-A45T-01A-11D-A24D-08,1,1,0,0,0,11,0,0,0,4,0,0
TCGA-CV-A45U-01A-12D-A24D-08,3,11,2,6,9,145,19,0,1,75,1,1
TCGA-CV-A45V-01A-21D-A25D-08,0,6,0,5,4,78,5,0,2,33,2,0
TCGA-CV-A45W-01A-11D-A25D-08,5,27,3,20,15,461,47,2,14,152,12,0
TCGA-CV-A45X-01A-21D-A25D-08,1,5,1,2,4,75,6,0,1,46,3,0
TCGA-CV-A45Y-01A-11D-A25D-08,0,3,0,3,0,55,5,0,0,22,1,0
TCGA-CV-A45Z-01A-21D-A25D-08,2,29,1,9,14,554,36,1,13,189,23,2
TCGA-CV-A460-01A-21D-A25D-08,1,2,0,1,3,54,5,0,0,16,1,0
TCGA-CV-A461-01A-41D-A25Y-08,3,29,4,23,16,431,31,0,8,173,19,1
TCGA-CV-A463-01A-11D-A25Y-08,1,10,2,3,7,159,24,0,3,69,1,0
TCGA-CV-A464-01A-11D-A25Y-08,0,3,0,0,1,16,0,0,0,13,3,0
TCGA-CV-A465-01A-11D-A25Y-08,0,0,0,1,2,27,2,0,0,9,0,0
TCGA-CV-A468-01A-11D-A25Y-08,1,11,0,8,14,308,19,0,6,161,6,0
TCGA-CV-A6JD-01A-11D-A31L-08,0,4,0,1,0,67,7,0,0,25,1,0
TCGA-CV-A6JE-01A-11D-A31L-08,1,6,1,5,5,98,11,0,4,38,3,0
TCGA-CV-A6JM-01A-11D-A31L-08,2,20,2,7,16,196,15,0,8,113,3,0
TCGA-CV-A6JN-01A-11D-A31L-08,1,5,0,2,1,63,5,0,1,22,0,0
TCGA-CV-A6JO-01B-11D-A34J-08,1,2,0,3,3,57,1,0,0,15,1,0
TCGA-CV-A6JT-01A-11D-A31L-08,2,1,0,0,0,41,5,0,0,16,0,0
TCGA-CV-A6JU-01A-11D-A31L-08,0,5,0,2,6,90,6,0,5,41,3,1
TCGA-CV-A6JY-01A-11D-A31L-08,1,3,0,2,0,75,6,0,2,20,1,0
TCGA-CV-A6JZ-01A-11D-A31L-08,1,8,0,2,2,76,5,0,1,30,4,1
TCGA-CV-A6K0-01B-21D-A31L-08,0,1,0,2,0,14,0,0,0,6,0,0
TCGA-CV-A6K1-01A-11D-A31L-08,1,19,3,11,14,342,21,0,11,140,8,0
TCGA-CV-A6K2-01A-11D-A31L-08,2,32,2,15,28,495,59,3,6,223,13,0
TCGA-CW-5580-01A-01D-1669-08,1,3,0,4,0,57,3,0,0,37,3,0
TCGA-CW-5581-01A-02D-1534-10,0,3,0,0,5,42,5,0,0,10,0,0
TCGA-CW-5583-01A-02D-1534-10,0,1,0,0,1,20,0,0,0,10,0,0
TCGA-CW-5585-01A-01D-1534-10,0,5,1,2,3,31,2,0,0,10,2,0
TCGA-CW-5587-01A-01D-1534-10,0,3,0,2,2,49,1,0,0,16,2,0
TCGA-CW-5591-01A-01D-1534-10,0,4,1,3,1,27,2,0,0,9,1,0
TCGA-CW-6087-01A-11D-1669-08,0,4,1,2,4,49,4,0,1,20,0,0
TCGA-CW-6090-01A-11D-1669-08,0,3,0,4,0,60,6,0,4,35,1,0
TCGA-CW-6093-01A-11D-1669-08,0,2,0,2,3,79,4,0,0,28,4,0
TCGA-CW-6097-01A-11D-1669-08,0,0,0,0,1,19,0,0,0,5,0,0
TCGA-CX-7082-01A-11D-2012-08,1,1,0,3,1,70,8,1,1,30,0,0
TCGA-CX-7085-01A-21D-2012-08,0,6,0,5,3,96,7,1,2,31,2,0
TCGA-CX-7086-01A-11D-2078-08,2,19,0,4,7,178,13,0,5,60,3,1
TCGA-CX-7219-01A-11D-2012-08,0,8,1,3,7,81,8,0,1,33,0,1
TCGA-CX-A4AQ-01A-11D-A25D-08,0,6,1,4,2,77,4,0,4,26,4,0
TCGA-CZ-4853-01A-01D-1429-08,1,8,0,1,4,73,5,0,0,26,0,0
TCGA-CZ-4856-01A-02D-1429-08,1,5,0,2,2,48,4,0,0,13,2,0
TCGA-CZ-4859-01A-02D-1429-08,0,6,0,1,3,72,5,0,3,24,2,1
TCGA-CZ-4863-01A-01D-1501-10,0,1,0,2,0,36,1,0,1,12,0,0
TCGA-CZ-4864-01A-01D-1501-10,0,7,1,3,5,61,0,0,1,16,2,0
TCGA-CZ-4865-01A-02D-1501-10,0,6,0,1,5,65,4,0,0,19,3,0
TCGA-CZ-4866-01A-01D-1501-10,0,9,0,2,1,58,2,0,1,17,3,1
TCGA-CZ-5451-01A-01D-1501-10,1,11,0,2,4,54,8,0,1,19,3,0
TCGA-CZ-5452-01A-01D-1501-10,0,0,0,1,0,24,3,0,0,10,0,0
TCGA-CZ-5453-01A-01D-1501-10,0,3,1,1,5,51,3,1,0,23,5,1
TCGA-CZ-5454-01A-01D-1501-10,0,4,0,1,1,16,1,0,0,10,2,0
TCGA-CZ-5455-01A-01D-1501-10,0,4,0,1,0,33,2,0,0,12,0,0
TCGA-CZ-5456-01A-01D-1501-10,0,7,1,4,2,44,4,0,1,19,1,0
TCGA-CZ-5457-01A-01D-1501-10,0,3,0,2,0,57,3,0,0,17,1,0
TCGA-CZ-5458-01A-01D-1501-10,0,1,0,3,0,24,2,0,1,10,1,0
TCGA-CZ-5459-01A-01D-1501-10,0,4,0,4,4,67,2,0,2,23,2,3
TCGA-CZ-5460-01A-01D-1501-10,0,2,0,2,3,36,1,0,2,18,2,0
TCGA-CZ-5461-01A-01D-1501-10,1,4,0,1,3,52,5,0,1,9,2,1
TCGA-CZ-5462-01A-01D-1501-10,0,5,0,0,2,50,3,0,1,15,2,0
TCGA-CZ-5463-01A-01D-1501-10,0,8,0,2,0,35,3,0,3,11,2,0
TCGA-CZ-5465-01A-01D-1806-10,2,9,2,0,3,74,4,0,2,20,2,0
TCGA-CZ-5466-01A-01D-1501-10,0,2,0,0,1,47,5,0,1,19,0,0
TCGA-CZ-5467-01A-01D-1501-10,0,4,0,0,1,41,6,0,2,21,0,0
TCGA-CZ-5468-01A-01D-1501-10,0,6,0,4,4,99,3,0,1,33,1,0
TCGA-CZ-5469-01A-01D-1501-10,0,4,0,1,3,39,1,1,1,10,1,0
TCGA-CZ-5470-01A-01D-1501-10,0,5,0,2,2,32,6,0,1,13,4,0
TCGA-CZ-5982-01A-11D-1669-08,0,3,1,1,1,34,3,0,0,12,0,0
TCGA-CZ-5984-01A-11D-1669-08,0,3,0,2,1,26,3,0,0,12,0,0
TCGA-CZ-5985-01A-11D-1669-08,0,4,1,2,2,31,5,1,3,12,3,0
TCGA-CZ-5986-01A-11D-1669-08,0,6,1,3,2,38,0,0,1,15,1,0
TCGA-CZ-5987-01A-11D-1669-08,0,4,0,2,4,35,1,0,0,13,2,0
TCGA-CZ-5988-01A-11D-1669-08,0,3,0,0,0,30,1,0,0,16,0,0
TCGA-CZ-5989-01A-11D-1669-08,0,1,0,0,0,29,2,0,0,13,1,0
TCGA-D1-A0ZN-01A-11D-A122-09,0,2,2,0,1,29,2,0,0,18,1,0
TCGA-D1-A0ZO-01A-11D-A122-09,3,25,0,14,19,430,20,1,7,180,3,1
TCGA-D1-A0ZP-01A-21D-A10M-09,0,1,0,2,2,28,1,0,1,10,0,0
TCGA-D1-A0ZQ-01A-11D-A122-09,0,5,0,3,6,55,6,0,3,23,1,0
TCGA-D1-A0ZR-01A-21D-A10M-09,0,5,0,1,1,38,4,0,1,14,3,1
TCGA-D1-A0ZS-01A-11D-A122-09,0,26,0,10,11,271,19,0,10,121,5,0
TCGA-D1-A0ZU-01A-11D-A10M-09,0,1,0,1,0,21,5,0,0,13,1,0
TCGA-D1-A0ZV-01A-11D-A10M-09,1,6,0,1,0,30,3,0,1,8,0,1
TCGA-D1-A0ZZ-01A-11D-A10M-09,0,3,0,2,2,50,6,0,0,17,1,0
TCGA-D1-A101-01A-12D-A10M-09,1,27,2,5,16,306,34,0,6,179,13,2
TCGA-D1-A102-01A-11D-A10M-09,0,4,2,0,1,36,1,0,2,16,0,0
TCGA-D1-A103-01A-11D-A10M-09,34,733,52,241,313,5966,503,5,129,2328,179,6
TCGA-D1-A15V-01A-11D-A122-09,1,4,0,1,0,34,0,0,3,10,3,0
TCGA-D1-A15W-01A-11D-A122-09,1,2,0,1,4,57,2,0,1,18,0,0
TCGA-D1-A15X-01A-11D-A122-09,12,140,9,45,83,1361,51,1,16,585,29,1
TCGA-D1-A15Z-01A-11D-A122-09,1,8,0,1,4,50,5,0,0,20,0,0
TCGA-D1-A160-01A-11D-A122-09,2,53,2,15,11,348,22,0,6,136,11,0
TCGA-D1-A161-01A-11D-A122-09,0,4,0,2,5,65,4,0,3,27,1,0
TCGA-D1-A163-01A-11D-A12J-09,5,43,6,21,24,354,14,0,6,167,13,0
TCGA-D1-A165-01A-11D-A12J-09,0,3,0,0,1,49,6,0,0,22,0,0
TCGA-D1-A167-01A-11D-A12J-09,7,103,5,41,61,1346,91,0,26,625,15,1
TCGA-D1-A168-01A-31D-A12J-09,1,2,0,2,2,40,4,0,0,13,1,1
TCGA-D1-A169-01A-11D-A12J-09,0,3,0,1,3,40,6,0,0,19,2,0
TCGA-D1-A16B-01A-11D-A12J-09,0,3,0,1,2,37,4,0,0,10,3,0
TCGA-D1-A16D-01A-11D-A12J-09,0,2,0,1,2,30,3,0,1,6,2,1
TCGA-D1-A16E-01A-22D-A12J-09,1,4,1,1,0,39,7,0,0,21,2,0
TCGA-D1-A16F-01A-11D-A12J-09,4,36,4,8,19,334,22,0,11,155,7,2
TCGA-D1-A16G-01A-31D-A12J-09,0,3,0,0,4,31,2,0,0,12,0,0
TCGA-D1-A16I-01A-11D-A12J-09,1,2,0,1,0,27,2,0,2,15,3,0
TCGA-D1-A16J-01A-11D-A12J-09,2,18,1,4,7,189,16,0,1,74,4,0
TCGA-D1-A16N-01A-11D-A12J-09,0,7,0,4,3,99,9,0,4,38,5,0
TCGA-D1-A16O-01A-11D-A12J-09,0,3,1,1,1,24,2,0,0,9,0,0
TCGA-D1-A16Q-01A-12D-A12J-09,1,1,0,4,1,23,4,0,1,5,1,0
TCGA-D1-A16R-01A-11D-A12J-09,0,3,0,2,1,38,3,0,1,10,2,0
TCGA-D1-A16S-01A-11D-A12J-09,0,4,0,3,2,43,5,0,1,11,3,0
TCGA-D1-A16V-01A-11D-A12J-09,0,4,0,2,2,30,3,0,3,8,1,0
TCGA-D1-A16X-01A-11D-A12J-09,14,196,9,56,111,2256,389,2,48,695,41,0
TCGA-D1-A16Y-01A-31D-A12J-09,7,105,5,25,42,910,115,1,26,265,15,0
TCGA-D1-A174-01A-11D-A12J-09,7,55,2,13,21,552,32,2,11,237,9,1
TCGA-D1-A176-01A-11D-A12J-09,1,24,2,14,9,299,25,0,2,135,15,0
TCGA-D1-A177-01A-21D-A12J-09,3,43,5,22,20,520,25,0,7,227,9,2
TCGA-D1-A17A-01A-11D-A12J-09,0,14,0,7,7,173,11,1,2,72,8,0
TCGA-D1-A17B-01A-22D-A12J-09,1,25,2,12,5,209,15,0,0,81,4,0
TCGA-D1-A17C-01A-11D-A12J-09,0,2,0,1,2,38,4,0,0,18,0,0
TCGA-D1-A17D-01A-12D-A12J-09,2,31,4,12,16,337,19,1,6,149,14,0
TCGA-D1-A17F-01A-11D-A12J-09,1,18,0,6,11,176,15,0,4,92,4,1
TCGA-D1-A17H-01A-11D-A12J-09,6,52,4,13,28,423,25,0,12,206,19,1
TCGA-D1-A17K-01A-11D-A12J-09,0,6,0,0,1,48,2,0,0,25,1,0
TCGA-D1-A17L-01A-11D-A12J-09,0,4,0,2,0,57,3,0,0,15,0,1
TCGA-D1-A17M-01A-21D-A12J-09,2,30,2,8,11,316,20,0,8,126,4,0
TCGA-D1-A17N-01A-11D-A12J-09,0,3,0,1,0,21,3,0,1,6,1,0
TCGA-D1-A17Q-01A-11D-A12J-09,36,616,36,156,262,4959,761,3,106,1498,114,2
TCGA-D1-A17R-01A-11D-A12J-09,2,23,3,8,6,181,18,0,5,68,10,0
TCGA-D1-A17S-01A-11D-A12J-09,0,1,0,1,1,40,1,0,1,12,0,0
TCGA-D1-A17T-01A-11D-A12J-09,1,4,1,4,5,52,4,0,1,21,1,0
TCGA-D1-A17U-01A-21D-A12J-09,0,22,0,9,10,271,24,1,9,126,12,0
TCGA-D1-A1NS-01A-11D-A14G-09,2,58,3,11,16,200,9,3,7,95,3,0
TCGA-D1-A1NU-01A-11D-A14G-09,0,6,0,2,3,68,5,0,1,21,2,0
TCGA-D1-A1NX-01A-11D-A16D-09,0,1,0,1,0,36,3,0,0,9,1,0
TCGA-D1-A1NY-01A-11D-A16D-09,10,105,4,18,31,361,27,0,12,168,12,0
TCGA-D1-A1NZ-01A-21D-A14G-09,10,139,10,33,38,502,32,0,23,240,8,0
TCGA-D1-A1O0-01A-11D-A17D-09,1,14,2,2,5,41,3,0,2,18,1,0
TCGA-D1-A1O5-01A-11D-A14G-09,2,9,0,2,3,48,1,0,3,19,0,0
TCGA-D1-A1O7-01A-11D-A14G-09,6,50,3,8,15,246,14,0,11,139,3,0
TCGA-D1-A1O8-01A-11D-A14G-09,3,8,0,4,3,49,2,0,2,24,2,0
TCGA-D1-A2G0-01A-11D-A17D-09,15,161,13,43,45,518,31,1,17,260,13,0
TCGA-D1-A2G5-01A-11D-A17D-09,4,43,3,9,6,147,12,0,3,74,3,0
TCGA-D1-A2G6-01A-11D-A17D-09,0,13,0,7,10,57,6,0,4,33,1,0
TCGA-D1-A2G7-01A-21D-A17W-09,1,14,1,3,2,33,3,0,2,16,1,1
TCGA-D1-A3DA-01A-12D-A20S-09,1,13,0,2,5,55,3,0,5,21,2,0
TCGA-D1-A3DG-01A-11D-A19Y-09,2,34,1,6,7,81,3,0,10,28,2,1
TCGA-D1-A3DH-01A-11D-A19Y-09,2,26,3,8,5,77,6,1,1,21,1,0
TCGA-D1-A3JP-01A-31D-A228-09,0,10,0,1,1,34,1,0,2,21,1,1
TCGA-D1-A3JQ-01A-11D-A228-09,0,5,1,1,1,25,4,0,1,11,0,0
TCGA-D3-A1Q1-06A-21D-A196-08,0,5,0,1,3,39,3,0,1,14,1,0
TCGA-D3-A1Q3-06A-11D-A196-08,0,1,0,1,4,26,1,0,0,16,1,0
TCGA-D3-A1Q4-06A-11D-A196-08,1,16,1,7,10,194,10,0,7,119,4,2
TCGA-D3-A1Q5-06A-11D-A196-08,0,25,3,9,12,264,17,0,9,145,5,3
TCGA-D3-A1Q6-06A-11D-A196-08,6,38,2,23,26,588,40,0,8,399,12,1
TCGA-D3-A1Q7-06A-11D-A19A-08,1,5,0,3,1,65,5,0,2,45,4,0
TCGA-D3-A1Q8-06A-11D-A19A-08,0,15,0,8,2,175,14,0,4,101,5,0
TCGA-D3-A1Q9-06A-11D-A19A-08,0,2,0,1,2,27,2,0,0,8,0,0
TCGA-D3-A1QA-06A-11D-A196-08,3,22,3,13,14,304,23,0,11,205,6,0
TCGA-D3-A1QB-06A-11D-A19A-08,3,20,1,18,8,275,23,0,5,162,6,0
TCGA-D3-A2J6-06A-11D-A19A-08,0,0,0,0,1,15,1,0,0,9,0,0
TCGA-D3-A2J7-06A-11D-A196-08,0,14,4,9,7,275,20,0,2,140,4,0
TCGA-D3-A2J8-06A-11D-A196-08,1,20,2,9,15,436,29,0,4,254,6,0
TCGA-D3-A2J9-06A-11D-A196-08,0,3,0,1,0,48,4,0,1,37,1,0
TCGA-D3-A2JA-06A-11D-A196-08,2,19,2,10,18,276,13,0,6,145,2,1
TCGA-D3-A2JB-06A-11D-A196-08,0,0,1,0,0,14,0,0,0,3,0,0
TCGA-D3-A2JC-06A-11D-A19A-08,0,8,2,3,5,154,10,1,5,86,2,0
TCGA-D3-A2JD-06A-11D-A19A-08,2,10,3,12,18,285,20,0,6,192,4,0
TCGA-D3-A2JE-06A-11D-A372-08,5,22,0,14,7,220,20,1,7,158,8,0
TCGA-D3-A2JF-06A-11D-A196-08,5,75,12,36,55,1089,91,0,29,569,12,1
TCGA-D3-A2JG-06A-11D-A196-08,1,3,0,2,4,77,4,0,5,52,0,0
TCGA-D3-A2JH-06A-11D-A196-08,3,27,6,16,13,470,29,0,9,269,10,1
TCGA-D3-A2JK-06A-11D-A196-08,2,24,1,7,8,219,15,1,1,126,3,0
TCGA-D3-A2JL-06A-11D-A196-08,2,20,7,10,12,239,17,0,4,123,6,0
TCGA-D3-A2JN-06A-11D-A196-08,1,9,1,10,10,250,18,0,6,135,5,1
TCGA-D3-A2JO-06A-11D-A196-08,1,29,8,12,23,466,26,0,11,256,8,1
TCGA-D3-A2JP-06A-11D-A19A-08,0,12,2,7,2,214,12,0,6,102,2,0
TCGA-D3-A3BZ-06A-12D-A196-08,2,3,0,0,3,56,3,0,1,12,1,0
TCGA-D3-A3C1-06A-12D-A196-08,0,7,1,5,2,114,10,2,1,56,1,0
TCGA-D3-A3C3-06A-12D-A19A-08,2,14,2,2,5,193,16,0,6,93,6,1
TCGA-D3-A3C6-06A-12D-A196-08,2,7,0,5,6,76,4,0,2,53,0,0
TCGA-D3-A3C7-06A-11D-A196-08,6,40,2,25,35,720,47,0,19,365,11,0
TCGA-D3-A3C8-06A-12D-A19A-08,0,12,1,2,8,422,32,0,3,216,5,2
TCGA-D3-A3CB-06A-11D-A196-08,1,7,1,6,9,170,11,0,5,105,2,0
TCGA-D3-A3CC-06A-11D-A19A-08,0,1,0,0,1,25,2,0,2,7,0,1
TCGA-D3-A3CE-06A-11D-A19A-08,0,3,0,0,1,29,0,0,0,7,0,0
TCGA-D3-A3CF-06A-11D-A196-08,1,1,0,1,0,26,2,0,0,8,3,0
TCGA-D3-A3ML-06A-11D-A21A-08,2,36,3,21,33,688,41,0,27,401,13,3
TCGA-D3-A3MO-06A-11D-A21A-08,0,3,0,0,1,51,4,0,1,23,0,0
TCGA-D3-A3MR-06A-11D-A21A-08,5,32,8,21,31,642,42,0,18,364,14,0
TCGA-D3-A3MU-06A-11D-A21A-08,1,31,5,13,10,380,20,0,11,182,9,0
TCGA-D3-A3MV-06A-11D-A21A-08,1,35,5,21,18,353,32,0,14,249,7,0
TCGA-D3-A51E-06A-11D-A25O-08,0,13,1,11,7,205,21,0,2,105,3,0
TCGA-D3-A51F-06A-11D-A25O-08,0,1,1,4,0,92,7,0,2,55,3,0
TCGA-D3-A51G-06A-11D-A25O-08,4,54,5,43,42,895,49,0,32,544,19,3
TCGA-D3-A51H-06A-12D-A25O-08,0,1,0,0,0,27,1,0,0,11,0,0
TCGA-D3-A51J-06A-11D-A25O-08,1,18,4,8,14,348,24,0,5,181,10,0
TCGA-D3-A51K-06A-11D-A25O-08,0,1,0,3,1,20,1,0,0,5,1,0
TCGA-D3-A51N-06A-11D-A25O-08,0,4,0,1,3,76,6,0,0,28,1,0
TCGA-D3-A51R-06A-11D-A25O-08,2,33,2,16,24,531,34,0,11,307,6,2
TCGA-D3-A51T-06A-11D-A25O-08,9,60,7,34,37,871,66,0,23,494,11,2
TCGA-D3-A5GL-06A-11D-A27K-08,3,26,2,8,19,328,17,0,11,157,5,1
TCGA-D3-A5GN-06A-11D-A27K-08,4,35,0,13,19,358,22,0,9,207,2,0
TCGA-D3-A5GO-06A-12D-A27K-08,5,68,11,50,52,1185,66,1,38,684,13,3
TCGA-D3-A5GR-06A-11D-A27K-08,2,14,1,5,6,189,18,0,2,113,0,2
TCGA-D3-A5GS-06A-11D-A27K-08,4,26,1,10,11,292,19,0,11,175,6,1
TCGA-D3-A5GT-01A-12D-A30X-08,0,0,0,0,0,17,2,0,1,5,1,0
TCGA-D3-A5GU-06A-11D-A27K-08,1,61,10,19,19,553,48,0,8,290,8,2
TCGA-D3-A8GB-06A-11D-A372-08,5,56,3,25,49,758,58,0,15,476,16,3
TCGA-D3-A8GC-06A-11D-A372-08,5,41,3,26,32,628,36,0,14,366,6,2
TCGA-D3-A8GD-06A-11D-A372-08,0,4,1,3,2,91,2,0,1,25,3,0
TCGA-D3-A8GE-06A-11D-A372-08,0,0,0,0,0,6,0,0,0,2,0,0
TCGA-D3-A8GI-06A-11D-A372-08,17,303,38,140,187,3913,216,0,111,2247,51,9
TCGA-D3-A8GJ-06A-11D-A372-08,1,9,3,9,6,135,8,0,2,96,3,0
TCGA-D3-A8GK-06A-11D-A372-08,3,41,3,24,19,422,31,1,12,237,5,0
TCGA-D3-A8GL-06A-11D-A372-08,10,117,8,50,67,1367,91,0,44,783,23,3
TCGA-D3-A8GM-06A-11D-A372-08,26,227,21,92,135,2839,213,2,74,1550,59,6
TCGA-D3-A8GN-06A-11D-A372-08,3,14,1,3,8,177,8,0,4,122,1,0
TCGA-D3-A8GO-06A-11D-A372-08,3,27,2,9,21,413,33,0,16,271,4,1
TCGA-D3-A8GP-06A-11D-A372-08,3,36,6,16,22,435,35,0,9,213,8,1
TCGA-D3-A8GQ-06A-11D-A372-08,6,76,9,50,44,1049,62,0,37,628,19,1
TCGA-D3-A8GR-06A-11D-A372-08,0,18,4,15,16,283,17,0,11,152,3,0
TCGA-D3-A8GS-06A-12D-A372-08,2,13,3,2,9,161,8,0,3,90,2,0
TCGA-D3-A8GV-06A-11D-A372-08,3,34,2,9,15,303,22,0,10,155,6,0
TCGA-D5-5537-01A-21D-1924-10,1,7,0,4,0,74,9,0,3,39,2,0
TCGA-D5-5538-01A-01D-1650-10,1,14,1,8,3,87,8,1,3,33,4,0
TCGA-D5-5539-01A-01D-1650-10,1,5,3,5,3,77,9,0,2,39,2,0
TCGA-D5-5540-01A-01D-1650-10,0,12,0,4,5,98,2,1,0,52,3,0
TCGA-D5-5541-01A-01D-1650-10,0,6,0,2,2,48,8,0,2,22,1,0
TCGA-D5-6529-01A-11D-1771-10,1,7,2,4,7,81,6,1,1,36,1,0
TCGA-D5-6530-01A-11D-1719-10,3,74,2,14,33,681,42,0,16,349,12,1
TCGA-D5-6531-01A-11D-1719-10,2,16,2,14,6,146,8,0,4,52,4,0
TCGA-D5-6532-01A-11D-1719-10,1,9,1,8,6,82,7,0,1,48,1,0
TCGA-D5-6533-01A-11D-1719-10,0,22,3,8,8,120,12,1,2,48,3,0
TCGA-D5-6534-01A-21D-1924-10,0,11,0,5,5,129,8,0,3,42,6,0
TCGA-D5-6535-01A-11D-1719-10,0,16,0,9,7,135,10,0,3,49,2,1
TCGA-D5-6536-01A-11D-1719-10,1,6,1,2,5,89,4,0,1,24,1,0
TCGA-D5-6537-01A-11D-1719-10,0,11,1,1,2,87,6,0,2,30,2,1
TCGA-D5-6538-01A-11D-1719-10,2,13,3,5,2,96,9,0,3,44,4,0
TCGA-D5-6539-01A-11D-1719-10,0,4,0,3,3,85,4,0,3,23,1,1
TCGA-D5-6540-01A-11D-1719-10,4,82,9,40,38,863,42,0,19,405,10,2
TCGA-D5-6541-01A-11D-1719-10,0,5,2,3,3,72,5,0,0,24,0,0
TCGA-D5-6898-01A-11D-1924-10,0,3,0,5,1,57,6,1,1,23,3,0
TCGA-D5-6920-01A-11D-1924-10,0,8,1,3,3,90,8,0,4,32,1,1
TCGA-D5-6922-01A-11D-1924-10,2,8,0,3,8,82,8,0,1,36,2,0
TCGA-D5-6924-01A-11D-1924-10,0,11,0,5,3,125,9,0,0,44,1,0
TCGA-D5-6926-01A-11D-1924-10,1,19,0,6,2,89,4,0,0,37,3,1
TCGA-D5-6927-01A-21D-1924-10,3,54,6,16,25,445,26,1,10,204,22,1
TCGA-D5-6928-01A-11D-1924-10,8,116,10,48,56,1230,68,1,28,487,23,1
TCGA-D5-6929-01A-31D-1924-10,3,14,0,3,4,88,7,1,1,39,1,0
TCGA-D5-6930-01A-11D-1924-10,2,77,7,35,27,898,66,0,16,420,11,2
TCGA-D5-6931-01A-11D-1924-10,2,25,0,9,12,250,16,0,5,92,3,1
TCGA-D5-6932-01A-11D-1924-10,0,13,2,4,8,103,7,2,4,32,1,0
TCGA-D5-7000-01A-11D-1924-10,0,10,0,5,1,87,6,0,3,36,0,0
TCGA-D6-6515-01A-21D-1870-08,0,1,0,0,2,31,5,0,0,18,1,0
TCGA-D6-6516-01A-11D-1870-08,14,123,13,59,73,1400,79,0,32,781,23,0
TCGA-D6-6517-01A-11D-1870-08,2,1,1,2,5,55,1,0,4,20,0,0
TCGA-D6-6823-01A-11D-1912-08,0,4,0,4,6,85,2,0,2,18,4,0
TCGA-D6-6824-01A-11D-1912-08,1,2,0,1,1,41,2,0,1,10,0,0
TCGA-D6-6825-01A-21D-1912-08,0,4,0,0,0,49,6,0,0,26,2,0
TCGA-D6-6826-01A-11D-1912-08,0,4,0,1,1,73,6,1,2,28,3,0
TCGA-D6-6827-01A-11D-1912-08,0,0,0,0,0,9,0,0,0,4,0,0
TCGA-D6-8568-01A-11D-2394-08,0,4,1,7,4,78,7,0,2,22,3,0
TCGA-D6-8569-01A-11D-2394-08,0,5,0,5,2,97,4,0,3,40,5,0
TCGA-D6-A4Z9-01A-11D-A25D-08,0,9,0,2,2,70,2,0,0,29,2,0
TCGA-D6-A4ZB-01A-11D-A25D-08,0,11,1,3,4,144,11,0,1,47,4,1
TCGA-D6-A6EK-01A-11D-A31L-08,1,8,0,2,7,124,16,0,2,44,2,0
TCGA-D6-A6EM-01A-21D-A31L-08,1,5,0,3,1,75,4,0,0,21,4,0
TCGA-D6-A6EN-01A-11D-A31L-08,0,2,1,1,2,67,8,0,1,35,0,0
TCGA-D6-A6EO-01A-11D-A31L-08,2,6,0,3,7,67,4,0,0,17,0,0
TCGA-D6-A6EP-01A-11D-A31L-08,2,10,0,6,4,93,7,0,2,32,1,0
TCGA-D6-A6EQ-01A-11D-A31L-08,1,1,1,6,3,70,4,1,2,24,0,0
TCGA-D6-A6ES-01A-12D-A31L-08,2,8,3,5,11,150,9,1,2,58,3,0
TCGA-D6-A74Q-01A-11D-A34J-08,2,18,3,17,8,312,29,2,10,137,9,1
TCGA-D7-5577-01A-01D-1600-08,0,3,0,1,3,100,6,0,1,29,1,0
TCGA-D7-5578-01A-01D-1600-08,2,11,1,6,5,174,9,1,6,77,1,0
TCGA-D7-5579-01A-01D-1600-08,0,4,1,2,3,118,6,0,1,35,3,1
TCGA-D7-6518-01A-11D-1800-08,0,0,0,1,2,66,3,0,4,27,1,0
TCGA-D7-6519-01A-11D-1800-08,0,4,0,1,4,43,2,0,1,12,0,0
TCGA-D7-6520-01A-11D-1800-08,1,5,0,0,1,45,4,0,0,19,1,0
TCGA-D7-6521-01A-11D-1800-08,0,1,0,3,1,64,4,0,0,15,0,0
TCGA-D7-6522-01A-11D-1800-08,1,2,0,0,3,38,2,0,2,15,3,0
TCGA-D7-6524-01A-11D-1800-08,0,3,0,0,2,73,9,0,4,30,3,0
TCGA-D7-6525-01A-11D-1800-08,1,8,0,2,1,123,5,1,2,55,3,0
TCGA-D7-6526-01A-11D-1800-08,0,10,1,7,4,167,3,1,7,67,1,0
TCGA-D7-6527-01A-11D-1800-08,0,12,0,4,3,174,9,0,6,56,2,1
TCGA-D7-6528-01A-11D-1800-08,1,18,3,7,9,277,11,0,6,87,3,0
TCGA-D7-6815-01A-11D-1882-08,0,5,1,10,4,92,9,0,4,46,0,0
TCGA-D7-6817-01A-11D-1882-08,1,4,0,2,6,67,1,0,0,22,2,0
TCGA-D7-6818-01A-11D-1882-08,0,13,0,7,3,135,2,0,1,31,0,0
TCGA-D7-6820-01A-11D-1882-08,1,8,1,2,4,65,9,0,2,29,0,0
TCGA-D7-6822-01A-11D-1882-08,1,10,2,10,9,211,6,0,5,49,4,0
TCGA-D7-8570-01A-11D-2340-08,0,8,0,4,4,89,6,0,4,38,1,0
TCGA-D7-8572-01A-11D-2340-08,0,10,0,1,2,142,5,0,1,57,4,0
TCGA-D7-8573-01A-11D-2340-08,0,4,1,3,4,63,1,0,1,26,1,1
TCGA-D7-8574-01A-13D-2340-08,0,0,0,0,1,28,3,0,1,14,2,0
TCGA-D7-8575-01A-11D-2340-08,0,1,0,1,3,36,4,0,0,11,1,0
TCGA-D7-8576-01A-11D-2340-08,1,4,0,1,4,39,1,0,0,20,1,0
TCGA-D7-8578-01A-21D-2340-08,0,2,0,1,1,46,2,0,0,14,1,0
TCGA-D7-8579-01A-11D-2340-08,0,5,0,4,2,92,3,0,2,33,1,1
TCGA-D7-A4YT-01A-11D-A25D-08,1,16,1,11,15,208,12,1,3,91,5,0
TCGA-D7-A4YU-01A-21D-A25D-08,1,3,3,3,7,196,12,0,7,47,6,0
TCGA-D7-A4YV-01A-11D-A25D-08,7,32,4,25,22,581,44,0,9,260,15,1
TCGA-D7-A4YX-01A-11D-A25D-08,0,5,0,3,2,60,4,0,0,23,2,1
TCGA-D7-A4YY-01A-11D-A25D-08,2,29,3,7,19,294,11,1,10,167,6,1
TCGA-D7-A4Z0-01A-22D-A25D-08,2,14,0,6,6,263,6,0,4,64,1,0
TCGA-D7-A6ET-01A-32D-A32N-08,1,2,0,0,1,19,2,0,0,9,0,0
TCGA-D7-A6EV-01A-11D-A31L-08,1,8,1,2,5,131,4,0,1,50,1,0
TCGA-D7-A6EX-01A-11D-A31L-08,0,3,0,3,4,101,6,0,0,34,2,0
TCGA-D7-A6EY-01A-21D-A31L-08,6,67,4,28,33,974,29,2,11,382,23,2
TCGA-D7-A6EZ-01A-11D-A31L-08,3,12,0,7,10,204,15,1,4,53,5,0
TCGA-D7-A6F0-01A-11D-A31L-08,3,4,0,2,3,95,7,0,1,41,1,0
TCGA-D7-A6F2-01A-12D-A31L-08,1,2,2,2,2,62,1,0,0,17,1,0
TCGA-D7-A747-01A-22D-A33T-08,0,2,0,2,3,93,1,0,3,22,0,0
TCGA-D7-A748-01A-12D-A32N-08,0,1,0,0,1,31,4,0,0,13,1,0
TCGA-D7-A74A-01A-11D-A32N-08,0,15,1,3,10,106,11,0,1,45,3,0
TCGA-D7-A74B-01A-12D-A33T-08,0,1,1,0,0,25,1,0,0,12,2,0
TCGA-D8-A13Y-01A-11D-A10Y-09,1,3,1,0,1,53,2,0,0,20,1,0
TCGA-D8-A13Z-01A-11D-A10Y-09,2,6,0,0,3,71,3,0,1,16,1,0
TCGA-D8-A140-01A-11D-A10Y-09,1,9,2,4,6,71,9,0,3,28,1,0
TCGA-D8-A141-01A-11D-A10Y-09,0,1,0,0,0,15,0,0,0,4,1,0
TCGA-D8-A142-01A-11D-A10Y-09,0,3,0,3,4,99,7,0,1,46,3,0
TCGA-D8-A143-01A-11D-A10Y-09,0,4,0,4,4,37,2,0,0,9,1,0
TCGA-D8-A145-01A-11D-A10Y-09,0,2,0,0,2,36,0,0,1,6,0,0
TCGA-D8-A146-01A-31D-A10Y-09,1,1,0,2,2,25,3,0,0,7,0,0
TCGA-D8-A147-01A-11D-A10Y-09,1,13,2,8,5,127,6,0,3,35,0,0
TCGA-D8-A1J8-01A-11D-A13L-09,5,53,2,20,31,557,46,0,6,223,18,0
TCGA-D8-A1J9-01A-11D-A13L-09,4,14,0,9,14,148,17,0,3,67,2,0
TCGA-D8-A1JB-01A-11D-A13L-09,0,6,0,0,5,32,1,0,1,18,0,0
TCGA-D8-A1JC-01A-11D-A13L-09,0,13,0,8,4,65,5,0,1,25,1,0
TCGA-D8-A1JD-01A-11D-A13L-09,0,8,0,3,5,78,4,1,0,20,3,0
TCGA-D8-A1JE-01A-11D-A13L-09,1,2,1,0,1,24,2,0,1,7,1,0
TCGA-D8-A1JF-01A-11D-A13L-09,1,0,1,0,1,32,0,0,1,12,1,0
TCGA-D8-A1JG-01B-11D-A13L-09,0,9,0,4,5,98,19,0,0,33,1,0
TCGA-D8-A1JH-01A-11D-A188-09,0,0,1,0,2,17,0,0,0,4,0,0
TCGA-D8-A1JI-01A-11D-A13L-09,1,3,0,0,4,19,1,0,0,13,1,0
TCGA-D8-A1JJ-01A-31D-A14K-09,0,3,2,3,2,60,1,0,0,27,0,0
TCGA-D8-A1JK-01A-11D-A13L-09,0,14,1,3,10,146,11,0,2,58,4,0
TCGA-D8-A1JL-01A-11D-A13L-09,0,4,0,3,4,72,5,0,2,33,4,0
TCGA-D8-A1JM-01A-11D-A13L-09,0,2,0,1,0,31,4,0,0,15,0,0
TCGA-D8-A1JN-01A-11D-A13L-09,0,8,1,10,6,102,11,0,5,62,2,1
TCGA-D8-A1JP-01A-11D-A13L-09,1,4,0,4,5,84,3,0,0,33,1,0
TCGA-D8-A1JS-01A-11D-A13L-09,0,2,0,1,0,17,0,0,0,8,1,0
TCGA-D8-A1JT-01A-31D-A13L-09,1,3,1,1,1,23,0,0,0,11,0,0
TCGA-D8-A1JU-01A-11D-A13L-09,0,0,0,0,0,11,0,0,1,7,1,0
TCGA-D8-A1X5-01A-11D-A14G-09,0,2,0,3,0,35,5,0,1,20,0,0
TCGA-D8-A1X6-01A-11D-A14K-09,0,3,0,1,2,28,1,0,0,6,1,0
TCGA-D8-A1X7-01A-11D-A14K-09,0,1,0,2,2,18,2,0,1,6,0,0
TCGA-D8-A1X9-01A-12D-A159-09,0,4,0,0,2,69,6,0,1,18,2,0
TCGA-D8-A1XA-01A-11D-A14G-09,0,2,0,2,0,15,2,1,0,6,0,0
TCGA-D8-A1XB-01A-11D-A14G-09,0,7,1,0,0,30,1,1,0,10,0,0
TCGA-D8-A1XC-01A-11D-A14G-09,0,1,0,1,0,20,2,0,1,7,2,0
TCGA-D8-A1XF-01A-11D-A14G-09,0,7,0,1,3,25,1,0,1,13,0,0
TCGA-D8-A1XG-01A-11D-A14G-09,0,2,0,1,5,12,0,0,0,7,0,0
TCGA-D8-A1XK-01A-21D-A14K-09,2,87,2,16,51,775,17,1,14,274,61,0
TCGA-D8-A1XL-01A-11D-A14K-09,0,2,0,5,5,78,1,0,1,14,4,0
TCGA-D8-A1XM-01A-21D-A14K-09,1,0,0,2,1,35,4,0,2,16,3,0
TCGA-D8-A1XO-01A-11D-A14K-09,1,5,0,2,2,8,4,0,0,7,0,0
TCGA-D8-A1XQ-01A-11D-A14K-09,4,49,1,24,30,600,31,0,9,251,31,1
TCGA-D8-A1XR-01A-11D-A14K-09,0,0,0,1,3,21,0,0,1,6,0,0
TCGA-D8-A1XS-01A-11D-A14K-09,0,0,0,0,1,17,0,0,0,8,0,0
TCGA-D8-A1XT-01A-11D-A14K-09,0,2,0,0,2,29,3,0,0,9,0,0
TCGA-D8-A1XU-01A-11D-A14K-09,0,3,0,3,0,16,3,0,0,9,1,0
TCGA-D8-A1XV-01A-11D-A14K-09,0,1,0,1,2,21,2,0,0,8,1,0
TCGA-D8-A1XW-01A-11D-A14K-09,0,7,1,4,4,69,5,0,2,27,3,0
TCGA-D8-A1XY-01A-11D-A14K-09,0,1,1,1,1,35,2,0,1,17,0,0
TCGA-D8-A1XZ-01A-11D-A14K-09,0,1,0,4,0,59,5,0,1,25,1,0
TCGA-D8-A1Y0-01A-11D-A14K-09,0,3,0,2,2,48,3,0,1,21,1,0
TCGA-D8-A1Y1-01A-21D-A14K-09,0,11,1,3,2,138,12,1,2,60,3,0
TCGA-D8-A1Y2-01A-11D-A159-09,0,0,0,1,0,16,0,0,1,4,0,0
TCGA-D8-A1Y3-01A-11D-A159-09,0,3,0,0,2,42,2,0,1,17,0,0
TCGA-D8-A27E-01A-11D-A16D-09,0,1,0,0,0,8,0,0,1,1,0,0
TCGA-D8-A27F-01A-11D-A16D-09,0,2,0,1,4,44,3,0,1,14,1,0
TCGA-D8-A27G-01A-11D-A16D-09,4,60,7,31,35,706,73,2,8,236,10,4
TCGA-D8-A27H-01A-11D-A16D-09,0,8,3,4,0,114,2,0,3,26,0,0
TCGA-D8-A27I-01A-11D-A16D-09,0,2,0,0,0,26,1,0,0,7,0,0
TCGA-D8-A27K-01A-11D-A16D-09,0,0,0,0,0,13,2,0,0,5,1,0
TCGA-D8-A27L-01A-11D-A16D-09,0,3,1,0,1,30,3,0,0,14,1,0
TCGA-D8-A27M-01A-11D-A16D-09,1,4,1,1,2,54,6,0,2,18,1,0
TCGA-D8-A27N-01A-11D-A16D-09,0,4,1,1,0,32,2,0,1,17,2,0
TCGA-D8-A27P-01A-11D-A16D-09,0,0,0,1,2,15,2,0,0,9,1,0
TCGA-D8-A27R-01A-11D-A16D-09,0,2,0,1,0,24,1,0,0,5,2,0
TCGA-D8-A27T-01A-11D-A16D-09,0,2,0,0,3,16,0,0,0,9,1,0
TCGA-D8-A27V-01A-12D-A17D-09,0,8,1,8,7,138,16,0,3,51,2,1
TCGA-D8-A27W-01A-11D-A16D-09,0,1,0,2,3,38,3,0,0,7,1,0
TCGA-D8-A3Z6-01A-11D-A23C-09,1,4,0,4,1,21,0,0,2,4,0,0
TCGA-D8-A4Z1-01A-21D-A25Q-09,0,2,1,0,2,25,3,0,0,13,0,0
TCGA-D8-A73U-01A-11D-A33E-09,1,30,1,5,5,101,11,0,6,43,4,0
TCGA-D8-A73W-01A-22D-A351-09,0,6,0,3,1,28,4,0,1,9,0,0
TCGA-D8-A73X-01A-11D-A32I-09,0,4,0,4,1,25,2,0,2,14,0,0
TCGA-D9-A148-06A-11D-A19A-08,2,15,4,8,7,205,12,1,3,124,5,0
TCGA-D9-A149-06A-11D-A196-08,0,10,2,6,11,179,12,0,1,95,1,1
TCGA-D9-A1JW-06A-11D-A19A-08,4,58,6,31,23,678,38,0,15,386,17,0
TCGA-D9-A1JX-06A-11D-A19A-08,1,10,1,5,8,143,8,0,5,70,0,0
TCGA-D9-A1X3-06A-11D-A197-08,0,2,0,0,0,27,5,0,0,14,0,0
TCGA-D9-A3Z1-06A-11D-A23B-08,2,23,1,9,20,373,18,0,14,216,4,0
TCGA-D9-A3Z3-06A-11D-A23B-08,0,8,0,5,7,109,0,0,1,53,1,0
TCGA-D9-A3Z4-01A-11D-A23B-08,2,9,1,4,3,114,8,0,3,63,0,0
TCGA-D9-A4Z2-01A-11D-A24R-08,0,1,0,0,1,22,0,0,1,5,1,0
TCGA-D9-A4Z3-01A-11D-A25O-08,4,36,7,19,8,630,26,0,15,321,12,0
TCGA-D9-A4Z5-01A-11D-A25O-08,0,1,1,1,4,60,3,0,1,17,0,0
TCGA-D9-A4Z6-06A-12D-A25O-08,0,11,1,6,9,217,12,1,6,100,6,0
TCGA-D9-A6E9-06A-12D-A30X-08,1,13,1,5,5,141,6,0,8,61,5,0
TCGA-D9-A6EA-06A-11D-A30X-08,3,32,5,13,15,497,33,0,5,282,4,0
TCGA-D9-A6EC-06A-11D-A30X-08,17,233,27,95,145,3383,162,2,75,1571,54,4
TCGA-D9-A6EG-06A-12D-A32N-08,1,3,1,2,2,51,8,0,3,31,2,0
TCGA-DA-A1HV-06A-21D-A196-08,8,68,10,29,39,1018,61,0,26,591,18,2
TCGA-DA-A1HW-06A-11D-A19A-08,0,16,3,10,14,239,19,0,8,143,0,0
TCGA-DA-A1HY-06A-11D-A19A-08,1,25,3,24,27,556,33,0,15,304,9,1
TCGA-DA-A1I0-06A-11D-A20D-08,2,31,1,17,16,366,33,1,9,203,7,0
TCGA-DA-A1I1-06A-12D-A196-08,2,23,1,14,16,303,17,0,7,144,4,0
TCGA-DA-A1I2-06A-21D-A19A-08,0,7,0,3,5,95,5,0,3,58,3,0
TCGA-DA-A1I4-06A-11D-A196-08,0,19,2,6,10,201,17,1,3,99,4,0
TCGA-DA-A1I5-06A-11D-A197-08,1,21,1,9,14,331,27,0,8,173,3,1
TCGA-DA-A1I7-06A-22D-A197-08,2,21,1,7,17,336,23,0,6,192,2,2
TCGA-DA-A1I8-06A-11D-A197-08,2,8,0,4,7,126,6,0,3,94,2,0
TCGA-DA-A1IA-06A-11D-A196-08,2,11,3,9,13,244,21,0,4,170,7,0
TCGA-DA-A1IB-06A-11D-A196-08,0,0,0,0,0,5,0,0,0,3,0,0
TCGA-DA-A1IC-06A-11D-A197-08,2,58,1,33,30,727,49,0,17,431,13,1
TCGA-DA-A3F3-06A-11D-A20D-08,1,10,2,8,5,235,15,0,6,108,2,0
TCGA-DA-A3F5-06A-11D-A20D-08,0,13,4,12,8,252,20,0,5,132,11,0
TCGA-DA-A3F8-06A-11D-A20D-08,7,54,6,26,29,896,54,0,21,530,17,4
TCGA-DA-A95V-06A-11D-A372-08,1,14,1,8,8,211,13,0,5,108,3,0
TCGA-DA-A95W-06A-11D-A372-08,0,15,0,3,3,126,5,0,5,56,3,0
TCGA-DA-A95X-06A-11D-A372-08,5,28,4,11,11,401,26,0,7,187,4,0
TCGA-DA-A95Y-06A-11D-A372-08,2,27,5,7,10,322,29,2,9,144,4,0
TCGA-DA-A95Z-06A-11D-A372-08,10,126,13,70,65,1431,100,1,39,774,26,1
TCGA-DA-A960-01A-11D-A372-08,2,54,3,28,24,634,36,0,15,382,7,2
TCGA-DB-5270-01A-02D-1468-08,0,3,1,0,0,15,1,0,1,8,1,0
TCGA-DB-5273-01A-01D-1468-08,0,0,0,0,0,9,2,0,0,8,0,0
TCGA-DB-5274-01A-01D-1468-08,0,1,0,1,2,25,2,0,1,18,0,0
TCGA-DB-5275-01A-01D-1468-08,0,1,0,2,0,27,2,0,1,6,2,0
TCGA-DB-5276-01A-01D-1468-08,0,1,0,2,1,9,1,0,0,2,0,0
TCGA-DB-5277-01A-01D-1468-08,0,3,0,1,1,29,3,0,1,12,1,0
TCGA-DB-5278-01A-01D-1468-08,0,0,0,0,0,7,0,0,0,0,0,0
TCGA-DB-5279-01A-01D-1468-08,0,4,0,1,3,29,5,0,1,20,1,0
TCGA-DB-5280-01A-01D-1468-08,0,0,0,0,1,21,0,0,1,5,0,0
TCGA-DB-5281-01A-01D-1468-08,0,2,0,1,4,39,4,0,1,11,0,0
TCGA-DB-A4X9-01A-11D-A26M-08,0,0,1,0,1,16,2,0,0,6,1,0
TCGA-DB-A4XA-01A-11D-A26M-08,1,0,0,0,0,13,0,0,0,3,0,0
TCGA-DB-A4XB-01A-11D-A26M-08,0,0,0,2,0,29,0,0,0,6,0,1
TCGA-DB-A4XC-01A-11D-A26M-08,0,1,0,0,0,13,1,0,0,2,0,0
TCGA-DB-A4XD-01A-11D-A27K-08,0,0,0,1,1,27,1,0,0,5,1,0
TCGA-DB-A4XE-01A-11D-A27K-08,1,0,0,0,0,22,0,0,0,8,0,0
TCGA-DB-A4XF-01A-11D-A27K-08,0,2,0,1,1,19,1,0,0,10,1,0
TCGA-DB-A4XG-01A-11D-A27K-08,0,0,0,3,0,17,0,0,0,6,0,0
TCGA-DB-A4XH-01A-11D-A27K-08,0,1,0,1,0,32,3,0,0,17,0,0
TCGA-DB-A64L-01A-11D-A29Q-08,1,2,0,1,0,67,1,0,0,19,2,1
TCGA-DB-A64O-01A-11D-A29Q-08,1,3,0,1,1,17,1,0,0,2,0,0
TCGA-DB-A64P-01A-11D-A29Q-08,0,0,0,1,1,19,4,0,2,3,0,0
TCGA-DB-A64Q-01A-11D-A29Q-08,0,1,0,1,0,16,1,0,0,5,1,0
TCGA-DB-A64R-01A-11D-A29Q-08,1,0,0,0,0,13,1,0,0,1,0,0
TCGA-DB-A64S-01A-11D-A29Q-08,0,0,0,1,1,8,2,0,1,0,0,0
TCGA-DB-A64U-01A-11D-A29Q-08,0,1,1,1,0,6,0,1,0,5,1,0
TCGA-DB-A64V-01A-11D-A29Q-08,0,0,0,1,1,23,1,0,0,11,1,0
TCGA-DB-A64W-01A-11D-A29Q-08,0,2,0,1,0,33,4,0,1,11,0,0
TCGA-DB-A64X-01A-11D-A29Q-08,0,5,0,0,3,60,2,0,0,26,0,0
TCGA-DB-A75K-01A-11D-A32B-08,0,1,1,2,0,25,3,0,0,10,2,0
TCGA-DB-A75L-01A-11D-A32B-08,0,2,0,0,0,32,1,0,0,11,0,0
TCGA-DB-A75M-01A-11D-A32B-08,1,0,0,1,0,22,1,0,0,3,1,0
TCGA-DB-A75O-01A-11D-A32B-08,0,1,0,0,0,13,0,0,0,3,0,0
TCGA-DB-A75P-01A-11D-A32B-08,0,0,0,0,0,5,0,0,0,1,0,0
TCGA-DC-4745-01A-01D-1733-10,0,3,1,4,2,57,3,0,1,20,2,0
TCGA-DC-4749-01A-01D-1733-10,0,5,1,3,2,59,6,0,1,26,0,0
TCGA-DC-5337-01A-01D-1657-10,0,6,0,7,2,80,3,0,0,38,3,0
TCGA-DC-5869-01A-01D-1657-10,1,6,0,2,2,66,3,0,2,29,1,0
TCGA-DC-6154-01A-31D-1924-10,0,5,1,0,1,82,7,0,0,33,0,0
TCGA-DC-6155-01A-11D-1657-10,0,7,0,2,2,46,2,0,2,17,2,0
TCGA-DC-6157-01A-11D-1657-10,0,11,2,4,8,67,7,0,4,23,3,0
TCGA-DC-6158-01A-11D-1657-10,0,14,0,2,6,65,15,0,3,34,0,0
TCGA-DC-6160-01A-11D-1657-10,0,5,0,5,2,65,5,0,1,23,1,0
TCGA-DC-6681-01A-11D-1826-10,0,7,2,2,2,52,6,0,4,24,0,0
TCGA-DC-6682-01A-11D-1826-10,1,10,2,4,7,97,8,0,4,52,3,0
TCGA-DC-6683-01A-11D-1826-10,0,3,0,2,2,55,4,0,0,24,4,0
TCGA-DD-A113-01A-11D-A12Z-10,2,19,0,7,5,116,8,0,1,47,4,0
TCGA-DD-A114-01A-11D-A12Z-10,2,11,0,1,9,79,11,0,2,27,2,0
TCGA-DD-A115-01A-11D-A12Z-10,1,4,2,3,2,64,3,0,0,29,6,1
TCGA-DD-A116-01A-11D-A12Z-10,3,16,0,4,6,89,3,1,4,34,2,0
TCGA-DD-A118-01A-11D-A12Z-10,1,7,1,3,4,90,8,1,2,35,3,0
TCGA-DD-A119-01A-11D-A12Z-10,0,5,0,5,0,55,5,0,1,20,0,1
TCGA-DD-A11A-01A-11D-A12Z-10,1,10,0,5,4,108,4,0,1,39,4,0
TCGA-DD-A11B-01A-11D-A12Z-10,1,5,1,5,4,36,3,0,0,17,1,0
TCGA-DD-A11C-01A-11D-A12Z-10,1,3,0,5,2,71,3,1,4,34,2,0
TCGA-DD-A11D-01A-11D-A12Z-10,0,14,0,3,9,91,2,0,2,44,6,0
TCGA-DD-A1E9-01A-21D-A152-10,0,10,0,1,5,49,1,0,4,23,0,0
TCGA-DD-A1EB-01A-11D-A12Z-10,1,13,0,10,16,136,6,0,5,46,5,1
TCGA-DD-A1EC-01A-21D-A12Z-10,0,3,0,3,1,19,2,0,0,8,1,0
TCGA-DD-A1ED-01A-11D-A152-10,0,2,0,3,0,20,1,0,1,7,3,0
TCGA-DD-A1EE-01A-11D-A12Z-10,1,8,2,7,8,579,38,0,4,54,18,2
TCGA-DD-A1EF-01A-11D-A12Z-10,1,16,1,5,7,93,5,0,2,46,4,0
TCGA-DD-A1EH-01A-11D-A12Z-10,1,2,0,1,0,29,4,0,0,11,0,0
TCGA-DD-A1EI-01A-11D-A12Z-10,1,7,0,2,2,40,4,0,1,11,3,0
TCGA-DD-A1EJ-01A-11D-A152-10,0,4,0,2,7,47,2,0,3,16,3,0
TCGA-DD-A1EK-01A-11D-A20W-10,1,4,0,4,4,52,4,0,1,18,4,0
TCGA-DD-A1EL-01A-11D-A152-10,1,14,1,3,4,74,3,0,3,29,3,0
TCGA-DD-A39V-01A-11D-A20W-10,1,5,2,1,1,56,6,0,1,19,0,0
TCGA-DD-A39W-01A-11D-A20W-10,0,3,0,0,1,29,3,0,1,13,3,0
TCGA-DD-A39X-01A-11D-A20W-10,0,5,1,1,2,54,5,0,0,14,1,0
TCGA-DD-A39Z-01A-11D-A20W-10,1,8,0,5,3,58,6,1,2,20,3,0
TCGA-DD-A3A2-01A-11D-A20W-10,0,4,0,2,5,58,5,0,2,18,2,0
TCGA-DD-A3A3-01A-11D-A22F-10,0,5,1,2,2,40,1,0,0,24,1,0
TCGA-DD-A3A4-01A-11D-A22F-10,0,5,0,2,0,30,3,0,0,10,3,0
TCGA-DD-A3A5-01A-11D-A22F-10,0,5,1,1,3,51,7,0,3,19,1,0
TCGA-DD-A3A6-01A-11D-A22F-10,0,0,0,1,0,23,1,0,0,5,1,0
TCGA-DD-A3A7-01A-11D-A22F-10,0,9,0,4,10,97,5,0,3,34,9,0
TCGA-DD-A3A8-01A-11D-A22F-10,0,16,1,5,5,99,6,1,3,42,1,0
TCGA-DD-A3A9-01A-11D-A25V-10,1,36,2,16,22,298,15,1,11,119,11,0
TCGA-DD-A4NA-01A-11D-A25V-10,0,1,0,1,2,24,2,0,0,10,0,0
TCGA-DD-A4NB-01A-12D-A25V-10,0,3,0,4,0,17,0,0,0,9,0,0
TCGA-DD-A4ND-01A-11D-A25V-10,0,4,0,5,1,44,5,0,0,14,1,0
TCGA-DD-A4NE-01A-11D-A27I-10,1,3,1,2,3,36,5,0,0,18,3,0
TCGA-DD-A4NF-01A-11D-A27I-10,0,13,0,4,2,108,5,0,3,31,2,0
TCGA-DD-A4NG-01A-11D-A27I-10,0,6,2,1,4,51,6,0,1,17,1,0
TCGA-DD-A4NH-01A-11D-A27I-10,0,3,1,1,3,38,3,1,0,11,1,0
TCGA-DD-A4NI-01A-11D-A27I-10,2,14,2,5,7,129,3,0,3,42,8,0
TCGA-DD-A4NJ-01A-11D-A27I-10,2,7,0,4,3,68,2,0,2,20,2,0
TCGA-DD-A4NK-01A-11D-A28X-10,1,8,1,4,4,56,5,0,5,29,5,0
TCGA-DD-A4NL-01A-11D-A28X-10,0,0,0,0,0,26,0,0,2,9,0,0
TCGA-DD-A4NN-01A-11D-A28X-10,0,7,1,3,3,40,1,0,0,15,0,0
TCGA-DD-A4NO-01A-11D-A28X-10,0,4,0,3,2,43,3,1,0,13,2,0
TCGA-DD-A4NP-01A-11D-A28X-10,0,1,1,0,0,19,1,0,0,8,1,0
TCGA-DD-A4NQ-01A-21D-A28X-10,0,6,0,1,5,71,4,0,0,23,2,0
TCGA-DD-A4NR-01A-11D-A30V-10,1,8,0,3,0,40,4,0,0,16,0,1
TCGA-DD-A4NS-01A-11D-A30V-10,1,7,2,3,0,48,2,0,3,15,1,0
TCGA-DD-A4NV-01A-11D-A30V-10,0,12,1,7,3,115,6,0,2,37,3,0
TCGA-DD-A73A-01A-12D-A32G-10,0,5,0,4,1,79,2,0,1,26,2,0
TCGA-DD-A73B-01A-12D-A32G-10,0,10,0,3,7,62,6,1,1,19,2,0
TCGA-DD-A73C-01A-12D-A33K-10,1,4,0,5,2,61,5,0,0,30,2,0
TCGA-DD-A73D-01A-12D-A32G-10,0,15,1,3,2,57,2,0,0,16,3,0
TCGA-DD-A73E-01A-12D-A32G-10,0,19,1,6,5,102,4,0,2,42,5,0
TCGA-DD-A73F-01A-11D-A32G-10,1,12,1,6,3,62,2,0,1,32,1,1
TCGA-DD-A73G-01A-22D-A32G-10,1,8,1,4,6,86,7,0,0,39,1,0
TCGA-DD-AA3A-01A-11D-A36X-10,1,4,0,2,8,33,2,0,2,18,0,0
TCGA-DD-AAC8-01A-11D-A40R-10,2,65,2,21,24,433,28,1,5,128,27,1
TCGA-DD-AAC9-01A-11D-A40R-10,2,10,2,4,4,70,3,0,0,18,2,0
TCGA-DD-AACA-01A-11D-A40R-10,0,16,0,4,7,95,5,0,1,28,1,0
TCGA-DD-AACB-01A-11D-A40R-10,0,16,0,3,7,70,2,0,3,34,0,0
TCGA-DD-AACC-01A-11D-A40R-10,0,14,0,2,2,81,1,0,0,23,3,0
TCGA-DD-AACD-01A-11D-A40R-10,1,12,1,6,7,68,1,0,1,26,3,1
TCGA-DD-AACE-01A-11D-A40R-10,0,13,1,11,7,62,2,1,0,19,2,0
TCGA-DD-AACF-01A-11D-A40R-10,4,19,0,7,4,98,3,0,0,33,4,0
TCGA-DD-AACG-01A-11D-A40R-10,0,13,2,3,4,78,6,0,1,30,1,0
TCGA-DD-AACH-01A-11D-A40R-10,1,11,1,10,8,71,4,0,0,20,5,1
TCGA-DD-AACI-01A-11D-A40R-10,2,48,2,20,26,283,19,0,6,115,12,1
TCGA-DD-AACJ-01A-11D-A40R-10,2,13,1,8,4,79,3,0,4,28,2,0
TCGA-DD-AACK-01A-11D-A40R-10,4,14,1,4,6,102,16,0,6,42,0,0
TCGA-DD-AACL-01A-11D-A40R-10,1,37,1,10,14,225,23,0,4,94,11,0
TCGA-DD-AACM-01A-11D-A40R-10,0,3,0,5,4,44,3,1,2,15,1,0
TCGA-DD-AACN-01A-11D-A40R-10,0,6,0,2,1,37,1,0,0,9,3,1
TCGA-DD-AACO-01A-11D-A40R-10,0,8,0,3,4,30,3,0,0,11,1,0
TCGA-DD-AACP-01A-11D-A40R-10,2,27,2,8,11,150,4,0,2,62,3,1
TCGA-DD-AACQ-01A-11D-A40R-10,2,28,1,6,12,161,15,1,6,55,8,1
TCGA-DD-AACS-01A-11D-A40R-10,0,5,0,0,1,43,0,0,2,12,0,0
TCGA-DD-AACT-01A-11D-A40R-10,1,26,1,19,9,146,10,0,2,61,12,0
TCGA-DD-AACU-01A-11D-A40R-10,0,15,2,8,8,98,5,0,0,25,7,0
TCGA-DD-AACV-01A-11D-A40R-10,0,16,1,7,6,86,7,0,1,22,3,0
TCGA-DD-AACW-01A-11D-A40R-10,0,5,1,2,4,39,4,0,1,9,0,0
TCGA-DD-AACX-01A-11D-A40R-10,1,10,0,4,5,94,7,0,3,35,1,1
TCGA-DD-AACY-01A-11D-A40R-10,0,8,1,2,5,69,0,0,0,28,4,0
TCGA-DD-AACZ-01A-11D-A40R-10,1,15,3,11,11,136,8,1,3,39,6,0
TCGA-DD-AAD0-01A-11D-A40R-10,0,10,0,6,6,81,12,0,1,25,3,1
TCGA-DD-AAD1-01A-11D-A40R-10,0,20,2,5,3,101,2,0,2,44,4,0
TCGA-DD-AAD2-01A-11D-A40R-10,0,10,0,3,4,65,5,0,1,22,1,0
TCGA-DD-AAD3-01A-11D-A40R-10,1,8,0,8,1,58,4,0,0,24,2,1
TCGA-DD-AAD5-01A-11D-A40R-10,0,14,1,4,3,91,5,1,3,43,3,0
TCGA-DD-AAD6-01A-11D-A40R-10,0,13,1,9,4,83,3,0,0,32,3,0
TCGA-DD-AAD8-01A-11D-A40R-10,1,13,1,5,7,88,8,0,2,32,5,0
TCGA-DD-AADA-01A-11D-A40R-10,1,19,0,7,5,101,4,0,1,28,0,0
TCGA-DD-AADB-01A-11D-A40R-10,1,12,1,13,5,96,8,0,1,43,6,0
TCGA-DD-AADC-01A-11D-A40R-10,1,12,3,3,4,66,5,0,0,21,3,0
TCGA-DD-AADD-01A-11D-A40R-10,0,12,2,5,4,69,3,0,1,21,3,1
TCGA-DD-AADE-01A-11D-A40R-10,0,13,0,3,4,87,7,1,2,35,2,0
TCGA-DD-AADF-01A-11D-A40R-10,1,30,3,15,6,181,11,0,4,59,5,1
TCGA-DD-AADG-01A-11D-A40R-10,0,18,1,12,9,128,11,1,3,41,4,1
TCGA-DD-AADI-01A-11D-A40R-10,0,10,0,9,8,83,11,0,1,35,5,0
TCGA-DD-AADJ-01A-11D-A40R-10,1,9,0,2,2,50,1,0,0,15,2,0
TCGA-DD-AADK-01A-11D-A40R-10,1,7,0,2,1,49,3,0,3,13,1,0
TCGA-DD-AADL-01A-11D-A40R-10,0,10,0,10,4,103,8,0,1,33,2,0
TCGA-DD-AADM-01A-11D-A40R-10,2,32,1,11,14,140,5,0,2,55,2,0
TCGA-DD-AADN-01A-11D-A40R-10,1,11,0,2,7,84,8,0,1,31,2,0
TCGA-DD-AADO-01A-11D-A40R-10,0,33,1,13,11,170,12,1,2,69,2,0
TCGA-DD-AADP-01A-11D-A38X-10,0,12,0,4,5,86,5,0,2,24,3,0
TCGA-DD-AADQ-01A-11D-A40R-10,0,17,1,18,7,92,6,0,0,33,5,0
TCGA-DD-AADR-01A-11D-A40R-10,0,17,1,9,10,65,9,1,1,29,2,0
TCGA-DD-AADS-01A-11D-A40R-10,1,19,0,8,6,112,8,0,1,39,7,0
TCGA-DD-AADU-01A-11D-A40R-10,0,14,1,12,9,75,3,0,3,24,1,1
TCGA-DD-AADV-01A-11D-A38X-10,1,13,1,8,5,85,4,1,3,31,1,1
TCGA-DD-AADW-01A-11D-A38X-10,0,9,1,1,4,41,0,0,0,14,1,0
TCGA-DD-AADY-01A-11D-A40R-10,0,5,1,4,2,40,3,0,0,10,1,0
TCGA-DD-AAE0-01A-11D-A40R-10,1,7,1,6,0,54,3,0,4,26,0,0
TCGA-DD-AAE1-01A-11D-A40R-10,0,7,2,1,1,32,5,0,0,14,1,0
TCGA-DD-AAE2-01A-11D-A40R-10,0,23,2,3,7,68,2,1,1,28,1,1
TCGA-DD-AAE3-01A-11D-A40R-10,3,24,0,12,10,126,5,0,2,38,3,0
TCGA-DD-AAE4-01A-11D-A40R-10,2,8,0,5,3,47,4,0,0,27,1,0
TCGA-DD-AAE6-01A-11D-A40R-10,0,8,1,3,4,54,8,0,4,38,3,1
TCGA-DD-AAE7-01A-11D-A40R-10,0,37,1,16,16,196,12,0,5,74,6,0
TCGA-DD-AAE8-01A-11D-A40R-10,0,6,0,3,7,57,1,0,1,18,2,0
TCGA-DD-AAE9-01A-11D-A40R-10,1,16,0,10,7,87,3,0,5,28,2,0
TCGA-DD-AAEA-01A-11D-A40R-10,1,28,1,5,14,145,4,0,3,37,6,0
TCGA-DD-AAEB-01A-11D-A40R-10,3,24,2,8,6,95,6,1,4,27,3,0
TCGA-DD-AAED-01A-12D-A40R-10,0,12,0,2,2,53,2,0,1,24,2,0
TCGA-DD-AAEE-01A-11D-A40R-10,1,13,0,6,5,62,2,0,2,30,3,0
TCGA-DD-AAEG-01A-11D-A38X-10,1,17,0,4,5,89,4,0,1,31,3,0
TCGA-DD-AAEH-01A-11D-A40R-10,0,8,0,7,3,67,3,0,2,29,3,1
TCGA-DD-AAEI-01A-11D-A40R-10,0,8,0,9,5,95,2,0,2,26,2,0
TCGA-DD-AAEK-01A-11D-A40R-10,0,4,1,4,8,61,3,0,3,24,6,0
TCGA-DD-AAVP-01A-11D-A40R-10,0,11,0,8,7,60,3,0,1,27,3,0
TCGA-DD-AAVQ-01A-11D-A40R-10,0,5,2,1,3,48,2,0,0,17,1,0
TCGA-DD-AAVR-01A-11D-A40R-10,0,8,1,4,6,45,5,0,0,26,1,0
TCGA-DD-AAVS-01A-11D-A40R-10,0,7,3,1,3,38,4,0,0,11,1,1
TCGA-DD-AAVU-01A-11D-A40R-10,0,6,0,3,2,44,4,0,0,22,2,0
TCGA-DD-AAVV-01A-11D-A40R-10,0,12,4,9,9,115,5,0,1,31,3,1
TCGA-DD-AAVW-01A-11D-A40R-10,0,3,0,2,1,29,2,0,0,9,0,1
TCGA-DD-AAVX-01A-11D-A40R-10,0,11,0,8,7,55,3,0,1,26,2,0
TCGA-DD-AAVY-01A-11D-A40R-10,1,11,0,4,5,71,6,0,5,27,1,0
TCGA-DD-AAVZ-01A-11D-A40R-10,0,5,2,3,3,28,4,0,0,19,0,0
TCGA-DD-AAW0-01A-11D-A40R-10,0,9,1,6,2,76,3,0,2,25,3,0
TCGA-DD-AAW1-01A-11D-A40P-10,1,11,1,7,7,80,8,0,3,32,4,1
TCGA-DD-AAW2-01A-11D-A40P-10,0,23,0,9,11,100,3,0,4,30,5,0
TCGA-DD-AAW3-01A-11D-A40P-10,1,10,0,11,2,75,4,0,0,29,0,0
TCGA-DE-A0XZ-01A-11D-A17V-08,1,0,0,0,1,18,0,0,0,5,0,0
TCGA-DE-A0Y2-01A-11D-A10S-08,0,1,0,2,0,10,4,0,0,8,0,0
TCGA-DE-A0Y3-01B-11D-A10S-08,0,0,0,1,1,10,0,0,0,5,0,0
TCGA-DE-A2OL-01A-11D-A18F-08,0,0,0,0,0,8,0,0,0,0,0,0
TCGA-DE-A3KN-01A-11D-A20C-08,0,0,0,0,1,10,0,0,0,1,0,0
TCGA-DE-A4M8-01A-21D-A257-08,0,1,0,0,0,8,0,0,1,3,0,0
TCGA-DE-A4M9-01A-11D-A257-08,0,1,0,0,0,8,0,0,0,4,0,0
TCGA-DE-A4MA-01A-11D-A257-08,1,0,0,0,0,7,1,0,0,2,0,0
TCGA-DE-A4MB-01A-11D-A257-08,0,0,0,1,1,20,1,0,2,9,0,0
TCGA-DE-A4MC-01A-11D-A257-08,0,0,0,0,3,12,0,0,0,5,0,0
TCGA-DE-A4MD-01A-11D-A257-08,0,1,0,0,0,17,2,0,0,11,1,0
TCGA-DE-A69J-01A-21D-A397-08,0,1,0,0,1,6,2,0,0,0,0,0
TCGA-DE-A69K-01A-11D-A397-08,1,1,0,3,0,12,0,0,0,2,0,0
TCGA-DE-A7U5-01A-11D-A397-08,0,0,0,0,0,6,0,0,0,0,0,0
TCGA-DF-A2KN-01A-11D-A17W-09,80,1040,46,184,271,3204,221,2,113,1461,194,4
TCGA-DF-A2KR-01A-11D-A17W-09,1,21,0,5,7,75,2,0,6,21,3,0
TCGA-DF-A2KS-01A-11D-A18P-09,0,26,2,5,8,99,3,0,4,25,4,0
TCGA-DF-A2KU-01A-11D-A17W-09,208,2727,142,434,657,8917,730,3,321,3606,225,6
TCGA-DF-A2KV-01A-11D-A17W-09,34,500,8,56,98,1097,182,0,47,315,23,1
TCGA-DF-A2KZ-01A-11D-A20S-09,10,118,6,20,24,413,23,1,16,189,12,0
TCGA-DF-A2L0-01A-11D-A17W-09,0,12,0,1,4,33,2,0,3,11,2,0
TCGA-DG-A2KH-01A-21D-A22X-09,0,12,1,3,4,58,1,0,2,15,0,0
TCGA-DG-A2KJ-01A-11D-A18J-09,1,16,0,7,4,68,3,0,2,28,1,0
TCGA-DG-A2KK-01A-11D-A17W-09,4,86,4,36,20,244,31,1,7,131,5,1
TCGA-DG-A2KL-01A-11D-A17W-09,3,42,5,12,8,126,9,0,3,74,6,0
TCGA-DG-A2KM-01A-11D-A17W-09,2,41,1,11,8,150,8,0,5,58,4,0
TCGA-DH-5140-01A-01D-1468-08,0,0,0,1,1,21,0,0,0,9,1,0
TCGA-DH-5141-01A-01D-1468-08,0,1,0,0,0,22,2,0,0,6,1,0
TCGA-DH-5142-01A-01D-1468-08,1,2,0,0,0,31,2,0,0,12,0,0
TCGA-DH-5143-01A-01D-1468-08,0,1,0,1,2,25,0,0,0,4,1,0
TCGA-DH-5144-01A-01D-1468-08,0,6,0,1,0,31,0,0,0,10,2,0
TCGA-DH-A669-01A-12D-A31L-08,0,1,0,3,0,44,2,0,1,13,2,0
TCGA-DH-A66B-01A-11D-A29Q-08,0,3,0,3,0,29,1,0,1,8,1,0
TCGA-DH-A66D-01A-11D-A31L-08,0,2,0,1,0,38,2,0,2,4,0,0
TCGA-DH-A66F-01A-11D-A29Q-08,0,0,0,2,0,14,2,0,0,3,0,1
TCGA-DH-A66G-01A-21D-A31L-08,0,1,0,1,0,26,0,0,0,11,1,0
TCGA-DH-A7UR-01A-11D-A33T-08,0,2,0,0,2,39,4,0,2,21,2,0
TCGA-DH-A7US-01A-11D-A33T-08,1,2,0,0,0,25,2,0,0,11,1,0
TCGA-DH-A7UT-01A-12D-A34A-08,0,2,0,0,2,18,0,0,0,4,0,0
TCGA-DH-A7UU-01A-12D-A34A-08,0,3,0,0,2,36,3,0,0,15,1,0
TCGA-DH-A7UV-01A-12D-A34A-08,0,2,0,2,2,25,0,0,0,6,0,1
TCGA-DI-A0WH-01A-12D-A12J-09,3,31,5,17,22,418,21,0,18,226,16,1
TCGA-DI-A1BU-01A-11D-A135-09,165,2383,74,292,535,6402,141,16,226,2655,224,9
TCGA-DI-A1BY-01A-21D-A135-09,2,11,1,4,5,41,5,0,2,13,0,0
TCGA-DI-A1C3-01A-41D-A135-09,0,2,0,1,2,35,1,0,1,12,0,0
TCGA-DI-A1NN-01A-11D-A16D-09,0,1,0,1,1,36,4,0,0,26,1,0
TCGA-DI-A1NO-01A-31D-A159-09,3,45,2,13,17,187,11,1,7,60,4,1
TCGA-DI-A2QT-01A-12D-A19Y-09,0,7,2,1,0,20,1,0,0,4,0,0
TCGA-DI-A2QU-01A-11D-A18P-09,2,13,1,2,2,49,1,0,1,17,2,0
TCGA-DI-A2QY-01A-12D-A19Y-09,1,14,0,4,7,98,5,0,2,20,0,0
TCGA-DJ-A13L-01A-11D-A21Z-08,0,2,0,1,0,28,2,0,0,8,0,0
TCGA-DJ-A13M-01A-11D-A10S-08,0,1,0,0,1,5,1,0,1,0,0,0
TCGA-DJ-A13O-01A-11D-A10S-08,0,0,0,0,1,4,0,0,0,0,0,0
TCGA-DJ-A13P-01A-11D-A10S-08,0,0,0,0,0,5,1,0,0,4,0,0
TCGA-DJ-A13R-01A-11D-A10S-08,0,1,0,0,0,8,2,0,0,3,0,0
TCGA-DJ-A13S-01A-11D-A10S-08,0,1,0,0,0,11,1,0,0,2,0,0
TCGA-DJ-A13T-01A-11D-A10S-08,0,0,0,1,0,6,0,0,0,2,0,0
TCGA-DJ-A13U-01A-11D-A10S-08,0,0,0,1,0,10,0,0,0,5,0,0
TCGA-DJ-A13V-01A-11D-A10S-08,0,1,1,0,0,7,0,0,0,2,0,0
TCGA-DJ-A13W-01A-11D-A10S-08,0,0,0,1,0,12,0,0,0,0,1,0
TCGA-DJ-A13X-01A-11D-A10S-08,0,0,0,0,0,12,0,0,0,1,0,0
TCGA-DJ-A1QD-01A-11D-A14W-08,0,0,0,0,0,8,1,0,0,0,0,0
TCGA-DJ-A1QE-01A-21D-A14W-08,0,0,0,0,1,15,0,0,0,3,0,0
TCGA-DJ-A1QF-01A-12D-A14W-08,0,0,0,0,0,4,0,0,1,9,0,0
TCGA-DJ-A1QG-01A-11D-A14W-08,0,0,0,1,0,12,1,0,0,6,0,0
TCGA-DJ-A1QH-01A-21D-A14W-08,0,0,0,2,0,15,0,0,0,7,0,0
TCGA-DJ-A1QI-01A-11D-A14W-08,0,1,0,0,1,7,0,0,1,2,0,0
TCGA-DJ-A1QL-01A-11D-A14W-08,0,1,0,1,0,12,1,0,1,3,0,0
TCGA-DJ-A1QM-01A-11D-A14W-08,0,0,0,1,0,9,0,0,0,5,0,0
TCGA-DJ-A1QN-01A-11D-A14W-08,0,0,0,0,0,4,1,0,0,1,0,0
TCGA-DJ-A1QO-01A-11D-A14W-08,0,2,0,0,0,10,2,0,0,4,0,0
TCGA-DJ-A1QQ-01A-11D-A14W-08,0,0,0,0,2,11,0,0,0,4,0,0
TCGA-DJ-A2PN-01A-21D-A19J-08,0,0,0,0,0,5,0,0,0,3,0,0
TCGA-DJ-A2PO-01A-21D-A19J-08,0,0,0,0,0,6,0,0,0,1,0,0
TCGA-DJ-A2PP-01A-11D-A19J-08,0,0,0,1,1,11,0,0,1,6,1,0
TCGA-DJ-A2PQ-01A-11D-A18F-08,1,0,0,0,0,3,0,0,1,2,0,0
TCGA-DJ-A2PR-01A-11D-A19J-08,0,0,0,0,0,6,2,0,0,1,0,0
TCGA-DJ-A2PS-01A-11D-A18F-08,0,0,0,0,1,3,0,0,0,3,0,0
TCGA-DJ-A2PT-01A-11D-A18F-08,0,1,0,1,0,7,1,0,0,3,0,0
TCGA-DJ-A2PU-01A-12D-A19J-08,0,0,0,0,0,8,0,0,0,2,0,0
TCGA-DJ-A2PV-01A-11D-A19J-08,0,0,0,0,0,7,1,0,0,3,0,0
TCGA-DJ-A2PW-01A-11D-A19J-08,0,0,0,1,0,11,2,0,1,4,0,0
TCGA-DJ-A2PX-01A-11D-A18F-08,0,0,0,0,0,4,0,0,0,0,0,0
TCGA-DJ-A2PY-01A-11D-A18F-08,0,2,0,1,0,4,0,0,0,6,0,0
TCGA-DJ-A2PZ-01A-21D-A18F-08,0,0,0,0,0,13,0,0,0,3,0,0
TCGA-DJ-A2Q0-01A-11D-A202-08,0,0,0,0,2,17,4,0,0,8,1,0
TCGA-DJ-A2Q1-01A-22D-A19J-08,0,0,0,2,0,6,1,0,1,1,1,0
TCGA-DJ-A2Q2-01A-11D-A19J-08,0,1,0,1,0,4,3,0,0,3,0,0
TCGA-DJ-A2Q3-01A-11D-A18F-08,0,1,0,2,2,12,1,0,0,2,0,0
TCGA-DJ-A2Q4-01A-21D-A18F-08,0,0,0,1,0,11,1,0,0,1,0,0
TCGA-DJ-A2Q5-01A-11D-A18F-08,0,0,0,0,0,7,0,0,0,0,0,0
TCGA-DJ-A2Q6-01A-11D-A18F-08,0,0,0,0,0,3,2,0,0,2,0,0
TCGA-DJ-A2Q7-01A-11D-A18F-08,0,0,1,1,0,10,0,0,0,8,0,0
TCGA-DJ-A2Q8-01A-11D-A18F-08,0,1,0,0,0,5,1,0,0,3,0,0
TCGA-DJ-A2Q9-01A-21D-A18F-08,0,0,0,0,0,14,2,0,0,2,0,0
TCGA-DJ-A2QA-01A-11D-A18F-08,0,0,0,1,1,10,0,0,0,3,0,0
TCGA-DJ-A2QB-01A-11D-A19J-08,1,0,0,0,0,8,0,0,0,1,1,0
TCGA-DJ-A2QC-01A-11D-A18F-08,0,1,0,0,0,8,1,0,0,5,0,0
TCGA-DJ-A3UK-01A-11D-A22D-08,0,0,0,0,0,4,0,0,0,4,0,0
TCGA-DJ-A3UM-01A-11D-A22D-08,0,0,0,0,1,2,0,0,0,1,0,0
TCGA-DJ-A3UN-01A-11D-A22D-08,0,1,0,0,0,14,1,0,0,2,0,0
TCGA-DJ-A3UO-01A-11D-A22D-08,0,0,0,1,0,11,0,0,0,2,0,0
TCGA-DJ-A3UP-01A-11D-A22D-08,0,0,0,0,0,9,0,0,0,4,0,0
TCGA-DJ-A3UQ-01A-11D-A22D-08,0,0,0,0,0,7,0,0,0,3,1,0
TCGA-DJ-A3UR-01A-11D-A22D-08,0,1,0,0,0,6,0,0,0,1,0,0
TCGA-DJ-A3US-01A-11D-A22D-08,0,0,0,0,0,7,0,0,0,1,0,0
TCGA-DJ-A3UT-01A-11D-A22D-08,0,0,0,0,0,9,0,0,0,2,0,1
TCGA-DJ-A3UU-01A-11D-A22D-08,0,0,0,0,1,5,0,0,0,1,0,0
TCGA-DJ-A3UV-01A-11D-A22D-08,0,1,0,0,0,4,0,0,0,6,0,0
TCGA-DJ-A3UW-01A-11D-A22D-08,0,1,0,0,1,4,0,0,0,2,0,0
TCGA-DJ-A3UX-01A-11D-A22D-08,0,0,0,1,1,6,0,0,0,1,0,0
TCGA-DJ-A3UY-01A-21D-A22D-08,0,1,0,0,0,2,0,0,0,0,0,0
TCGA-DJ-A3UZ-01A-11D-A22Z-08,0,0,0,0,0,3,0,0,0,0,0,0
TCGA-DJ-A3V0-01A-11D-A22Z-08,0,0,0,1,1,13,0,1,0,6,1,0
TCGA-DJ-A3V2-01A-11D-A22Z-08,0,1,0,0,0,3,0,0,0,1,0,0
TCGA-DJ-A3V3-01A-11D-A22Z-08,0,0,0,2,1,5,0,0,0,1,0,0
TCGA-DJ-A3V4-01A-11D-A22Z-08,0,1,0,0,0,13,0,0,0,1,1,0
TCGA-DJ-A3V5-01A-11D-A22Z-08,0,3,0,0,0,16,0,1,0,2,0,0
TCGA-DJ-A3V6-01A-11D-A22Z-08,0,3,0,2,0,12,1,0,0,5,0,0
TCGA-DJ-A3V7-01A-11D-A23M-08,0,1,1,1,0,25,2,0,0,5,0,0
TCGA-DJ-A3V8-01A-11D-A23M-08,0,0,0,0,0,9,0,0,0,4,0,0
TCGA-DJ-A3V9-01A-11D-A23M-08,0,0,0,0,0,5,0,0,0,1,0,0
TCGA-DJ-A3VA-01A-11D-A23M-08,0,0,0,1,1,6,0,0,1,6,0,0
TCGA-DJ-A3VB-01A-11D-A23M-08,0,2,0,1,0,9,0,0,1,5,0,0
TCGA-DJ-A3VD-01A-11D-A23M-08,0,2,0,0,0,6,0,0,0,0,0,0
TCGA-DJ-A3VE-01A-11D-A23M-08,0,0,0,0,0,8,0,0,0,5,0,0
TCGA-DJ-A3VF-01A-11D-A23M-08,0,0,0,0,0,5,0,0,0,3,1,0
TCGA-DJ-A3VG-01A-11D-A23M-08,0,1,0,0,1,11,2,0,0,5,0,0
TCGA-DJ-A3VI-01A-11D-A23M-08,0,0,0,0,1,14,1,0,0,6,1,0
TCGA-DJ-A3VJ-01A-11D-A23M-08,0,1,0,0,0,6,0,0,1,1,0,0
TCGA-DJ-A3VK-01A-11D-A23M-08,0,2,0,0,0,12,1,0,0,4,0,0
TCGA-DJ-A3VL-01A-11D-A23M-08,0,3,0,2,0,6,0,0,1,1,0,0
TCGA-DJ-A3VM-01A-11D-A23M-08,1,0,0,0,0,9,2,0,0,7,0,0
TCGA-DJ-A4UL-01A-11D-A257-08,0,0,0,0,0,6,0,0,0,4,0,0
TCGA-DJ-A4UP-01A-11D-A257-08,0,0,0,1,1,3,0,1,0,2,0,0
TCGA-DJ-A4UQ-01A-11D-A257-08,0,0,0,1,0,14,0,0,0,3,0,0
TCGA-DJ-A4UR-01A-11D-A257-08,0,2,0,0,1,12,0,0,1,4,0,0
TCGA-DJ-A4UT-01A-11D-A257-08,1,2,0,2,1,25,3,0,0,8,2,0
TCGA-DJ-A4UW-01A-11D-A257-08,0,0,0,0,1,5,2,0,1,2,0,0
TCGA-DJ-A4V0-01A-11D-A257-08,0,1,0,0,0,4,0,0,0,1,0,0
TCGA-DJ-A4V2-01A-11D-A257-08,0,0,0,0,1,6,2,0,0,2,1,0
TCGA-DJ-A4V4-01A-11D-A257-08,0,0,0,0,1,17,2,0,0,5,0,0
TCGA-DJ-A4V5-01A-11D-A257-08,0,0,0,0,0,4,0,0,0,3,0,0
TCGA-DK-A1A3-01A-11D-A13W-08,3,35,2,24,23,485,49,0,13,199,10,1
TCGA-DK-A1A5-01A-11D-A13W-08,2,19,2,13,11,207,14,0,5,88,2,0
TCGA-DK-A1A6-06A-11D-A42E-08,1,15,1,8,10,214,21,2,5,74,8,0
TCGA-DK-A1A7-01A-11D-A13W-08,2,11,1,13,12,174,15,0,2,52,7,0
TCGA-DK-A1AA-01A-11D-A13W-08,1,10,1,2,2,64,6,0,1,15,0,0
TCGA-DK-A1AB-01A-11D-A13W-08,1,7,2,10,10,148,21,0,6,63,1,0
TCGA-DK-A1AC-01A-11D-A13W-08,11,101,8,83,69,1106,100,2,18,561,21,5
TCGA-DK-A1AD-01A-11D-A13W-08,2,11,1,10,7,189,12,0,5,76,4,0
TCGA-DK-A1AE-01A-11D-A13W-08,3,3,1,5,5,93,7,0,1,32,2,0
TCGA-DK-A1AF-01A-11D-A13W-08,0,4,1,1,4,92,7,0,1,29,2,1
TCGA-DK-A1AG-01A-11D-A13W-08,0,7,1,4,3,85,16,1,1,37,2,0
TCGA-DK-A2HX-01A-12D-A18F-08,3,5,1,4,3,74,10,1,2,29,3,1
TCGA-DK-A2I1-01A-11D-A17V-08,1,13,1,10,14,177,20,1,0,69,5,0
TCGA-DK-A2I2-01A-11D-A17V-08,1,9,1,2,5,76,10,0,1,36,2,0
TCGA-DK-A2I4-01A-11D-A21A-08,8,36,4,35,47,680,84,0,10,352,15,2
TCGA-DK-A2I6-01A-12D-A18F-08,0,9,1,18,15,211,15,1,3,101,1,1
TCGA-DK-A3IK-01A-32D-A21A-08,0,10,1,6,4,172,13,0,3,49,1,0
TCGA-DK-A3IL-01A-11D-A20D-08,1,8,0,6,6,157,6,0,1,38,2,0
TCGA-DK-A3IM-01A-11D-A20D-08,0,3,0,1,5,61,8,0,1,28,1,0
TCGA-DK-A3IN-01A-11D-A20D-08,0,13,0,11,22,303,25,1,5,128,5,0
TCGA-DK-A3IQ-01A-31D-A20D-08,0,11,1,4,9,141,14,0,1,59,4,0
TCGA-DK-A3IS-01A-21D-A21A-08,2,9,2,12,15,259,29,1,3,119,6,1
TCGA-DK-A3IT-01A-31D-A20D-08,3,22,2,19,22,337,41,0,13,89,5,1
TCGA-DK-A3IU-01A-11D-A20D-08,3,14,3,11,15,305,33,1,4,155,4,0
TCGA-DK-A3IV-01A-22D-A21A-08,0,2,0,2,4,64,7,0,2,21,1,0
TCGA-DK-A3WW-01A-22D-A23M-08,5,70,9,44,61,925,103,3,19,366,20,2
TCGA-DK-A3WX-01A-22D-A22Z-08,1,3,1,1,3,29,0,0,0,13,1,0
TCGA-DK-A3WY-01A-11D-A22Z-08,0,0,0,0,0,14,4,0,0,5,0,0
TCGA-DK-A3X1-01A-12D-A22Z-08,5,59,7,44,40,656,85,2,11,290,12,3
TCGA-DK-A3X2-01A-11D-A22Z-08,0,7,0,1,2,102,5,0,3,30,2,0
TCGA-DK-A6AV-01A-12D-A30E-08,0,7,2,3,7,85,9,0,1,47,1,0
TCGA-DK-A6AW-01A-11D-A30E-08,18,270,20,83,138,2993,434,4,87,907,56,2
TCGA-DK-A6B0-01A-11D-A31L-08,0,2,0,1,0,20,1,0,1,5,0,0
TCGA-DK-A6B1-01A-12D-A30E-08,0,13,2,6,7,100,9,0,2,41,4,0
TCGA-DK-A6B2-01A-11D-A30E-08,2,7,0,14,7,143,13,0,3,66,1,0
TCGA-DK-A6B5-01A-11D-A31L-08,0,14,1,5,5,100,9,0,4,41,2,0
TCGA-DK-A6B6-01A-11D-A30E-08,4,67,1,61,64,666,87,1,8,382,7,2
TCGA-DK-AA6L-01A-11D-A391-08,2,25,1,11,16,318,26,0,4,116,6,0
TCGA-DK-AA6M-01A-11D-A391-08,0,2,0,2,1,50,6,0,2,27,0,0
TCGA-DK-AA6P-01A-11D-A391-08,0,10,1,9,10,140,21,1,0,56,2,1
TCGA-DK-AA6Q-01A-11D-A391-08,1,5,0,1,8,94,6,0,2,30,3,0
TCGA-DK-AA6R-01A-11D-A42E-08,0,18,1,4,11,282,23,1,1,89,9,1
TCGA-DK-AA6S-01A-21D-A391-08,4,35,4,24,28,441,48,2,5,183,7,4
TCGA-DK-AA6T-01A-11D-A391-08,1,5,0,2,3,73,5,0,1,25,2,0
TCGA-DK-AA6U-01A-11D-A391-08,0,16,4,11,14,364,31,0,4,120,8,1
TCGA-DK-AA6W-01A-12D-A391-08,2,12,3,9,7,196,22,0,4,77,9,0
TCGA-DK-AA6X-01A-12D-A42E-08,0,5,0,4,2,97,11,0,3,25,1,0
TCGA-DK-AA71-01A-31D-A391-08,2,31,3,23,31,513,48,1,8,217,13,0
TCGA-DK-AA74-01A-11D-A391-08,0,6,0,8,8,182,27,0,4,53,4,0
TCGA-DK-AA75-01A-11D-A391-08,2,25,5,20,20,353,37,0,9,172,4,0
TCGA-DK-AA76-01A-11D-A391-08,1,10,2,5,9,190,19,0,3,67,6,0
TCGA-DK-AA77-01A-11D-A391-08,2,13,2,10,15,277,19,1,3,122,15,0
TCGA-DM-A0X9-01A-11D-A152-10,0,12,2,3,10,144,14,0,3,47,3,0
TCGA-DM-A0XD-01A-12D-A152-10,1,20,0,5,7,127,5,0,2,52,7,1
TCGA-DM-A0XF-01A-11D-A152-10,0,17,0,2,6,99,7,0,3,39,1,0
TCGA-DM-A1D0-01A-11D-A152-10,2,13,0,3,8,83,3,0,1,38,3,0
TCGA-DM-A1D4-01A-21D-A152-10,1,16,2,1,4,145,8,0,3,52,2,1
TCGA-DM-A1D6-01A-21D-A152-10,3,12,1,4,4,80,4,0,1,41,1,1
TCGA-DM-A1D7-01A-11D-A152-10,0,10,0,6,4,108,5,0,3,52,5,0
TCGA-DM-A1D8-01A-11D-A152-10,2,20,0,13,9,128,4,0,3,45,4,0
TCGA-DM-A1D9-01A-11D-A152-10,2,16,4,7,6,97,4,0,3,38,2,1
TCGA-DM-A1DA-01A-11D-A152-10,2,24,0,16,9,222,14,0,12,68,10,0
TCGA-DM-A1DB-01A-11D-A152-10,1,8,2,4,1,51,5,0,1,20,0,0
TCGA-DM-A1HA-01A-11D-A152-10,0,14,1,4,3,114,11,0,2,39,3,0
TCGA-DM-A1HB-01A-21D-A183-10,7,94,14,40,55,790,37,0,16,377,29,6
TCGA-DM-A280-01A-12D-A16V-10,0,12,0,3,6,109,4,0,0,43,1,0
TCGA-DM-A282-01A-12D-A16V-10,0,10,3,4,1,81,3,0,0,35,1,0
TCGA-DM-A285-01A-11D-A16V-10,1,16,0,8,3,141,11,0,1,51,3,0
TCGA-DM-A288-01A-11D-A16V-10,2,13,1,5,2,55,4,0,2,34,2,0
TCGA-DM-A28A-01A-21D-A16V-10,0,11,2,4,2,115,5,0,3,48,1,0
TCGA-DM-A28C-01A-11D-A16V-10,0,9,1,7,4,82,6,0,3,25,1,0
TCGA-DM-A28E-01A-11D-A16V-10,3,6,0,4,2,69,6,0,0,26,2,0
TCGA-DM-A28F-01A-11D-A16V-10,2,16,0,9,13,190,13,0,6,78,6,0
TCGA-DM-A28G-01A-11D-A16V-10,1,7,1,2,5,93,5,0,1,47,3,0
TCGA-DM-A28H-01A-11D-A16V-10,0,8,3,4,6,98,6,0,1,37,2,0
TCGA-DM-A28K-01A-21D-A16V-10,0,10,0,3,0,83,4,0,2,38,3,0
TCGA-DM-A28M-01A-12D-A16V-10,0,4,0,5,0,82,5,0,0,33,4,0
TCGA-DO-A1JZ-01A-11D-A13W-08,0,0,0,0,0,5,0,0,0,0,0,0
TCGA-DO-A1K0-01A-11D-A13W-08,0,0,0,1,1,5,0,0,0,3,0,0
TCGA-DO-A2HM-01B-11D-A22D-08,1,4,0,2,4,51,6,0,1,26,2,0
TCGA-DQ-5624-01A-01D-1870-08,0,5,2,1,3,75,6,0,1,26,1,0
TCGA-DQ-5625-01A-01D-1870-08,0,12,1,2,13,154,6,0,1,47,2,0
TCGA-DQ-5629-01A-01D-1870-08,2,13,1,12,13,236,27,0,4,99,6,0
TCGA-DQ-5630-01A-01D-1870-08,0,2,0,1,1,51,3,0,3,20,3,0
TCGA-DQ-5631-01A-01D-1870-08,1,4,1,2,3,61,8,0,2,32,2,0
TCGA-DQ-7588-01A-11D-2078-08,1,5,0,3,2,72,12,0,2,29,2,0
TCGA-DQ-7591-01A-11D-2078-08,1,3,0,0,3,26,2,0,0,10,2,0
TCGA-DQ-7592-01A-11D-2078-08,0,2,0,4,5,50,7,0,2,27,1,1
TCGA-DQ-7593-01A-11D-2229-08,0,1,0,2,1,17,2,0,1,6,0,1
TCGA-DQ-7596-01A-11D-2229-08,0,2,0,1,0,25,3,0,0,6,1,0
TCGA-DR-A0ZL-01A-11D-A10S-08,0,3,0,2,3,55,3,0,0,20,0,0
TCGA-DR-A0ZM-01A-12D-A10S-08,9,82,6,51,71,999,104,3,18,389,18,3
TCGA-DS-A0VK-01A-21D-A10S-08,1,9,0,2,3,101,8,0,0,54,1,0
TCGA-DS-A0VL-01A-21D-A10S-08,0,2,1,4,1,54,7,0,2,25,0,0
TCGA-DS-A0VM-01A-11D-A10S-08,1,17,1,10,13,219,27,0,8,106,4,1
TCGA-DS-A0VN-01A-21D-A10S-08,1,11,1,6,12,104,8,0,1,46,2,1
TCGA-DS-A1OA-01A-11D-A16Y-08,2,9,0,3,5,44,0,0,6,29,0,0
TCGA-DS-A1OB-01A-11D-A16Y-08,9,32,1,19,25,447,39,1,11,277,5,2
TCGA-DS-A1OC-01A-11D-A14W-08,4,42,0,6,14,222,16,1,5,116,6,1
TCGA-DS-A1OD-01A-11D-A14W-08,4,33,0,5,13,95,1,0,5,68,1,0
TCGA-DS-A3LQ-01A-21D-A21Q-09,1,12,0,0,4,26,2,0,4,12,3,0
TCGA-DS-A5RQ-01A-11D-A28B-09,1,29,1,8,6,72,8,0,6,38,0,0
TCGA-DS-A7WF-01A-11D-A351-09,1,7,0,2,0,33,3,0,0,12,0,0
TCGA-DS-A7WH-01A-22D-A351-09,1,29,1,4,8,78,7,0,2,28,1,0
TCGA-DS-A7WI-01A-12D-A351-09,0,11,0,2,2,20,3,0,2,9,0,0
TCGA-DT-5265-01A-21D-1826-10,0,2,0,7,4,66,9,0,0,28,2,0
TCGA-DU-5847-01A-11D-1705-08,0,3,0,3,0,27,2,0,0,10,4,0
TCGA-DU-5849-01A-11D-1705-08,0,3,1,1,0,25,2,0,0,11,1,1
TCGA-DU-5851-01A-13D-1893-08,0,1,0,0,2,16,3,0,0,9,0,0
TCGA-DU-5852-01A-11D-1705-08,0,3,0,2,2,53,5,0,4,22,1,0
TCGA-DU-5853-01A-11D-1893-08,1,0,0,0,0,15,0,0,0,5,2,0
TCGA-DU-5854-01A-11D-1705-08,0,2,0,0,1,37,1,0,1,11,0,0
TCGA-DU-5855-01A-11D-1705-08,1,2,0,0,1,41,2,0,2,21,0,0
TCGA-DU-5870-01A-11D-1705-08,0,0,0,0,2,11,0,0,0,5,0,0
TCGA-DU-5871-01A-12D-1705-08,0,2,0,1,1,27,0,1,0,6,0,0
TCGA-DU-5872-01A-11D-1705-08,0,1,0,0,0,21,3,0,0,9,0,0
TCGA-DU-5874-01A-11D-1705-08,1,2,1,1,3,29,2,0,1,14,3,1
TCGA-DU-6392-01A-11D-1705-08,36,577,36,202,346,9570,663,8,138,3685,262,6
TCGA-DU-6393-01A-11D-1705-08,0,1,0,0,3,22,1,0,0,9,0,0
TCGA-DU-6394-01A-11D-1705-08,0,0,1,1,0,14,2,0,0,6,2,0
TCGA-DU-6395-01A-12D-1705-08,0,2,0,0,1,20,0,0,0,10,0,0
TCGA-DU-6396-01A-11D-1705-08,0,3,0,2,0,32,2,0,0,13,0,0
TCGA-DU-6397-01A-11D-1705-08,0,1,0,0,1,26,0,0,0,4,1,0
TCGA-DU-6399-01A-12D-1705-08,0,5,1,0,1,39,1,0,2,20,1,0
TCGA-DU-6400-01A-12D-1705-08,0,1,0,0,1,37,1,0,0,12,1,0
TCGA-DU-6401-01A-11D-1705-08,0,0,0,1,0,22,0,0,1,5,0,0
TCGA-DU-6402-01A-11D-1705-08,0,1,0,2,1,38,4,0,1,13,0,0
TCGA-DU-6403-01A-11D-1705-08,1,2,0,1,5,46,2,0,2,13,2,0
TCGA-DU-6404-01A-11D-1705-08,0,0,0,0,0,9,2,0,0,3,0,0
TCGA-DU-6405-01A-11D-1705-08,0,4,0,0,1,36,4,0,0,13,1,0
TCGA-DU-6406-01A-11D-1705-08,0,0,0,0,0,4,1,0,0,0,0,0
TCGA-DU-6407-01A-13D-1705-08,0,1,0,1,0,19,0,0,0,11,0,0
TCGA-DU-6408-01A-11D-1705-08,0,0,0,0,0,23,0,0,1,7,1,0
TCGA-DU-6410-01A-11D-1893-08,0,1,0,1,0,34,3,0,0,12,0,0
TCGA-DU-6542-01A-11D-1893-08,0,1,0,0,1,20,0,0,0,8,1,0
TCGA-DU-7006-01A-11D-2024-08,0,3,0,2,2,49,7,0,3,11,0,0
TCGA-DU-7007-01A-11D-2024-08,0,0,0,0,2,29,3,0,1,13,1,0
TCGA-DU-7008-01A-11D-2024-08,0,1,0,1,1,23,1,0,2,12,0,0
TCGA-DU-7009-01A-11D-2024-08,1,2,1,0,1,17,1,0,1,2,0,0
TCGA-DU-7010-01A-11D-2024-08,0,5,1,2,3,77,1,1,0,23,0,0
TCGA-DU-7011-01A-11D-2024-08,0,0,0,0,1,14,2,0,0,4,0,0
TCGA-DU-7012-01A-11D-2024-08,0,2,0,1,1,43,2,0,3,24,0,0
TCGA-DU-7013-01A-11D-2024-08,0,2,0,0,0,30,3,0,1,12,1,0
TCGA-DU-7015-01A-11D-2024-08,0,0,0,0,0,27,2,0,1,5,1,0
TCGA-DU-7018-01A-11D-2024-08,0,2,0,0,0,27,1,0,1,11,0,1
TCGA-DU-7019-01A-11D-2024-08,0,1,0,1,0,22,0,0,0,11,2,0
TCGA-DU-7290-01A-11D-2024-08,0,1,1,0,0,28,2,0,1,7,1,0
TCGA-DU-7292-01A-11D-2024-08,0,1,0,2,4,30,4,0,0,16,0,1
TCGA-DU-7294-01A-11D-2024-08,0,0,0,0,2,21,1,0,0,16,0,0
TCGA-DU-7298-01A-11D-2024-08,0,3,0,1,0,30,3,0,0,9,1,0
TCGA-DU-7299-01A-21D-2024-08,0,0,0,0,1,18,1,0,2,6,0,0
TCGA-DU-7300-01A-21D-2086-08,0,0,0,1,1,26,0,0,1,12,0,0
TCGA-DU-7301-01A-11D-2086-08,0,2,0,1,0,21,1,0,1,6,0,0
TCGA-DU-7302-01A-11D-2086-08,0,0,0,3,0,21,2,0,1,4,1,0
TCGA-DU-7304-01A-12D-2086-08,0,0,0,1,0,23,2,0,1,8,1,0
TCGA-DU-7306-01A-11D-2086-08,1,5,0,1,0,49,2,0,0,14,2,0
TCGA-DU-7309-01A-11D-2086-08,0,1,0,0,2,35,2,0,0,9,0,0
TCGA-DU-8158-01A-11D-2253-08,0,2,0,1,1,37,1,0,0,6,0,0
TCGA-DU-8161-01A-11D-2253-08,0,5,0,1,1,30,3,0,0,15,1,0
TCGA-DU-8162-01A-21D-2253-08,0,1,0,0,0,20,0,0,0,11,1,0
TCGA-DU-8163-01A-11D-2253-08,0,0,0,0,3,10,3,0,0,8,0,0
TCGA-DU-8164-01A-11D-2253-08,1,0,0,3,2,28,3,0,1,4,0,0
TCGA-DU-8165-01A-11D-2253-08,0,4,0,2,2,58,0,0,3,19,0,0
TCGA-DU-8166-01A-11D-2253-08,0,1,0,1,0,25,0,0,0,8,1,0
TCGA-DU-8167-01A-11D-2253-08,0,7,0,1,1,45,1,0,0,24,1,0
TCGA-DU-8168-01A-11D-2253-08,0,1,0,0,0,39,0,0,1,20,0,0
TCGA-DU-A5TP-01A-11D-A289-08,0,1,0,0,0,22,3,0,1,7,0,0
TCGA-DU-A5TR-01A-11D-A289-08,0,3,0,1,0,39,1,0,0,4,0,0
TCGA-DU-A5TS-01A-11D-A289-08,1,3,0,0,1,24,4,0,0,10,3,0
TCGA-DU-A5TT-01A-11D-A289-08,0,3,0,2,3,41,0,0,0,18,0,0
TCGA-DU-A5TU-01A-11D-A289-08,4,0,1,1,0,33,3,0,1,12,2,0
TCGA-DU-A5TW-01A-11D-A289-08,0,0,0,2,1,37,3,0,2,15,2,0
TCGA-DU-A5TY-01A-11D-A289-08,1,2,0,0,1,45,3,0,2,14,0,0
TCGA-DU-A6S2-01A-21D-A32B-08,0,0,0,1,1,13,0,0,0,4,0,0
TCGA-DU-A6S3-01A-12D-A32B-08,1,1,0,1,2,17,1,0,1,5,0,0
TCGA-DU-A6S6-01A-21D-A32B-08,0,0,0,0,1,9,1,0,0,4,0,0
TCGA-DU-A6S7-01A-21D-A32B-08,0,4,0,0,0,23,2,0,0,7,0,0
TCGA-DU-A6S8-01A-12D-A32B-08,0,3,0,0,1,46,0,0,0,10,1,0
TCGA-DU-A76K-01A-11D-A33T-08,0,5,0,3,0,43,1,0,4,11,0,0
TCGA-DU-A76L-01A-11D-A32B-08,1,1,0,1,2,28,1,0,0,10,1,0
TCGA-DU-A76O-01A-11D-A32B-08,0,1,0,1,1,22,1,0,1,7,0,0
TCGA-DU-A76R-01A-11D-A32B-08,0,1,1,0,0,34,1,0,0,14,1,0
TCGA-DU-A7T6-01A-11D-A33T-08,0,3,0,5,2,97,4,0,2,18,0,0
TCGA-DU-A7T8-01A-21D-A34J-08,0,1,0,2,0,14,1,0,0,3,0,0
TCGA-DU-A7TA-01A-11D-A33T-08,0,2,0,0,3,24,5,0,0,3,0,0
TCGA-DU-A7TB-01A-11D-A33T-08,1,2,0,0,0,24,2,0,2,7,1,0
TCGA-DU-A7TC-01A-21D-A34J-08,0,1,0,1,2,19,1,0,1,7,1,0
TCGA-DU-A7TD-01A-12D-A34A-08,0,1,1,0,1,34,1,0,0,15,0,0
TCGA-DU-A7TG-01A-21D-A34J-08,0,1,0,0,0,8,0,0,0,3,0,0
TCGA-DU-A7TJ-01A-11D-A34J-08,0,6,0,2,2,28,3,0,0,11,2,0
TCGA-DV-5565-01A-01D-1534-10,0,7,0,1,2,43,3,0,0,10,1,0
TCGA-DV-5566-01A-01D-1534-10,0,4,0,1,1,36,3,0,1,19,1,0
TCGA-DV-5567-01A-01D-1534-10,0,1,0,0,0,14,2,0,1,2,1,0
TCGA-DV-5568-01A-01D-1534-10,0,1,0,0,2,14,1,0,1,4,1,0
TCGA-DV-A4VX-01A-11D-A25V-10,0,1,0,0,3,59,5,1,1,22,2,0
TCGA-DV-A4VZ-01A-11D-A25V-10,0,1,0,0,2,10,0,0,0,4,0,0
TCGA-DV-A4W0-01A-11D-A25V-10,0,2,0,2,4,45,3,0,1,19,1,0
TCGA-DW-5560-01A-01D-1589-08,0,5,0,2,2,14,1,0,1,10,0,0
TCGA-DW-5561-01A-01D-1589-08,1,3,0,1,3,27,2,0,1,9,1,0
TCGA-DW-7834-01A-11D-2136-08,0,8,0,0,3,47,2,0,0,17,0,0
TCGA-DW-7836-01A-11D-2136-08,0,1,0,0,1,32,4,0,2,10,0,0
TCGA-DW-7837-01A-11D-2136-08,0,2,0,1,0,18,0,0,0,8,0,0
TCGA-DW-7838-01A-11D-2136-08,0,10,0,0,1,61,1,1,2,26,0,0
TCGA-DW-7839-01A-11D-2136-08,0,4,1,3,2,34,1,0,0,4,0,0
TCGA-DW-7840-01A-11D-2136-08,0,8,0,2,1,61,2,0,0,20,2,0
TCGA-DW-7841-01A-11D-2136-08,0,3,0,3,0,30,3,0,0,10,0,0
TCGA-DW-7842-01A-11D-2136-08,0,3,0,0,0,18,0,0,1,4,2,0
TCGA-DW-7963-01B-11D-A28G-10,0,2,0,1,1,15,1,0,0,9,0,0
TCGA-DX-A1KU-01A-32D-A24N-09,3,9,1,0,5,36,0,0,0,11,1,0
TCGA-DX-A1KW-01A-22D-A24N-09,0,4,2,0,4,31,1,0,1,13,0,0
TCGA-DX-A1KX-01A-22D-A24N-09,0,14,0,2,7,56,6,0,4,24,0,0
TCGA-DX-A1L0-01A-11D-A24N-09,1,17,3,4,6,61,5,0,1,23,3,0
TCGA-DX-A1L2-01A-22D-A24N-09,1,31,2,7,8,100,4,1,4,44,4,0
TCGA-DX-A23V-01A-11D-A29N-09,1,3,0,0,1,11,0,0,2,4,0,0
TCGA-DX-A23Y-01A-11D-A27P-09,0,5,0,0,4,32,1,0,1,14,1,0
TCGA-DX-A240-01A-32D-A27P-09,0,9,0,2,0,12,1,0,1,6,0,0
TCGA-DX-A2IZ-01A-11D-A21Q-09,1,12,1,3,1,31,1,0,0,13,0,0
TCGA-DX-A2J0-01A-11D-A21Q-09,0,8,1,1,2,29,3,0,1,10,0,0
TCGA-DX-A2J1-01A-11D-A21Q-09,0,6,1,1,1,18,3,0,0,8,0,0
TCGA-DX-A2J4-01A-32D-A21Q-09,2,4,0,1,3,15,2,0,1,8,0,0
TCGA-DX-A3LS-01A-11D-A21Q-09,2,6,0,2,0,33,1,0,1,17,2,0
TCGA-DX-A3LU-01A-11D-A21Q-09,0,10,0,0,0,25,0,0,0,10,0,1
TCGA-DX-A3LW-01A-21D-A21Q-09,0,6,0,0,1,21,0,0,0,9,0,0
TCGA-DX-A3LY-01B-11D-A27P-09,6,10,0,1,4,35,3,0,2,14,0,0
TCGA-DX-A3M1-01A-11D-A228-09,0,11,2,2,6,58,2,0,2,12,0,0
TCGA-DX-A3M2-01A-21D-A228-09,0,13,3,3,6,79,3,0,3,34,1,0
TCGA-DX-A3U5-01A-11D-A228-09,0,4,0,2,1,25,0,0,0,6,0,0
TCGA-DX-A3U6-01A-11D-A29N-09,0,1,0,0,0,2,0,0,0,1,0,0
TCGA-DX-A3U7-01A-11D-A29N-09,0,14,0,1,2,26,2,0,1,8,0,0
TCGA-DX-A3U8-01A-11D-A29N-09,1,14,1,3,3,19,2,0,2,12,1,0
TCGA-DX-A3U9-01A-11D-A307-09,1,13,1,1,7,43,3,0,1,24,1,0
TCGA-DX-A3UA-01A-12D-A307-09,1,9,0,3,1,25,1,0,0,5,0,0
TCGA-DX-A3UB-01A-11D-A307-09,0,3,0,1,1,9,0,0,0,4,0,0
TCGA-DX-A3UC-01A-11D-A307-09,3,7,0,0,0,25,0,0,4,9,0,0
TCGA-DX-A3UD-01A-11D-A307-09,1,13,0,3,2,16,2,0,0,8,2,0
TCGA-DX-A3UE-01A-11D-A307-09,1,12,2,2,7,49,2,0,4,19,0,0
TCGA-DX-A3UF-01A-11D-A307-09,1,15,0,0,2,44,1,0,1,11,0,0
TCGA-DX-A48J-01A-21D-A307-09,0,4,0,1,1,13,1,0,2,2,1,0
TCGA-DX-A48K-01A-11D-A307-09,0,2,0,0,1,19,1,0,4,4,0,0
TCGA-DX-A48L-01A-11D-A307-09,2,6,1,2,4,24,1,0,5,16,0,0
TCGA-DX-A48N-01A-11D-A307-09,0,12,1,2,1,25,0,1,1,7,3,0
TCGA-DX-A48O-01A-11D-A307-09,0,16,0,0,2,45,6,1,6,14,0,0
TCGA-DX-A48P-01A-11D-A307-09,0,14,0,2,2,30,1,0,4,18,2,0
TCGA-DX-A48R-01A-11D-A307-09,1,8,2,1,5,35,3,0,1,12,2,0
TCGA-DX-A48U-01A-11D-A307-09,1,10,0,2,2,13,3,0,0,6,1,1
TCGA-DX-A48V-01A-11D-A307-09,1,17,1,2,0,34,1,0,2,8,1,0
TCGA-DX-A6B7-01A-11D-A307-09,0,23,1,0,0,17,1,0,0,10,0,0
TCGA-DX-A6B8-01A-11D-A307-09,2,9,0,1,5,37,2,0,0,17,1,0
TCGA-DX-A6B9-01A-12D-A32I-09,0,1,0,1,0,12,1,0,0,5,0,0
TCGA-DX-A6BA-01A-11D-A307-09,0,13,0,0,1,37,1,0,1,12,1,0
TCGA-DX-A6BB-01A-12D-A32I-09,3,6,0,2,1,32,4,0,0,13,0,0
TCGA-DX-A6BE-01A-41D-A32I-09,0,8,0,1,1,22,1,0,1,4,0,0
TCGA-DX-A6BF-01A-11D-A307-09,2,27,2,1,2,56,3,0,2,18,2,1
TCGA-DX-A6BG-01A-11D-A307-09,0,4,0,1,1,14,0,0,0,5,0,0
TCGA-DX-A6BH-01A-12D-A307-09,0,4,0,3,0,11,1,0,1,2,0,0
TCGA-DX-A6BK-01A-11D-A307-09,0,15,1,4,2,37,5,0,1,16,3,0
TCGA-DX-A6YQ-01A-12D-A33E-09,2,19,1,3,4,59,5,0,1,22,1,0
TCGA-DX-A6YR-01A-33D-A351-09,0,21,2,2,3,57,5,0,3,23,0,0
TCGA-DX-A6YS-01A-12D-A351-09,0,12,2,4,7,59,2,0,4,18,3,0
TCGA-DX-A6YT-01A-21D-A351-09,1,3,1,0,1,35,3,0,0,12,0,1
TCGA-DX-A6YU-01A-12D-A33E-09,0,9,1,1,2,26,2,0,0,12,0,0
TCGA-DX-A6YV-01A-12D-A351-09,0,10,1,4,0,67,2,0,2,19,2,0
TCGA-DX-A6YX-01A-11D-A417-09,0,18,0,1,1,33,1,0,4,17,0,0
TCGA-DX-A6YZ-01A-12D-A351-09,2,16,0,2,2,63,4,0,4,20,0,1
TCGA-DX-A6Z0-01A-13D-A36J-09,0,13,0,2,5,27,1,0,2,18,2,0
TCGA-DX-A6Z2-01A-12D-A36J-09,2,7,2,4,3,50,4,0,1,13,1,0
TCGA-DX-A7EF-01A-11D-A33E-09,0,14,0,2,4,34,2,0,1,15,2,0
TCGA-DX-A7EI-01A-11D-A33E-09,3,8,0,2,1,30,2,0,1,7,0,0
TCGA-DX-A7EL-01A-12D-A36J-09,0,11,1,2,0,34,0,0,2,11,1,0
TCGA-DX-A7EM-01A-11D-A36J-09,0,20,0,1,4,40,1,0,3,15,2,0
TCGA-DX-A7EN-01A-11D-A38Z-09,2,8,0,4,0,19,2,0,1,3,1,0
TCGA-DX-A7EO-01A-11D-A36J-09,0,12,2,1,1,14,0,0,1,5,0,0
TCGA-DX-A7EQ-01A-11D-A387-09,1,7,0,2,1,28,3,0,2,9,1,0
TCGA-DX-A7ER-01A-11D-A36J-09,1,4,0,2,1,23,2,0,2,5,0,0
TCGA-DX-A7ES-01A-31D-A38Z-09,0,5,0,2,4,20,4,0,1,14,0,0
TCGA-DX-A7ET-01A-11D-A36J-09,2,10,0,0,3,25,5,1,1,10,0,1
TCGA-DX-A7EU-01A-22D-A36J-09,4,15,0,0,2,55,1,0,2,18,2,0
TCGA-DX-A8BG-01A-12D-A417-09,2,25,0,3,4,58,5,0,5,23,3,0
TCGA-DX-A8BH-01A-11D-A37C-09,1,12,0,4,5,44,5,0,3,14,2,0
TCGA-DX-A8BJ-01A-11D-A417-09,1,9,1,5,4,50,2,0,1,14,1,0
TCGA-DX-A8BK-01A-11D-A37C-09,0,0,0,1,2,21,0,0,1,8,1,0
TCGA-DX-A8BL-01A-11D-A417-09,2,18,1,3,5,64,4,0,4,28,4,0
TCGA-DX-A8BM-01A-11D-A417-09,1,13,1,2,4,49,3,0,2,18,0,0
TCGA-DX-A8BN-01A-11D-A37C-09,0,11,0,1,0,31,2,0,0,12,0,0
TCGA-DX-A8BO-01A-11D-A417-09,0,9,0,4,1,20,2,0,0,10,1,0
TCGA-DX-A8BP-01A-11D-A37C-09,11,184,10,51,41,506,22,1,26,298,15,2
TCGA-DX-A8BR-01A-11D-A417-09,0,6,0,2,3,30,2,0,1,12,1,0
TCGA-DX-A8BT-01A-11D-A37C-09,1,21,0,7,4,58,6,0,1,29,2,1
TCGA-DX-A8BU-01A-11D-A37C-09,2,19,1,3,5,63,1,0,1,24,1,0
TCGA-DX-A8BV-01A-11D-A37C-09,0,22,1,6,4,47,2,0,3,19,0,0
TCGA-DX-A8BX-01A-11D-A37C-09,1,14,0,2,4,43,2,0,2,32,1,0
TCGA-DX-A8BZ-01A-11D-A37C-09,0,9,0,2,8,28,0,0,1,18,1,0
TCGA-DX-AATS-01A-12D-A417-09,0,17,1,5,3,64,5,0,2,25,3,0
TCGA-DX-AB2E-01A-11D-A38Z-09,17,232,17,50,74,674,39,0,40,416,18,1
TCGA-DX-AB2F-01A-11D-A387-09,0,11,0,3,1,29,0,0,0,8,0,0
TCGA-DX-AB2G-01A-11D-A38Z-09,0,1,0,6,0,25,1,1,0,8,1,0
TCGA-DX-AB2H-01A-11D-A38Z-09,1,7,0,2,5,28,2,0,1,11,0,0
TCGA-DX-AB2J-01A-11D-A387-09,2,8,0,3,1,24,0,0,0,10,1,0
TCGA-DX-AB2L-01A-32D-A417-09,0,4,0,0,0,5,0,0,0,0,0,0
TCGA-DX-AB2O-01A-12D-A38Z-09,2,14,0,4,4,48,2,0,2,20,0,0
TCGA-DX-AB2P-01A-11D-A387-09,0,10,0,0,2,25,5,0,2,13,1,0
TCGA-DX-AB2Q-01A-11D-A38Z-09,5,25,1,1,2,59,4,0,2,21,2,0
TCGA-DX-AB2S-01A-11D-A38Z-09,0,10,0,0,1,12,0,0,0,6,0,0
TCGA-DX-AB2T-01A-11D-A387-09,1,10,0,1,5,43,4,0,2,14,0,0
TCGA-DX-AB2V-01A-11D-A417-09,0,19,0,2,5,66,0,0,6,32,2,0
TCGA-DX-AB2W-01A-11D-A38Z-09,2,18,2,5,9,112,6,0,4,30,3,0
TCGA-DX-AB2X-01A-11D-A387-09,3,12,1,4,1,24,5,0,2,13,1,0
TCGA-DX-AB2Z-01A-11D-A387-09,4,14,0,2,1,54,3,0,3,21,1,1
TCGA-DX-AB30-01A-11D-A38Z-09,0,6,0,0,2,9,0,0,1,5,0,0
TCGA-DX-AB32-01A-11D-A417-09,3,46,2,8,16,226,12,0,14,113,5,0
TCGA-DX-AB35-01A-21D-A417-09,0,9,0,0,3,34,1,0,0,6,1,0
TCGA-DX-AB36-01A-11D-A417-09,1,5,0,0,1,19,4,0,0,8,0,0
TCGA-DX-AB37-01A-11D-A417-09,6,17,0,4,0,39,1,0,3,18,2,0
TCGA-DX-AB3A-01A-11D-A417-09,1,10,0,0,2,24,3,0,1,8,0,0
TCGA-DX-AB3B-01A-11D-A417-09,2,8,0,0,2,24,0,0,1,6,0,0
TCGA-DX-AB3C-01A-11D-A417-09,1,6,0,2,3,12,1,0,1,5,0,0
TCGA-DY-A0XA-01A-11D-A152-10,1,9,0,4,4,116,10,0,2,31,1,0
TCGA-DY-A1DC-01A-31D-A152-10,2,15,0,5,5,119,9,0,0,27,5,0
TCGA-DY-A1DD-01A-21D-A152-10,1,13,0,6,6,105,4,0,1,35,0,0
TCGA-DY-A1DF-01A-11D-A152-10,0,10,0,6,2,108,7,1,1,41,2,0
TCGA-DY-A1DG-01A-11D-A152-10,1,13,3,7,5,136,7,0,2,56,3,0
TCGA-DY-A1H8-01A-21D-A152-10,1,7,1,2,3,75,9,0,4,22,1,0
TCGA-DZ-6131-01A-11D-1961-08,0,2,0,1,0,17,1,0,0,10,1,0
TCGA-DZ-6132-01A-11D-1961-08,1,2,0,3,5,82,5,0,0,17,4,0
TCGA-DZ-6133-01A-11D-1961-08,1,4,1,0,0,64,4,0,0,24,1,0
TCGA-DZ-6134-01A-11D-1961-08,0,2,0,0,3,30,2,0,0,15,0,0
TCGA-DZ-6135-01A-11D-1961-08,0,1,0,0,1,21,0,0,0,12,0,0
TCGA-E1-5302-01A-01D-1468-08,0,3,0,2,0,27,1,0,1,10,0,0
TCGA-E1-5303-01A-01D-1468-08,0,1,0,2,1,23,2,0,0,4,1,0
TCGA-E1-5304-01A-01D-1468-08,0,1,0,0,0,25,2,0,0,7,1,0
TCGA-E1-5305-01A-01D-1893-08,0,1,0,0,0,20,0,0,1,4,1,0
TCGA-E1-5307-01A-01D-1893-08,1,2,0,3,1,55,2,0,1,19,1,0
TCGA-E1-5311-01A-01D-1468-08,1,2,0,0,0,16,0,0,0,3,0,0
TCGA-E1-5318-01A-01D-1468-08,0,3,1,0,2,32,2,0,1,4,0,0
TCGA-E1-5319-01A-01D-1893-08,0,1,0,0,1,26,0,0,1,12,0,0
TCGA-E1-5322-01A-01D-1468-08,0,2,0,1,2,20,0,0,1,6,1,0
TCGA-E1-A7YD-01A-11D-A34A-08,0,1,0,2,1,44,2,0,3,18,1,1
TCGA-E1-A7YE-01A-11D-A34A-08,0,0,0,1,3,56,3,0,3,20,3,0
TCGA-E1-A7YH-01A-11D-A34A-08,0,1,0,0,1,20,2,0,2,7,1,0
TCGA-E1-A7YI-01A-11D-A34A-08,0,0,0,1,0,35,4,0,0,8,2,0
TCGA-E1-A7YJ-01A-11D-A34A-08,0,4,0,0,2,25,3,0,0,21,1,0
TCGA-E1-A7YK-01A-11D-A34A-08,0,3,0,5,4,44,1,0,0,12,2,0
TCGA-E1-A7YL-01A-11D-A34A-08,0,2,0,0,3,44,3,0,0,14,0,0
TCGA-E1-A7YM-01A-11D-A34A-08,0,1,0,0,0,29,1,0,1,18,0,0
TCGA-E1-A7YN-01A-11D-A34A-08,0,3,0,1,0,44,6,0,1,24,0,1
TCGA-E1-A7YO-01A-11D-A34A-08,0,0,0,0,0,24,1,0,0,6,2,0
TCGA-E1-A7YQ-01A-11D-A34J-08,0,5,0,1,0,29,1,0,0,8,1,0
TCGA-E1-A7YS-01A-11D-A34A-08,0,3,1,2,4,39,1,0,2,14,1,0
TCGA-E1-A7YU-01A-11D-A34J-08,1,0,0,0,0,19,0,0,0,7,1,0
TCGA-E1-A7YV-01A-11D-A34J-08,0,3,0,1,2,31,2,0,0,18,0,0
TCGA-E1-A7YW-01A-11D-A34J-08,0,0,0,0,0,16,0,0,0,8,0,0
TCGA-E1-A7YY-01A-11D-A34J-08,0,0,0,0,0,6,0,0,0,2,1,0
TCGA-E1-A7Z2-01A-21D-A34J-08,0,1,0,1,0,27,1,0,0,14,0,0
TCGA-E1-A7Z3-01A-11D-A34J-08,1,1,0,0,1,15,0,0,1,10,0,1
TCGA-E1-A7Z4-01A-11D-A34J-08,0,2,0,0,1,14,2,0,0,5,0,0
TCGA-E1-A7Z6-01A-11D-A34J-08,0,3,0,1,0,15,1,0,0,9,0,0
TCGA-E2-A105-01A-11D-A10M-09,0,2,0,0,6,42,2,0,1,14,0,0
TCGA-E2-A107-01A-11D-A10M-09,0,1,0,0,3,19,0,0,0,13,0,0
TCGA-E2-A108-01A-13D-A10M-09,1,13,0,4,3,109,15,0,3,36,2,0
TCGA-E2-A109-01A-11D-A10M-09,0,3,3,3,1,52,1,0,0,21,0,0
TCGA-E2-A10A-01A-21D-A10Y-09,0,4,1,1,0,13,1,0,0,7,1,0
TCGA-E2-A10B-01A-11D-A10M-09,0,3,0,3,2,40,4,0,1,19,1,0
TCGA-E2-A10C-01A-21D-A10M-09,4,27,3,19,20,283,30,2,6,116,8,1
TCGA-E2-A10F-01A-11D-A10M-09,0,4,0,1,0,17,2,0,0,6,0,0
TCGA-E2-A14N-01A-31D-A135-09,0,7,0,5,6,63,5,0,1,18,4,0
TCGA-E2-A14O-01A-31D-A10Y-09,0,2,0,1,1,26,2,0,0,4,0,0
TCGA-E2-A14P-01A-31D-A12B-09,0,9,0,4,7,54,3,0,4,30,1,0
TCGA-E2-A14Q-01A-11D-A12B-09,1,5,1,0,2,22,0,0,1,7,0,1
TCGA-E2-A14R-01A-11D-A10Y-09,0,9,2,3,6,92,6,0,3,18,4,0
TCGA-E2-A14T-01A-11D-A10Y-09,0,4,0,1,1,29,0,0,0,7,1,0
TCGA-E2-A14V-01A-11D-A12B-09,0,5,1,3,3,96,3,0,0,28,2,0
TCGA-E2-A14W-01A-11D-A12B-09,1,3,0,1,4,67,2,0,3,19,2,0
TCGA-E2-A14X-01A-11D-A10Y-09,0,1,0,0,2,17,2,0,1,14,0,0
TCGA-E2-A14Y-01A-21D-A12B-09,0,3,0,0,1,30,2,0,0,14,0,0
TCGA-E2-A14Z-01A-11D-A10Y-09,0,10,0,4,6,48,3,0,1,22,1,0
TCGA-E2-A150-01A-11D-A12B-09,0,4,0,2,1,59,5,0,2,17,1,0
TCGA-E2-A152-01A-11D-A12B-09,1,4,0,5,10,100,15,0,1,33,2,0
TCGA-E2-A153-01A-12D-A12B-09,0,2,0,0,0,18,1,0,0,5,0,0
TCGA-E2-A154-01A-11D-A10Y-09,0,2,0,1,3,37,2,0,3,10,0,0
TCGA-E2-A155-01A-11D-A12B-09,0,4,0,0,3,46,7,0,3,17,1,0
TCGA-E2-A156-01A-11D-A12B-09,0,1,0,0,1,17,2,0,0,4,0,0
TCGA-E2-A158-01A-11D-A12B-09,0,4,0,6,2,65,2,0,1,14,3,0
TCGA-E2-A159-01A-11D-A10Y-09,1,10,1,7,16,111,9,0,1,41,4,0
TCGA-E2-A15A-01A-11D-A12B-09,0,1,1,0,1,48,3,0,1,6,1,0
TCGA-E2-A15C-01A-31D-A12B-09,1,4,1,0,2,30,0,0,0,11,1,0
TCGA-E2-A15D-01A-11D-A10Y-09,0,2,0,0,0,25,1,0,0,5,1,0
TCGA-E2-A15E-01A-11D-A12B-09,0,0,0,0,1,32,0,0,0,6,1,0
TCGA-E2-A15F-01A-11D-A10Y-09,0,1,0,0,0,20,0,0,0,7,0,0
TCGA-E2-A15G-01A-11D-A12B-09,0,2,0,0,2,39,5,0,0,23,2,0
TCGA-E2-A15H-01A-11D-A12B-09,0,0,0,0,1,23,1,0,0,8,0,0
TCGA-E2-A15I-01A-21D-A135-09,0,1,0,1,3,22,2,0,1,12,1,0
TCGA-E2-A15J-01A-11D-A12Q-09,0,0,0,0,0,14,3,0,0,5,0,0
TCGA-E2-A15K-01A-11D-A12Q-09,0,5,0,2,3,34,1,0,0,8,0,0
TCGA-E2-A15L-01A-11D-A12B-09,0,1,0,3,0,24,2,0,1,3,0,0
TCGA-E2-A15M-01A-11D-A12B-09,0,2,1,5,2,65,1,0,1,28,3,0
TCGA-E2-A15O-01A-11D-A10Y-09,0,2,0,2,0,21,0,0,0,7,2,0
TCGA-E2-A15P-01A-11D-A10Y-09,0,0,0,1,1,18,0,0,1,7,0,0
TCGA-E2-A15R-01A-11D-A10Y-09,1,2,1,0,0,29,2,0,1,11,0,0
TCGA-E2-A15S-01A-11D-A10Y-09,1,4,0,0,2,43,4,0,0,14,0,0
TCGA-E2-A15T-01A-11D-A10Y-09,0,0,0,3,1,20,2,0,0,13,1,0
TCGA-E2-A1AZ-01A-11D-A12Q-09,0,6,1,2,3,41,3,1,2,20,0,0
TCGA-E2-A1B0-01A-11D-A12Q-09,0,3,0,0,3,36,2,0,0,16,0,0
TCGA-E2-A1B1-01A-21D-A12Q-09,1,3,0,0,1,44,3,0,0,13,1,0
TCGA-E2-A1B4-01A-11D-A12Q-09,0,3,0,0,5,26,4,0,1,3,0,0
TCGA-E2-A1B5-01A-21D-A12Q-09,0,2,0,1,1,28,1,0,0,13,0,0
TCGA-E2-A1B6-01A-31D-A12Q-09,0,3,0,4,3,35,2,0,0,8,1,0
TCGA-E2-A1BC-01A-11D-A14G-09,0,3,0,0,1,22,4,0,2,9,0,0
TCGA-E2-A1BD-01A-11D-A12Q-09,0,2,0,0,1,31,3,0,0,6,0,0
TCGA-E2-A1IE-01A-11D-A188-09,1,2,0,1,1,18,0,0,2,5,0,0
TCGA-E2-A1IF-01A-11D-A142-09,0,2,0,0,1,15,1,0,0,5,0,0
TCGA-E2-A1IG-01A-11D-A142-09,0,2,0,1,4,31,2,0,1,15,1,0
TCGA-E2-A1IH-01A-11D-A188-09,0,6,0,3,2,55,4,0,1,12,2,0
TCGA-E2-A1II-01A-11D-A142-09,0,1,0,1,1,23,0,0,0,7,1,0
TCGA-E2-A1IJ-01A-11D-A142-09,0,0,0,0,0,9,1,0,1,7,0,0
TCGA-E2-A1IK-01A-11D-A17G-09,0,0,0,0,1,10,0,0,0,5,1,0
TCGA-E2-A1IL-01A-11D-A14G-09,0,2,0,0,2,17,1,0,0,9,0,0
TCGA-E2-A1IN-01A-11D-A13L-09,0,15,0,7,9,141,11,0,5,58,2,0
TCGA-E2-A1IO-01A-11D-A142-09,0,1,0,1,1,11,0,0,0,1,1,0
TCGA-E2-A1IU-01A-11D-A14G-09,1,1,0,1,0,14,4,0,0,10,0,0
TCGA-E2-A1L6-01A-11D-A13L-09,0,2,0,1,0,14,1,0,1,7,2,0
TCGA-E2-A1L7-01A-11D-A142-09,1,4,0,2,1,54,2,0,1,14,2,0
TCGA-E2-A1L8-01A-11D-A13L-09,1,4,0,0,2,22,0,0,0,8,1,0
TCGA-E2-A1L9-01A-11D-A13L-09,0,1,0,0,1,19,1,0,0,6,0,0
TCGA-E2-A1LA-01A-11D-A142-09,1,3,1,2,2,67,2,0,2,27,0,0
TCGA-E2-A1LB-01A-11D-A142-09,0,4,0,1,1,29,7,0,0,12,1,0
TCGA-E2-A1LG-01A-21D-A14K-09,1,6,3,8,5,125,11,0,3,53,4,0
TCGA-E2-A1LH-01A-11D-A14G-09,0,7,0,6,8,153,6,0,1,44,6,0
TCGA-E2-A1LI-01A-12D-A159-09,0,4,0,2,0,23,0,1,1,5,1,0
TCGA-E2-A1LK-01A-21D-A14G-09,1,0,1,1,4,27,1,0,0,19,0,0
TCGA-E2-A1LL-01A-11D-A142-09,0,2,0,2,3,34,2,1,2,13,2,0
TCGA-E2-A2P6-01A-11D-A19Y-09,1,25,1,6,2,85,10,0,7,47,2,0
TCGA-E2-A56Z-01A-12D-A29N-09,0,6,0,3,2,37,2,0,0,9,1,0
TCGA-E2-A570-01A-11D-A29N-09,0,4,1,2,1,11,4,0,1,5,1,0
TCGA-E2-A572-01A-13D-A31U-09,1,2,0,0,0,18,3,0,1,3,1,0
TCGA-E2-A573-01A-11D-A29N-09,1,14,0,4,0,37,2,0,1,11,2,0
TCGA-E2-A574-01A-11D-A29N-09,3,21,0,6,7,79,4,0,2,33,1,0
TCGA-E2-A576-01A-11D-A31U-09,2,14,1,1,1,37,0,0,1,13,0,0
TCGA-E2-A9RU-01A-11D-A41F-09,0,17,1,3,5,55,2,0,2,20,2,0
TCGA-E3-A3DY-01A-11D-A20C-08,0,0,0,0,0,9,0,0,0,2,0,0
TCGA-E3-A3DZ-01A-11D-A20C-08,0,1,0,2,2,17,0,0,0,2,0,0
TCGA-E3-A3E0-01A-11D-A20C-08,0,1,0,0,1,6,0,0,0,3,0,0
TCGA-E3-A3E1-01A-11D-A20C-08,0,0,0,0,0,11,0,0,0,2,0,0
TCGA-E3-A3E2-01A-11D-A20C-08,0,0,0,0,0,3,0,0,0,0,0,0
TCGA-E3-A3E3-01A-11D-A20C-08,0,1,0,2,0,8,0,0,0,3,1,0
TCGA-E3-A3E5-01A-11D-A20C-08,0,0,1,1,1,7,1,0,0,2,1,0
TCGA-E5-A2PC-01A-11D-A202-08,1,19,2,17,8,177,9,1,7,73,3,2
TCGA-E5-A4TZ-01A-11D-A31L-08,3,20,3,10,17,356,30,1,5,151,11,0
TCGA-E5-A4U1-01A-11D-A31L-08,2,36,4,21,21,468,56,1,15,179,9,0
TCGA-E6-A1LX-01A-11D-A14G-09,297,4024,125,439,766,10883,1329,17,412,3389,240,3
TCGA-E6-A1LZ-01A-11D-A142-09,2,21,0,11,12,193,26,1,3,70,2,0
TCGA-E6-A1M0-01A-11D-A142-09,43,737,15,65,128,1444,235,3,65,374,30,1
TCGA-E6-A2P8-01A-11D-A19Y-09,10,133,2,16,27,383,12,1,15,176,9,0
TCGA-E6-A2P9-01A-11D-A19Y-09,14,184,10,42,41,600,35,0,22,295,12,0
TCGA-E6-A8L9-01A-21D-A37N-09,1,9,0,2,4,44,1,0,2,10,0,0
TCGA-E7-A3X6-01A-12D-A22Z-08,0,6,0,2,1,95,7,0,1,33,0,0
TCGA-E7-A3Y1-01A-11D-A22Z-08,0,11,1,7,3,114,12,0,1,54,6,0
TCGA-E7-A4IJ-01A-31D-A26M-08,1,20,0,14,17,263,21,0,4,121,6,2
TCGA-E7-A4XJ-01A-11D-A26M-08,1,3,1,0,1,30,3,0,1,16,0,0
TCGA-E7-A519-01A-11D-A26M-08,0,5,0,0,1,52,2,0,1,18,2,0
TCGA-E7-A541-01A-11D-A26M-08,1,9,0,13,8,373,30,0,4,130,7,1
TCGA-E7-A5KE-01A-11D-A289-08,0,20,1,18,8,145,11,1,1,77,3,0
TCGA-E7-A5KF-01A-11D-A289-08,0,8,1,9,9,153,14,0,5,70,0,0
TCGA-E7-A677-01A-11D-A30E-08,0,17,0,17,2,186,8,0,3,71,2,0
TCGA-E7-A678-01A-11D-A30E-08,0,1,0,0,2,38,2,0,1,16,4,0
TCGA-E7-A6MD-01A-41D-A34U-08,8,21,5,16,28,343,35,0,4,149,4,0
TCGA-E7-A6ME-01A-22D-A32B-08,1,5,0,2,6,101,5,0,1,45,2,0
TCGA-E7-A6MF-01A-12D-A32B-08,0,5,0,2,2,32,6,0,1,13,1,0
TCGA-E7-A7DU-01A-11D-A32B-08,2,11,0,11,9,216,18,1,3,80,4,1
TCGA-E7-A7DV-01A-11D-A339-08,2,11,0,7,7,254,21,0,4,82,5,0
TCGA-E7-A7PW-01A-11D-A34U-08,1,6,0,3,4,65,4,0,0,37,2,0
TCGA-E7-A7XN-01A-11D-A34U-08,2,47,13,34,42,744,73,0,11,266,16,1
TCGA-E7-A85H-01A-11D-A34U-08,0,22,3,19,10,334,8,0,8,122,11,0
TCGA-E7-A8O7-01A-11D-A364-08,0,1,0,0,1,18,4,0,0,13,0,1
TCGA-E7-A8O8-01A-11D-A364-08,1,6,0,4,6,89,13,0,1,30,2,0
TCGA-E7-A97P-01A-11D-A38G-08,0,14,0,4,7,159,14,1,4,55,2,0
TCGA-E7-A97Q-01A-11D-A38G-08,0,4,0,6,0,49,5,0,0,14,0,0
TCGA-E8-A242-01A-21D-A16O-08,0,0,0,0,2,12,0,0,0,3,0,0
TCGA-E8-A2EA-01A-11D-A17V-08,0,1,1,1,0,10,0,0,0,4,1,0
TCGA-E8-A2JQ-01A-11D-A19J-08,0,1,0,0,0,17,0,0,0,4,0,0
TCGA-E8-A3X7-01A-11D-A22Z-08,0,0,0,0,0,9,0,0,0,1,0,0
TCGA-E8-A413-01A-21D-A23M-08,0,0,0,0,0,3,0,0,1,2,0,0
TCGA-E8-A414-01A-11D-A23M-08,0,0,0,0,0,4,0,0,0,2,2,0
TCGA-E8-A415-01A-11D-A23M-08,0,0,0,1,1,8,1,0,0,1,0,0
TCGA-E8-A416-01A-11D-A23M-08,0,0,1,0,0,0,0,0,0,0,0,0
TCGA-E8-A417-01A-21D-A23M-08,0,0,0,0,0,21,2,0,0,5,1,0
TCGA-E8-A418-01A-11D-A23M-08,0,1,1,1,1,30,0,0,1,6,0,0
TCGA-E8-A419-01A-11D-A23M-08,0,0,0,2,0,6,0,0,0,3,0,0
TCGA-E8-A432-01A-11D-A23M-08,0,0,0,0,1,14,2,0,2,6,0,0
TCGA-E8-A433-01A-11D-A23M-08,0,0,0,0,0,10,0,0,0,1,0,0
TCGA-E8-A434-01A-11D-A23M-08,1,0,0,0,0,2,1,0,0,3,0,0
TCGA-E8-A436-01A-12D-A23U-08,0,0,0,1,1,11,0,0,0,5,0,0
TCGA-E8-A437-01A-12D-A23U-08,0,0,0,0,0,13,0,0,0,7,0,0
TCGA-E8-A438-01A-11D-A23U-08,0,0,0,0,1,5,0,0,0,3,0,0
TCGA-E8-A44K-01A-21D-A23U-08,0,1,0,0,0,7,0,0,1,4,0,0
TCGA-E8-A44M-01A-21D-A23U-08,0,0,0,0,1,2,1,0,1,3,0,0
TCGA-E9-A1N3-01A-12D-A159-09,0,1,0,0,2,19,2,0,2,4,0,1
TCGA-E9-A1N4-01A-11D-A14K-09,1,1,0,2,1,17,3,0,0,9,0,0
TCGA-E9-A1N5-01A-11D-A14G-09,0,2,0,0,2,24,2,0,0,9,0,0
TCGA-E9-A1N8-01A-11D-A142-09,0,1,0,2,1,22,1,0,0,7,2,0
TCGA-E9-A1N9-01A-11D-A14G-09,0,1,0,1,3,40,1,0,3,16,1,0
TCGA-E9-A1NA-01A-11D-A142-09,0,8,0,4,2,74,5,0,1,21,2,0
TCGA-E9-A1NE-01A-21D-A14K-09,0,1,0,1,1,44,1,0,0,11,3,0
TCGA-E9-A1NF-01A-11D-A14G-09,0,5,0,1,1,40,1,0,1,10,2,0
TCGA-E9-A1NG-01A-21D-A14K-09,0,0,0,2,1,13,2,0,0,3,0,0
TCGA-E9-A1NH-01A-11D-A14G-09,2,1,0,1,2,17,3,0,0,11,0,0
TCGA-E9-A1QZ-01A-21D-A167-09,0,0,0,1,0,16,1,0,0,5,0,0
TCGA-E9-A1R0-01A-22D-A16D-09,0,3,0,0,1,19,2,0,1,9,0,0
TCGA-E9-A1R2-01A-11D-A14G-09,0,3,0,1,3,40,7,0,0,11,1,0
TCGA-E9-A1R3-01A-31D-A14K-09,0,0,0,1,1,15,1,0,0,5,2,0
TCGA-E9-A1R4-01A-21D-A14G-09,0,9,0,5,5,90,12,0,0,29,3,0
TCGA-E9-A1R5-01A-11D-A14K-09,0,2,0,0,1,28,5,0,2,11,2,0
TCGA-E9-A1R6-01A-11D-A14G-09,0,1,0,0,2,24,1,0,1,7,0,0
TCGA-E9-A1R7-01A-11D-A14K-09,0,2,0,1,3,38,4,0,0,15,0,0
TCGA-E9-A1RA-01A-11D-A14G-09,0,0,1,0,0,13,0,0,1,10,0,0
TCGA-E9-A1RB-01A-11D-A17G-09,0,0,0,3,1,22,0,0,2,9,1,0
TCGA-E9-A1RC-01A-11D-A159-09,0,2,0,2,3,31,3,0,1,11,1,1
TCGA-E9-A1RD-01A-11D-A159-09,0,0,0,0,1,15,1,0,0,5,1,0
TCGA-E9-A1RE-01A-11D-A159-09,0,4,0,4,2,40,5,0,0,10,1,0
TCGA-E9-A1RF-01A-11D-A159-09,2,7,0,4,4,113,4,0,1,33,2,0
TCGA-E9-A1RG-01A-11D-A14G-09,0,4,0,0,0,25,3,0,0,8,1,0
TCGA-E9-A1RH-01A-21D-A167-09,0,3,0,1,8,66,7,1,0,23,2,0
TCGA-E9-A1RI-01A-11D-A167-09,1,2,1,0,1,12,0,0,0,12,0,0
TCGA-E9-A226-01A-21D-A159-09,0,4,0,1,1,52,1,0,0,18,2,0
TCGA-E9-A227-01A-11D-A159-09,0,0,0,1,2,11,1,0,1,3,0,0
TCGA-E9-A228-01A-31D-A159-09,0,1,0,2,0,35,2,0,0,12,0,0
TCGA-E9-A229-01A-31D-A17G-09,0,4,0,1,0,14,2,0,0,9,0,0
TCGA-E9-A22A-01A-11D-A159-09,0,2,0,1,1,22,2,0,0,7,1,0
TCGA-E9-A22B-01A-11D-A159-09,0,5,0,2,1,48,3,0,1,16,0,0
TCGA-E9-A22D-01A-11D-A159-09,0,1,0,1,3,23,0,0,0,10,2,0
TCGA-E9-A22E-01A-11D-A159-09,0,5,0,2,4,95,7,0,1,27,3,0
TCGA-E9-A22G-01A-11D-A159-09,1,5,1,1,6,64,5,0,0,31,3,0
TCGA-E9-A22H-01A-11D-A159-09,0,0,0,1,1,22,0,0,0,2,0,0
TCGA-E9-A243-01A-21D-A167-09,0,2,0,2,1,57,5,0,1,21,0,0
TCGA-E9-A244-01A-11D-A167-09,0,10,0,6,5,64,4,0,2,28,2,0
TCGA-E9-A245-01A-22D-A16D-09,0,2,0,1,1,10,2,0,0,4,3,0
TCGA-E9-A247-01A-11D-A167-09,0,3,0,0,2,32,2,0,0,8,0,0
TCGA-E9-A248-01A-11D-A167-09,0,0,1,0,1,20,1,0,0,3,2,0
TCGA-E9-A249-01A-11D-A167-09,0,1,0,1,0,13,0,0,1,8,1,0
TCGA-E9-A24A-01A-11D-A167-09,0,0,0,1,0,18,1,0,0,2,0,0
TCGA-E9-A295-01A-11D-A16D-09,0,6,0,2,4,67,7,0,0,21,2,0
TCGA-E9-A2JS-01A-11D-A17W-09,1,7,0,3,4,44,2,0,1,25,2,0
TCGA-E9-A2JT-01A-22D-A18P-09,0,0,0,1,0,16,4,0,0,6,1,0
TCGA-E9-A3HO-01A-11D-A20S-09,0,9,1,5,3,42,0,0,2,9,1,0
TCGA-E9-A3QA-01A-61D-A228-09,0,5,1,2,2,35,1,0,0,14,2,0
TCGA-E9-A3X8-01A-31D-A22X-09,1,4,0,2,1,20,1,0,0,8,0,0
TCGA-E9-A54Y-01A-11D-A25Q-09,0,11,1,1,2,28,3,0,0,12,0,0
TCGA-E9-A5FK-01A-11D-A27P-09,0,8,2,0,1,17,1,0,2,7,1,0
TCGA-E9-A5FL-01A-11D-A27P-09,0,24,0,5,8,63,8,0,2,20,3,0
TCGA-E9-A5UO-01A-11D-A28B-09,1,9,1,0,1,16,3,0,1,6,0,0
TCGA-E9-A6HE-01A-11D-A31U-09,1,0,1,0,1,14,1,0,1,3,0,0
TCGA-EA-A1QS-01A-61D-A22X-09,3,13,2,1,5,51,5,0,2,13,0,0
TCGA-EA-A1QT-01A-11D-A14W-08,0,4,0,2,3,57,2,0,2,18,1,0
TCGA-EA-A3HQ-01A-11D-A20U-09,2,17,3,9,4,67,8,0,2,30,1,0
TCGA-EA-A3HR-01A-11D-A20U-09,3,13,2,5,6,49,8,0,2,32,0,0
TCGA-EA-A3HS-01A-11D-A20U-09,8,135,12,28,39,606,31,0,10,223,12,0
TCGA-EA-A3HT-01A-61D-A21Q-09,2,22,1,7,6,78,7,0,3,36,2,0
TCGA-EA-A3HU-01A-11D-A20U-09,10,245,16,53,65,807,54,1,36,337,12,1
TCGA-EA-A3QD-01A-32D-A22X-09,1,27,1,5,3,73,8,0,6,36,2,0
TCGA-EA-A3QE-01A-21D-A21Q-09,3,12,1,7,5,49,6,0,2,21,0,0
TCGA-EA-A3Y4-01A-51D-A243-09,1,41,3,9,7,99,7,1,6,43,2,1
TCGA-EA-A410-01A-11D-A243-09,16,249,13,38,72,1041,60,0,40,455,14,1
TCGA-EA-A411-01A-11D-A243-09,0,13,0,3,1,41,3,0,3,14,3,0
TCGA-EA-A439-01A-11D-A243-09,1,16,2,2,5,79,6,0,4,40,2,0
TCGA-EA-A43B-01A-81D-A243-09,6,37,5,8,12,167,7,0,4,61,3,0
TCGA-EA-A5FO-01A-21D-A28B-09,0,15,3,7,4,55,4,0,1,31,3,0
TCGA-EA-A5O9-01A-11D-A28B-09,2,13,1,1,4,38,4,0,1,14,0,0
TCGA-EA-A5ZD-01A-11D-A28B-09,1,5,0,0,1,19,2,0,0,6,0,0
TCGA-EA-A5ZE-01A-11D-A28B-09,0,18,0,7,5,35,0,0,2,22,0,0
TCGA-EA-A5ZF-01A-11D-A28B-09,0,12,2,3,3,49,4,1,1,31,2,0
TCGA-EA-A6QX-01A-12D-A33O-09,1,17,1,1,6,43,6,0,4,27,2,0
TCGA-EA-A78R-01A-11D-A32I-09,0,16,1,2,1,43,3,0,1,22,0,0
TCGA-EA-A97N-01A-11D-A387-09,4,34,0,3,8,91,10,0,7,52,0,0
TCGA-EB-A1NK-01A-11D-A196-08,0,10,0,4,6,101,7,0,4,63,1,0
TCGA-EB-A24C-01A-11D-A197-08,0,3,0,0,1,22,0,0,0,9,0,0
TCGA-EB-A24D-01A-11D-A197-08,6,32,2,5,22,432,31,0,8,263,13,1
TCGA-EB-A299-01A-21D-A197-08,0,5,1,2,3,103,13,0,3,74,3,0
TCGA-EB-A3HV-01A-11D-A21A-08,0,4,0,0,4,35,2,0,0,18,0,0
TCGA-EB-A3XB-01A-11D-A23B-08,3,30,1,11,30,382,26,0,13,193,7,0
TCGA-EB-A3XC-01A-11D-A23B-08,5,25,5,15,14,305,13,0,9,171,5,1
TCGA-EB-A3XD-01A-22D-A23B-08,6,12,2,10,11,285,19,1,5,166,2,1
TCGA-EB-A3XE-01A-12D-A23B-08,0,1,0,1,0,18,1,0,0,1,0,0
TCGA-EB-A3XF-01A-31D-A23B-08,0,25,2,12,10,291,24,0,4,163,5,0
TCGA-EB-A3Y6-01A-21D-A23B-08,1,50,2,22,28,453,23,0,5,249,8,0
TCGA-EB-A3Y7-01A-11D-A23B-08,8,59,9,25,44,842,47,1,21,445,14,3
TCGA-EB-A41A-01A-11D-A24R-08,9,146,14,57,78,1379,82,0,47,780,28,0
TCGA-EB-A41B-01A-11D-A24R-08,1,21,1,10,21,293,21,0,8,177,2,0
TCGA-EB-A42Y-01A-12D-A24R-08,0,1,0,0,5,58,2,0,2,10,3,0
TCGA-EB-A42Z-01A-12D-A24R-08,0,7,0,7,6,82,4,0,0,47,4,0
TCGA-EB-A430-01A-11D-A24R-08,3,20,2,9,11,304,22,0,4,150,3,1
TCGA-EB-A431-01A-11D-A25O-08,7,100,11,43,69,1282,67,0,36,769,13,0
TCGA-EB-A44N-01A-11D-A25O-08,0,4,0,3,4,105,11,0,4,74,3,0
TCGA-EB-A44O-01A-11D-A25O-08,1,32,2,19,13,368,29,0,16,208,2,2
TCGA-EB-A44P-01A-11D-A25O-08,2,24,1,6,10,254,10,0,5,161,4,1
TCGA-EB-A44Q-06A-11D-A25O-08,0,2,0,1,1,35,4,0,0,13,1,0
TCGA-EB-A44R-06A-41D-A25O-08,0,1,0,0,2,43,1,0,1,22,1,0
TCGA-EB-A4IQ-01A-12D-A25O-08,0,1,0,0,0,9,0,0,2,10,0,0
TCGA-EB-A4IS-01A-21D-A25O-08,1,32,6,14,18,404,26,0,9,258,5,0
TCGA-EB-A4OY-01A-11D-A25O-08,0,2,0,0,1,47,4,0,0,18,0,0
TCGA-EB-A4OZ-01A-12D-A25O-08,0,0,0,0,2,9,0,0,0,4,1,0
TCGA-EB-A4P0-01A-41D-A25O-08,0,7,0,1,9,144,5,0,1,90,1,0
TCGA-EB-A4XL-01A-11D-A27K-08,2,37,4,16,21,353,23,0,16,188,6,0
TCGA-EB-A51B-01A-11D-A27K-08,4,32,3,15,18,292,19,0,8,165,10,1
TCGA-EB-A550-01A-61D-A27K-08,1,9,1,7,6,111,7,0,3,53,5,0
TCGA-EB-A551-01A-21D-A27K-08,4,15,2,11,9,259,18,0,9,142,4,1
TCGA-EB-A553-01A-12D-A27K-08,2,19,1,14,7,249,17,0,6,114,6,0
TCGA-EB-A57M-01A-51D-A30X-08,0,1,0,2,0,49,0,0,0,5,2,0
TCGA-EB-A5FP-01A-11D-A27K-08,1,28,3,8,15,299,17,0,7,174,5,0
TCGA-EB-A5KH-06A-11D-A27K-08,0,3,0,4,2,32,2,0,0,11,0,0
TCGA-EB-A5SE-01A-11D-A30X-08,2,23,1,4,7,216,7,0,4,130,4,0
TCGA-EB-A5SF-01A-11D-A30X-08,0,1,0,1,1,21,1,0,1,14,2,0
TCGA-EB-A5SG-06A-11D-A30X-08,0,11,2,1,9,208,13,0,5,117,2,1
TCGA-EB-A5SH-06A-11D-A30X-08,0,8,0,3,4,76,7,0,1,22,1,0
TCGA-EB-A5UL-06A-11D-A30X-08,3,28,1,8,13,348,33,0,5,186,7,0
TCGA-EB-A5UM-01A-11D-A30X-08,1,21,1,19,12,435,22,0,8,226,6,1
TCGA-EB-A5UN-06A-11D-A30X-08,0,27,3,20,34,539,45,0,11,307,11,1
TCGA-EB-A5VU-01A-21D-A32N-08,2,2,0,2,0,39,1,0,3,15,0,1
TCGA-EB-A6L9-06A-11D-A32N-08,0,1,0,1,0,11,1,0,1,11,2,0
TCGA-EB-A6QY-01A-12D-A32N-08,2,48,5,24,28,468,13,0,9,257,14,4
TCGA-EB-A6QZ-01A-12D-A32N-08,2,17,3,8,14,208,9,0,7,115,4,0
TCGA-EB-A6R0-01A-12D-A32N-08,4,20,4,12,10,285,17,0,12,158,5,1
TCGA-EB-A82B-01A-11D-A34U-08,1,2,1,1,0,32,2,1,0,23,1,1
TCGA-EB-A82C-01A-11D-A34U-08,0,6,0,1,0,23,4,0,0,14,0,0
TCGA-EB-A85I-01A-11D-A34U-08,1,15,3,5,8,150,10,0,9,102,3,0
TCGA-EB-A85J-01A-12D-A34U-08,1,31,2,5,15,302,31,0,9,166,2,0
TCGA-EB-A97M-01A-11D-A38G-08,0,15,1,7,12,234,11,0,10,139,0,0
TCGA-EC-A1NJ-01A-31D-A14G-09,8,87,1,9,15,190,2,1,4,87,9,2
TCGA-EC-A1QX-01A-31D-A16D-09,10,100,5,28,40,468,26,0,11,223,10,1
TCGA-EC-A24G-01A-11D-A16D-09,21,227,8,48,69,877,59,4,22,408,20,0
TCGA-ED-A459-01A-11D-A25V-10,0,15,1,4,18,182,15,0,3,64,9,1
TCGA-ED-A4XI-01A-11D-A25V-10,2,14,1,6,4,125,6,0,4,31,3,0
TCGA-ED-A5KG-01A-11D-A27I-10,0,1,0,1,1,15,0,0,0,15,0,0
TCGA-ED-A627-01A-12D-A30V-10,0,0,0,0,1,1,0,0,0,2,0,0
TCGA-ED-A66X-01A-11D-A30V-10,1,0,0,2,1,41,2,0,0,16,0,0
TCGA-ED-A66Y-01A-11D-A30V-10,1,12,0,1,4,70,8,0,2,15,5,0
TCGA-ED-A7PX-01A-51D-A34Z-10,1,4,0,4,0,25,2,0,0,7,0,0
TCGA-ED-A7PY-01A-11D-A33Q-10,0,7,2,3,0,25,4,0,0,8,0,0
TCGA-ED-A7PZ-01A-11D-A33Q-10,0,32,6,10,9,214,6,0,2,58,10,0
TCGA-ED-A7XO-01A-11D-A34Z-10,0,3,0,4,1,51,2,0,1,15,1,0
TCGA-ED-A7XP-01A-11D-A34Z-10,0,7,0,0,1,49,4,0,0,17,2,0
TCGA-ED-A82E-01A-11D-A34Z-10,0,3,0,2,3,23,0,0,0,11,1,0
TCGA-ED-A8O5-01A-11D-A35Z-10,2,10,0,7,4,91,10,0,3,37,4,0
TCGA-ED-A8O6-01A-11D-A35Z-10,0,3,1,1,4,50,5,0,3,22,0,0
TCGA-ED-A97K-01A-21D-A382-10,1,7,1,2,2,37,2,0,0,9,1,0
TCGA-EE-A17X-06A-11D-A197-08,8,39,4,20,25,599,49,0,11,326,8,1
TCGA-EE-A17Y-06A-11D-A196-08,0,13,1,3,7,121,9,0,1,74,2,1
TCGA-EE-A17Z-06A-11D-A196-08,0,1,0,0,2,18,1,0,0,4,0,0
TCGA-EE-A180-06A-11D-A21A-08,5,30,3,19,18,395,28,2,10,209,4,2
TCGA-EE-A181-06A-11D-A196-08,7,110,8,51,79,2254,123,1,43,1298,28,2
TCGA-EE-A182-06A-11D-A196-08,12,68,7,34,57,1096,78,2,21,651,11,3
TCGA-EE-A183-06A-11D-A196-08,3,35,4,21,19,583,35,0,12,299,4,1
TCGA-EE-A184-06A-11D-A196-08,2,11,1,6,11,242,20,1,4,106,6,0
TCGA-EE-A185-06A-11D-A196-08,0,17,1,4,6,143,14,0,4,77,1,1
TCGA-EE-A20B-06A-11D-A196-08,1,6,1,6,8,139,4,0,5,67,7,0
TCGA-EE-A20C-06A-11D-A196-08,13,110,10,60,69,1523,101,0,36,922,25,2
TCGA-EE-A20F-06A-21D-A196-08,1,28,4,7,17,346,26,0,6,211,4,1
TCGA-EE-A20H-06A-11D-A197-08,3,24,1,17,20,470,21,0,16,234,6,1
TCGA-EE-A20I-06A-11D-A196-08,0,1,0,1,2,16,0,0,1,8,1,0
TCGA-EE-A29A-06A-12D-A196-08,3,16,2,8,5,190,11,0,2,114,3,0
TCGA-EE-A29B-06A-11D-A197-08,1,23,4,14,19,439,25,0,6,212,5,1
TCGA-EE-A29C-06A-21D-A197-08,2,21,1,17,14,323,15,0,7,165,7,1
TCGA-EE-A29D-06A-11D-A197-08,18,198,30,97,138,2779,187,2,82,1670,38,5
TCGA-EE-A29E-06A-11D-A197-08,14,175,14,87,120,2631,159,1,64,1581,39,4
TCGA-EE-A29G-06A-12D-A196-08,1,11,2,9,11,271,19,0,4,142,4,0
TCGA-EE-A29H-06A-12D-A197-08,0,9,3,12,7,244,8,0,4,129,2,0
TCGA-EE-A29L-06A-12D-A196-08,10,98,13,52,65,1497,81,0,30,893,19,2
TCGA-EE-A29M-06A-11D-A196-08,12,146,8,67,78,1778,85,1,60,984,25,3
TCGA-EE-A29N-06A-12D-A197-08,2,24,2,15,14,463,34,0,13,269,11,0
TCGA-EE-A29P-06A-11D-A197-08,1,10,2,5,8,223,13,0,10,135,3,0
TCGA-EE-A29Q-06A-11D-A197-08,2,15,3,10,6,217,14,0,6,135,1,0
TCGA-EE-A29R-06A-11D-A197-08,4,28,2,16,29,491,33,0,18,301,10,2
TCGA-EE-A29S-06A-11D-A197-08,7,64,3,26,50,779,54,0,23,473,17,2
TCGA-EE-A29T-06A-11D-A197-08,1,17,3,10,16,284,20,0,8,152,2,0
TCGA-EE-A29V-06A-12D-A197-08,5,39,8,19,32,768,42,1,11,465,22,0
TCGA-EE-A29W-06A-11D-A196-08,0,2,0,1,1,57,5,0,1,26,0,0
TCGA-EE-A29X-06A-11D-A196-08,0,6,2,4,3,110,3,0,2,71,4,0
TCGA-EE-A2A0-06A-11D-A196-08,1,22,0,8,13,325,19,0,8,131,6,0
TCGA-EE-A2A1-06A-11D-A197-08,1,25,3,10,11,293,17,0,7,158,4,0
TCGA-EE-A2A2-06A-11D-A196-08,5,97,12,44,46,1114,83,0,34,617,20,2
TCGA-EE-A2A5-06A-11D-A197-08,0,14,2,4,8,246,21,0,5,136,2,0
TCGA-EE-A2A6-06A-11D-A197-08,1,13,3,9,10,218,19,0,4,137,3,0
TCGA-EE-A2GB-06A-11D-A197-08,2,35,2,25,24,510,25,1,9,270,8,0
TCGA-EE-A2GC-06A-11D-A197-08,9,144,18,67,81,1744,109,1,48,985,23,5
TCGA-EE-A2GD-06A-11D-A196-08,4,23,3,12,14,425,26,0,8,227,1,1
TCGA-EE-A2GE-06A-11D-A196-08,0,8,0,2,1,183,10,0,6,114,1,1
TCGA-EE-A2GH-06A-11D-A196-08,0,8,3,6,11,239,18,1,7,127,4,2
TCGA-EE-A2GI-06A-11D-A196-08,9,81,9,62,44,1151,73,0,27,671,13,2
TCGA-EE-A2GJ-06A-11D-A196-08,4,55,7,30,34,849,51,1,20,546,13,0
TCGA-EE-A2GK-06A-11D-A196-08,0,0,0,1,1,1,0,0,0,1,0,0
TCGA-EE-A2GL-06A-11D-A196-08,1,12,2,16,8,261,18,0,8,165,5,1
TCGA-EE-A2GM-06B-11D-A196-08,1,27,1,14,24,517,48,0,19,311,11,1
TCGA-EE-A2GN-06A-11D-A196-08,4,11,1,12,9,334,25,0,5,161,6,1
TCGA-EE-A2GO-06A-11D-A196-08,12,102,14,58,59,1441,97,0,46,926,23,3
TCGA-EE-A2GP-06A-11D-A197-08,3,32,4,19,25,464,30,0,10,271,5,1
TCGA-EE-A2GR-06A-11D-A197-08,2,80,13,29,48,1176,82,4,25,734,21,1
TCGA-EE-A2GS-06A-12D-A197-08,3,13,2,7,17,269,12,0,9,131,5,0
TCGA-EE-A2GT-06A-12D-A197-08,1,8,2,5,8,256,23,0,3,154,2,0
TCGA-EE-A2GU-06A-11D-A196-08,2,34,3,17,17,459,23,0,13,252,7,1
TCGA-EE-A2M5-06A-12D-A197-08,9,92,12,50,67,1510,101,0,33,865,23,3
TCGA-EE-A2M6-06A-12D-A197-08,4,27,4,16,23,414,25,0,5,217,11,0
TCGA-EE-A2M7-06A-11D-A197-08,1,2,1,1,3,44,3,0,1,29,1,0
TCGA-EE-A2M8-06A-12D-A196-08,0,3,0,2,3,86,5,0,3,49,0,0
TCGA-EE-A2MC-06A-12D-A197-08,8,27,3,21,18,568,43,0,11,321,8,2
TCGA-EE-A2MD-06A-11D-A197-08,7,84,4,47,63,1237,83,0,35,747,22,2
TCGA-EE-A2ME-06A-11D-A197-08,1,1,0,1,0,29,0,0,1,9,0,0
TCGA-EE-A2MF-06A-11D-A21A-08,4,43,4,24,25,554,44,0,17,307,9,1
TCGA-EE-A2MG-06A-11D-A197-08,0,8,0,4,5,164,7,0,3,85,1,0
TCGA-EE-A2MH-06A-11D-A197-08,0,6,1,2,8,101,6,0,1,75,1,0
TCGA-EE-A2MI-06A-11D-A197-08,8,47,5,23,38,820,40,0,24,475,7,1
TCGA-EE-A2MJ-06A-11D-A197-08,7,72,10,31,52,1479,106,0,30,841,21,3
TCGA-EE-A2MK-06A-11D-A196-08,0,17,2,7,8,222,12,0,5,129,2,0
TCGA-EE-A2ML-06A-11D-A197-08,1,23,4,11,13,413,38,1,10,237,7,0
TCGA-EE-A2MM-06A-11D-A196-08,1,26,0,12,13,421,24,0,10,246,7,1
TCGA-EE-A2MN-06A-11D-A197-08,1,9,0,4,2,110,7,0,4,67,1,0
TCGA-EE-A2MP-06A-11D-A197-08,0,12,0,9,10,224,15,0,8,109,4,2
TCGA-EE-A2MQ-06A-11D-A197-08,0,22,0,5,7,196,16,0,6,106,7,0
TCGA-EE-A2MR-06A-11D-A196-08,11,145,16,81,101,2668,149,1,53,1798,33,5
TCGA-EE-A2MS-06A-11D-A197-08,20,150,16,81,108,2083,145,1,49,1289,34,6
TCGA-EE-A2MT-06A-11D-A197-08,4,47,10,24,34,692,42,0,17,372,16,1
TCGA-EE-A2MU-06A-21D-A196-08,1,39,1,13,14,496,42,0,7,284,9,4
TCGA-EE-A3AA-06A-11D-A196-08,6,55,3,26,39,1170,53,1,15,665,16,1
TCGA-EE-A3AB-06A-11D-A196-08,1,35,5,10,21,537,18,0,9,254,17,2
TCGA-EE-A3AC-06A-11D-A196-08,4,57,5,30,32,737,53,2,16,433,16,0
TCGA-EE-A3AD-06A-11D-A196-08,4,27,3,9,11,305,25,0,8,199,5,0
TCGA-EE-A3AE-06A-11D-A196-08,4,78,10,49,45,1076,65,0,29,647,9,1
TCGA-EE-A3AF-06A-11D-A196-08,2,55,7,22,36,785,44,0,8,390,11,1
TCGA-EE-A3AG-06A-31D-A196-08,5,80,12,46,66,1223,73,0,28,765,11,3
TCGA-EE-A3AH-06A-11D-A196-08,1,7,2,11,12,295,22,0,5,149,2,2
TCGA-EE-A3J3-06A-11D-A20D-08,0,5,1,4,3,114,13,0,6,80,1,0
TCGA-EE-A3J4-06A-11D-A20D-08,1,18,1,9,11,247,13,0,7,107,4,0
TCGA-EE-A3J5-06A-11D-A20D-08,8,106,14,64,74,1607,106,2,49,872,33,5
TCGA-EE-A3J7-06A-11D-A20D-08,2,49,3,24,31,710,52,0,15,446,16,2
TCGA-EE-A3J8-06A-11D-A20D-08,1,11,3,9,7,199,14,0,7,115,5,0
TCGA-EE-A3JA-06A-11D-A20D-08,11,64,7,25,39,758,36,0,18,463,12,2
TCGA-EE-A3JB-06A-11D-A21A-08,6,30,6,21,22,462,27,1,13,259,11,1
TCGA-EE-A3JD-06A-11D-A20D-08,8,67,7,40,52,1750,121,1,32,994,25,5
TCGA-EE-A3JE-06A-11D-A20D-08,4,11,1,7,13,215,11,0,0,101,6,0
TCGA-EE-A3JH-06A-11D-A21A-08,0,6,0,5,3,133,6,0,2,88,1,1
TCGA-EE-A3JI-06A-11D-A21A-08,4,60,12,34,53,816,65,1,29,450,12,0
TCGA-EF-5830-01A-01D-1657-10,0,7,0,4,1,56,5,0,1,20,1,0
TCGA-EI-6506-01A-11D-1733-10,1,11,1,6,4,105,6,0,0,37,2,0
TCGA-EI-6507-01A-11D-1733-10,9,83,4,24,32,676,30,1,7,294,13,1
TCGA-EI-6508-01A-11D-1733-10,0,7,1,4,5,88,7,0,1,28,1,0
TCGA-EI-6509-01A-11D-1733-10,0,8,0,0,2,45,2,0,3,15,0,0
TCGA-EI-6510-01A-11D-1733-10,0,13,0,5,5,81,7,0,4,34,2,0
TCGA-EI-6511-01A-11D-1733-10,0,3,0,0,3,67,6,0,4,22,1,0
TCGA-EI-6512-01A-11D-1733-10,2,9,0,5,7,97,7,0,5,39,2,0
TCGA-EI-6513-01A-21D-1733-10,1,23,2,2,4,123,5,0,4,29,2,0
TCGA-EI-6514-01A-11D-1733-10,1,6,0,6,4,86,9,0,1,35,4,0
TCGA-EI-6881-01A-11D-1924-10,1,7,1,2,3,89,7,0,0,32,3,0
TCGA-EI-6882-01A-11D-1924-10,9,71,1,29,43,937,47,0,14,424,16,1
TCGA-EI-6883-01A-31D-1924-10,0,7,2,1,2,75,5,0,1,22,2,0
TCGA-EI-6884-01A-11D-1924-10,0,7,0,4,3,82,10,1,3,32,4,0
TCGA-EI-6885-01A-11D-1924-10,1,10,1,1,2,82,6,0,1,31,1,0
TCGA-EI-6917-01A-11D-1924-10,30,507,26,101,194,4274,527,5,92,1408,55,1
TCGA-EI-7002-01A-11D-1924-10,1,14,0,7,7,135,10,0,1,42,3,0
TCGA-EI-7004-01A-11D-1924-10,0,15,0,4,4,74,5,0,2,29,0,1
TCGA-EJ-5494-01A-01D-1576-08,0,2,0,0,1,24,1,1,0,9,0,0
TCGA-EJ-5495-01A-01D-1576-08,0,4,1,4,1,52,4,0,6,18,4,0
TCGA-EJ-5496-01A-01D-1576-08,0,0,0,0,0,28,2,0,0,9,1,1
TCGA-EJ-5497-01A-02D-1576-08,0,2,0,1,1,14,0,0,0,6,0,0
TCGA-EJ-5498-01A-01D-1576-08,0,5,0,1,2,26,1,0,0,12,0,0
TCGA-EJ-5499-01A-01D-1576-08,0,6,0,2,1,28,0,0,1,8,0,0
TCGA-EJ-5501-01A-01D-1576-08,0,1,0,0,1,13,0,0,0,7,0,0
TCGA-EJ-5502-01A-01D-1576-08,0,0,0,0,0,10,1,0,0,2,0,0
TCGA-EJ-5503-01A-01D-1576-08,0,0,0,0,1,7,0,0,0,0,0,0
TCGA-EJ-5504-01A-01D-1576-08,0,0,0,1,4,35,3,0,1,13,0,0
TCGA-EJ-5505-01A-01D-1576-08,0,4,0,1,2,24,1,0,0,6,0,0
TCGA-EJ-5506-01A-01D-1576-08,0,1,0,1,0,7,1,0,0,3,0,0
TCGA-EJ-5507-01A-01D-1576-08,1,1,0,1,1,24,2,0,0,7,1,0
TCGA-EJ-5508-01A-02D-1576-08,0,2,0,1,1,19,0,0,0,9,0,0
TCGA-EJ-5509-01A-01D-1576-08,0,1,0,2,0,18,1,0,0,8,0,0
TCGA-EJ-5510-01A-01D-1576-08,0,0,0,0,0,17,1,0,1,7,0,0
TCGA-EJ-5511-01A-01D-1576-08,0,2,1,1,0,30,1,0,1,13,1,0
TCGA-EJ-5512-01A-01D-1576-08,0,0,0,1,2,10,2,0,1,3,1,0
TCGA-EJ-5514-01A-01D-1576-08,0,2,0,1,1,24,0,0,0,11,1,0
TCGA-EJ-5515-01A-01D-1576-08,0,1,0,0,0,12,1,0,0,2,0,0
TCGA-EJ-5516-01A-01D-1576-08,0,0,0,1,3,18,2,0,0,7,0,0
TCGA-EJ-5517-01A-01D-1576-08,0,3,1,2,2,16,0,0,0,7,0,0
TCGA-EJ-5518-01A-01D-1576-08,0,5,0,1,2,25,3,0,0,11,1,0
TCGA-EJ-5519-01A-01D-1576-08,0,6,0,0,0,57,4,1,1,28,1,1
TCGA-EJ-5521-01A-01D-1576-08,0,4,0,1,1,34,2,0,0,19,0,0
TCGA-EJ-5522-01A-01D-1576-08,3,1,1,0,0,14,0,0,1,12,0,1
TCGA-EJ-5524-01A-01D-1576-08,0,1,0,1,1,35,0,0,0,9,0,0
TCGA-EJ-5525-01A-01D-1576-08,1,6,1,2,2,44,6,0,1,14,1,1
TCGA-EJ-5526-01A-01D-1576-08,0,1,0,1,1,21,0,0,0,7,2,0
TCGA-EJ-5527-01A-01D-1576-08,0,1,0,0,3,19,1,0,0,15,1,0
TCGA-EJ-5530-01A-01D-1576-08,0,3,0,2,1,42,4,0,0,13,0,0
TCGA-EJ-5531-01A-01D-1576-08,0,2,0,0,2,22,3,0,0,6,1,0
TCGA-EJ-5532-01A-01D-1576-08,0,3,0,1,3,15,0,0,0,10,0,0
TCGA-EJ-5542-01A-01D-1576-08,1,1,0,1,5,20,0,0,0,8,1,0
TCGA-EJ-7115-01A-11D-2114-08,0,4,0,2,0,26,6,0,0,11,1,0
TCGA-EJ-7123-01A-11D-1961-08,0,2,0,0,1,33,2,0,0,7,0,0
TCGA-EJ-7125-01A-11D-1961-08,0,0,0,2,1,16,1,0,1,4,0,0
TCGA-EJ-7218-01B-11D-A32B-08,0,0,0,3,1,21,3,0,0,7,0,0
TCGA-EJ-7312-01B-21D-A32B-08,0,1,0,0,2,17,2,0,1,10,0,0
TCGA-EJ-7314-01A-31D-2114-08,0,2,0,1,0,25,3,0,0,11,1,0
TCGA-EJ-7315-01A-31D-2114-08,0,3,0,1,1,17,1,0,1,5,1,1
TCGA-EJ-7317-01A-31D-2114-08,0,1,0,0,0,26,1,0,0,15,1,0
TCGA-EJ-7318-01B-11D-A32B-08,0,0,1,0,1,26,2,0,0,6,2,0
TCGA-EJ-7321-01A-31D-2260-08,0,0,0,0,1,25,2,0,0,11,0,0
TCGA-EJ-7325-01B-11D-A32B-08,0,2,0,0,1,13,2,0,0,9,0,0
TCGA-EJ-7327-01A-11D-2114-08,0,0,0,2,0,17,0,0,0,6,2,0
TCGA-EJ-7328-01A-31D-2114-08,0,1,0,1,1,21,1,0,1,13,0,0
TCGA-EJ-7330-01A-11D-2114-08,0,0,0,0,0,30,2,0,2,12,4,0
TCGA-EJ-7331-01A-11D-2114-08,0,2,0,0,1,18,0,0,0,9,1,0
TCGA-EJ-7781-01A-11D-2114-08,1,1,0,0,0,46,1,0,0,18,0,0
TCGA-EJ-7782-01A-11D-2114-08,1,26,1,6,9,270,11,0,2,132,7,0
TCGA-EJ-7783-01A-11D-2114-08,0,3,0,1,0,29,1,0,0,11,1,0
TCGA-EJ-7784-01A-11D-2114-08,0,1,0,1,1,27,3,0,2,8,1,0
TCGA-EJ-7785-01A-11D-2114-08,0,0,0,0,0,15,1,0,0,6,0,0
TCGA-EJ-7786-01A-11D-2114-08,0,1,0,0,2,26,1,0,0,7,0,0
TCGA-EJ-7788-01A-11D-2114-08,1,3,0,1,2,24,1,0,2,12,0,0
TCGA-EJ-7789-01A-11D-2114-08,0,0,0,1,0,24,0,0,0,9,1,0
TCGA-EJ-7791-01A-11D-2114-08,0,0,0,0,0,15,0,0,0,6,1,0
TCGA-EJ-7792-01A-11D-2114-08,0,1,0,0,0,16,0,0,0,2,1,0
TCGA-EJ-7793-01A-31D-2260-08,0,0,0,0,0,10,0,0,0,2,0,0
TCGA-EJ-7794-01A-11D-2114-08,0,1,0,0,0,10,0,0,0,4,0,0
TCGA-EJ-7797-01A-11D-2260-08,0,2,0,0,0,21,2,0,0,6,0,0
TCGA-EJ-8468-01A-21D-2395-08,0,1,0,1,1,18,1,0,0,8,1,0
TCGA-EJ-8469-01A-11D-2395-08,0,1,0,2,0,22,0,0,0,7,1,0
TCGA-EJ-8470-01A-11D-2395-08,0,1,0,0,0,17,2,0,0,7,0,0
TCGA-EJ-8472-01A-11D-2395-08,1,1,0,0,3,37,3,0,0,10,0,0
TCGA-EJ-8474-01A-11D-2395-08,0,2,1,2,1,34,4,0,0,18,0,0
TCGA-EJ-A46B-01A-31D-A257-08,0,0,0,0,0,1,0,0,0,1,0,0
TCGA-EJ-A46D-01A-21D-A257-08,0,1,0,1,0,9,2,0,0,3,0,0
TCGA-EJ-A46E-01A-31D-A257-08,0,0,0,1,0,3,0,0,0,0,0,0
TCGA-EJ-A46F-01A-31D-A257-08,0,0,0,0,2,23,3,0,1,11,0,0
TCGA-EJ-A46G-01A-31D-A26M-08,0,3,0,1,2,37,3,0,1,18,2,0
TCGA-EJ-A46H-01A-31D-A26M-08,0,0,0,0,0,2,0,0,0,1,0,0
TCGA-EJ-A46I-01A-12D-A26M-08,0,0,0,0,1,7,0,0,0,1,0,0
TCGA-EJ-A65B-01A-12D-A30E-08,0,0,0,2,0,28,3,0,0,3,1,0
TCGA-EJ-A65D-01A-11D-A30E-08,0,3,0,2,2,30,1,0,1,6,0,1
TCGA-EJ-A65E-01A-11D-A29Q-08,0,3,0,1,2,25,1,0,0,13,1,0
TCGA-EJ-A65F-01A-21D-A30X-08,1,2,0,1,4,57,2,0,2,17,1,0
TCGA-EJ-A65G-01A-21D-A29Q-08,0,0,0,0,0,16,2,0,0,3,0,0
TCGA-EJ-A65J-01A-11D-A30X-08,1,2,0,2,0,26,2,0,0,13,0,0
TCGA-EJ-A65M-01A-11D-A29Q-08,0,1,0,1,2,25,3,0,0,10,1,0
TCGA-EJ-A6RA-01A-11D-A33T-08,0,0,0,0,0,10,0,0,0,5,0,0
TCGA-EJ-A6RC-01A-11D-A32B-08,0,0,0,0,0,19,1,1,0,7,0,0
TCGA-EJ-A7NF-01A-11D-A33T-08,0,1,0,0,2,12,1,0,1,8,0,0
TCGA-EJ-A7NG-01A-31D-A33T-08,0,0,0,0,0,2,0,0,0,2,0,0
TCGA-EJ-A7NH-01A-12D-A33T-08,0,0,0,0,1,15,3,0,0,4,1,0
TCGA-EJ-A7NJ-01A-22D-A34U-08,1,0,0,0,0,8,0,0,0,0,0,0
TCGA-EJ-A7NK-01A-12D-A34U-08,0,0,0,1,1,2,0,0,1,0,1,0
TCGA-EJ-A7NM-01A-21D-A33T-08,0,5,0,0,3,38,4,0,2,12,0,1
TCGA-EJ-A7NN-01A-11D-A33T-08,0,2,1,1,2,30,1,0,0,7,1,0
TCGA-EJ-A8FN-01A-11D-A34U-08,0,1,0,1,0,28,2,0,1,10,1,0
TCGA-EJ-A8FO-01A-21D-A364-08,0,1,0,0,1,14,0,0,0,4,0,0
TCGA-EJ-A8FP-01A-21D-A364-08,0,0,0,1,0,8,0,0,0,0,0,0
TCGA-EJ-A8FS-01A-11D-A34U-08,0,2,1,0,0,21,4,0,1,9,0,0
TCGA-EJ-A8FU-01A-11D-A364-08,0,0,0,0,0,8,0,0,0,4,0,0
TCGA-EJ-AB20-01A-12D-A41K-08,0,0,0,0,0,11,0,0,0,4,0,0
TCGA-EJ-AB27-01A-11D-A41K-08,0,2,0,0,1,13,1,0,0,13,0,0
TCGA-EK-A2GZ-01A-11D-A17W-09,2,17,0,4,2,53,3,0,1,27,0,0
TCGA-EK-A2H0-01A-11D-A17W-09,5,38,2,17,10,125,17,0,7,55,0,0
TCGA-EK-A2H1-01A-11D-A17W-09,1,16,0,1,2,23,4,0,1,5,0,0
TCGA-EK-A2IP-01A-11D-A17W-09,0,33,1,7,14,94,5,0,4,53,0,2
TCGA-EK-A2PG-01A-11D-A18J-09,5,123,8,41,39,469,35,0,13,188,6,0
TCGA-EK-A2PI-01A-11D-A18J-09,0,15,2,4,7,64,5,1,1,27,0,0
TCGA-EK-A2PK-01A-11D-A18J-09,1,3,0,2,2,19,0,0,1,11,0,0
TCGA-EK-A2PL-01A-11D-A18J-09,2,45,1,6,17,139,13,0,1,40,0,1
TCGA-EK-A2PM-01A-11D-A18J-09,5,71,5,13,21,226,18,0,9,89,7,0
TCGA-EK-A2R7-01A-11D-A18J-09,4,26,2,3,12,102,10,1,2,30,2,0
TCGA-EK-A2R8-01A-21D-A18J-09,2,78,4,12,24,220,22,0,5,98,3,1
TCGA-EK-A2R9-01A-11D-A18J-09,0,11,1,1,4,34,5,0,5,17,0,0
TCGA-EK-A2RA-01A-11D-A18J-09,4,61,1,12,10,163,15,0,9,76,3,1
TCGA-EK-A2RB-01A-11D-A18J-09,0,19,0,5,2,80,5,0,2,37,2,0
TCGA-EK-A2RC-01A-11D-A18J-09,1,39,4,7,12,134,12,1,7,57,0,0
TCGA-EK-A2RD-01A-12D-A20U-09,2,43,4,11,19,140,10,0,3,63,2,1
TCGA-EK-A2RE-01A-11D-A18J-09,0,4,0,2,0,12,2,0,0,7,1,0
TCGA-EK-A2RJ-01A-11D-A18J-09,7,65,8,20,20,284,28,0,7,110,6,2
TCGA-EK-A2RK-01A-11D-A18J-09,3,67,0,7,15,169,19,1,7,59,0,0
TCGA-EK-A2RL-01A-11D-A18J-09,0,8,1,2,3,18,1,0,0,13,0,0
TCGA-EK-A2RM-01A-21D-A18J-09,2,19,1,7,3,63,7,0,2,23,1,0
TCGA-EK-A2RN-01A-12D-A20U-09,5,28,3,5,10,116,10,1,10,44,3,0
TCGA-EK-A2RO-01A-11D-A18J-09,1,26,0,3,6,96,13,0,7,30,1,0
TCGA-EK-A3GJ-01A-21D-A20U-09,2,60,2,10,14,163,29,0,6,79,2,0
TCGA-EK-A3GK-01A-11D-A20U-09,21,284,15,85,89,950,113,1,38,418,13,2
TCGA-EK-A3GM-01A-11D-A20U-09,2,55,4,11,11,139,12,0,2,57,1,0
TCGA-EK-A3GN-01A-11D-A20U-09,1,15,2,2,2,37,6,0,3,34,0,0
TCGA-EL-A3CL-01A-11D-A19J-08,0,0,0,0,0,4,1,0,0,3,0,0
TCGA-EL-A3CM-01A-11D-A19J-08,0,0,0,1,0,10,0,0,0,3,1,0
TCGA-EL-A3CN-01A-12D-A20C-08,0,1,0,0,0,14,1,0,0,3,1,0
TCGA-EL-A3CO-01A-11D-A19J-08,0,0,1,1,0,4,0,0,0,1,1,0
TCGA-EL-A3CP-01A-11D-A19J-08,0,0,0,1,1,5,0,0,0,4,0,0
TCGA-EL-A3CR-01A-12D-A202-08,1,0,0,1,0,22,2,0,0,8,0,0
TCGA-EL-A3CS-01A-21D-A19J-08,0,0,0,0,3,16,0,0,1,4,0,0
TCGA-EL-A3CT-01A-12D-A202-08,0,3,1,7,1,55,4,0,3,26,1,0
TCGA-EL-A3CU-01A-11D-A19J-08,0,3,0,0,0,13,1,0,0,4,0,0
TCGA-EL-A3CV-01A-11D-A19J-08,0,0,0,1,0,6,0,0,0,1,0,0
TCGA-EL-A3CW-01A-11D-A19J-08,1,0,0,0,0,3,0,0,0,4,0,0
TCGA-EL-A3CX-01A-11D-A19J-08,0,0,0,0,0,7,1,0,0,1,0,0
TCGA-EL-A3CY-01A-11D-A19J-08,0,0,0,0,0,2,0,0,0,2,0,0
TCGA-EL-A3CZ-01A-11D-A19J-08,0,0,0,0,1,4,0,0,0,1,0,0
TCGA-EL-A3D0-01A-12D-A202-08,0,0,0,0,0,13,2,0,1,7,0,0
TCGA-EL-A3D1-01A-11D-A19J-08,0,0,0,0,0,5,0,0,0,1,0,0
TCGA-EL-A3D4-01A-11D-A19J-08,1,0,0,0,1,5,0,0,0,2,0,0
TCGA-EL-A3D5-01A-22D-A202-08,0,0,0,0,1,2,1,0,0,3,2,0
TCGA-EL-A3D6-01A-12D-A202-08,0,3,0,0,0,16,3,0,0,5,2,0
TCGA-EL-A3GO-01A-11D-A202-08,0,0,0,0,0,7,0,0,0,0,0,0
TCGA-EL-A3GP-01A-11D-A202-08,0,2,1,0,0,12,1,0,1,7,0,0
TCGA-EL-A3GQ-01A-11D-A202-08,0,0,0,0,0,11,0,0,0,4,0,0
TCGA-EL-A3GR-01A-21D-A202-08,0,0,0,1,1,7,0,0,1,2,1,0
TCGA-EL-A3GS-01A-11D-A20C-08,0,0,0,1,1,9,0,0,0,2,1,0
TCGA-EL-A3GU-01A-11D-A21A-08,0,1,0,0,2,14,1,0,0,7,0,0
TCGA-EL-A3GV-01A-11D-A21A-08,0,1,0,0,1,16,0,0,0,3,1,0
TCGA-EL-A3GW-01A-11D-A202-08,0,0,0,1,1,6,1,0,0,5,0,0
TCGA-EL-A3GX-01A-11D-A202-08,0,2,0,0,1,8,0,0,0,1,0,0
TCGA-EL-A3GY-01A-21D-A202-08,0,0,0,0,0,10,0,0,0,3,0,0
TCGA-EL-A3GZ-01A-11D-A20C-08,0,1,0,0,0,5,1,0,0,3,0,0
TCGA-EL-A3H1-01A-11D-A21A-08,0,0,0,1,1,16,2,0,1,5,1,0
TCGA-EL-A3H2-01A-11D-A20C-08,0,0,0,0,0,5,0,0,0,5,1,0
TCGA-EL-A3H3-01A-11D-A202-08,0,0,0,0,2,1,0,0,0,2,0,0
TCGA-EL-A3H4-01A-11D-A202-08,0,0,0,1,0,10,0,0,0,2,0,0
TCGA-EL-A3H5-01A-11D-A202-08,0,1,0,1,0,14,1,0,0,10,1,0
TCGA-EL-A3H7-01A-11D-A21A-08,0,0,0,0,1,16,0,0,0,6,0,1
TCGA-EL-A3H8-01A-11D-A20C-08,0,1,0,0,0,6,2,0,0,3,0,0
TCGA-EL-A3MW-01A-11D-A20C-08,0,0,0,0,1,8,0,0,0,1,0,0
TCGA-EL-A3MX-01A-11D-A21A-08,0,1,0,1,0,22,1,0,1,10,0,0
TCGA-EL-A3MY-01A-11D-A21A-08,0,2,0,0,0,15,0,0,0,4,0,0
TCGA-EL-A3MZ-01A-11D-A21A-08,0,1,0,1,1,17,2,0,0,6,0,0
TCGA-EL-A3N2-01A-11D-A20C-08,0,0,0,0,0,9,0,0,1,1,0,0
TCGA-EL-A3N3-01A-11D-A20C-08,0,0,0,0,1,12,0,0,0,3,1,0
TCGA-EL-A3T0-01A-22D-A22D-08,1,0,0,0,0,10,1,0,0,5,1,0
TCGA-EL-A3T1-01A-11D-A22D-08,0,0,0,0,1,11,1,0,0,3,0,0
TCGA-EL-A3T2-01A-11D-A22D-08,0,0,0,0,1,12,0,0,0,6,4,0
TCGA-EL-A3T3-01A-11D-A22D-08,0,0,0,1,0,16,0,0,0,4,1,0
TCGA-EL-A3T6-01A-11D-A21Z-08,0,1,0,0,2,5,0,0,0,1,1,0
TCGA-EL-A3T7-01A-11D-A22D-08,0,0,0,0,0,9,0,0,0,3,0,0
TCGA-EL-A3T8-01A-21D-A22D-08,0,0,0,0,0,9,0,0,0,1,0,0
TCGA-EL-A3T9-01A-21D-A22D-08,0,0,0,0,0,16,0,0,0,12,0,0
TCGA-EL-A3TA-01A-12D-A22D-08,0,0,0,0,0,4,0,0,0,2,0,0
TCGA-EL-A3TB-01A-11D-A22D-08,0,0,0,0,0,14,0,0,0,4,0,0
TCGA-EL-A3ZG-01A-11D-A23M-08,1,3,0,0,0,3,0,0,0,1,0,0
TCGA-EL-A3ZH-01A-31D-A23M-08,0,0,0,0,0,7,1,0,0,2,1,0
TCGA-EL-A3ZK-01A-21D-A23M-08,0,2,0,0,0,10,0,0,0,3,0,0
TCGA-EL-A3ZL-01A-11D-A23M-08,0,0,0,2,0,8,1,0,0,6,0,0
TCGA-EL-A3ZN-01A-11D-A23M-08,0,1,0,2,0,1,0,0,0,2,0,0
TCGA-EL-A3ZO-01A-11D-A23M-08,1,11,2,2,5,57,7,0,0,29,1,0
TCGA-EL-A3ZP-01A-11D-A23M-08,1,0,0,0,0,3,0,0,0,3,0,0
TCGA-EL-A3ZQ-01A-11D-A23M-08,1,1,0,0,0,8,0,0,0,1,1,0
TCGA-EL-A3ZR-01A-11D-A23M-08,0,1,1,2,0,9,1,0,0,7,0,0
TCGA-EL-A3ZS-01A-12D-A23M-08,0,0,0,0,0,5,0,0,0,0,0,0
TCGA-EL-A3ZT-01A-12D-A23M-08,0,0,1,1,0,11,0,0,0,2,0,0
TCGA-EL-A4JV-01A-11D-A257-08,0,1,0,0,1,9,0,0,0,1,0,0
TCGA-EL-A4JW-01A-11D-A257-08,0,0,1,0,0,7,0,0,0,2,0,0
TCGA-EL-A4JX-01A-12D-A257-08,0,0,1,0,0,7,0,0,0,3,0,0
TCGA-EL-A4JZ-01A-11D-A257-08,0,0,0,1,0,5,2,0,0,5,0,0
TCGA-EL-A4K0-01A-11D-A257-08,0,0,0,0,0,9,1,0,0,1,0,0
TCGA-EL-A4K1-01A-11D-A257-08,0,1,1,2,0,6,0,0,0,2,1,0
TCGA-EL-A4K2-01A-11D-A257-08,0,1,0,0,1,8,0,0,1,2,0,0
TCGA-EL-A4K4-01A-11D-A257-08,0,0,0,0,0,9,0,0,0,1,0,0
TCGA-EL-A4K6-01A-12D-A257-08,1,0,0,4,0,17,1,0,0,8,0,0
TCGA-EL-A4K7-01A-11D-A257-08,0,1,0,1,0,36,3,0,0,10,0,0
TCGA-EL-A4K9-01A-11D-A257-08,0,0,0,1,0,12,1,0,0,5,0,0
TCGA-EL-A4KD-01A-11D-A257-08,0,0,0,1,0,10,1,0,0,8,1,0
TCGA-EL-A4KG-01A-11D-A257-08,0,3,0,1,1,26,3,0,0,25,0,0
TCGA-EL-A4KH-01A-11D-A257-08,0,0,0,0,0,4,0,0,0,1,0,0
TCGA-EL-A4KI-01A-11D-A257-08,0,0,1,1,0,15,2,0,0,2,0,0
TCGA-EM-A1CS-01A-11D-A13W-08,0,2,0,0,2,4,1,0,2,0,0,0
TCGA-EM-A1CT-01A-11D-A13W-08,0,1,0,0,1,12,1,0,0,10,0,0
TCGA-EM-A1CU-01A-11D-A13W-08,0,1,0,0,0,11,0,0,0,3,0,0
TCGA-EM-A1CV-01A-11D-A13W-08,0,2,0,0,0,5,0,0,0,4,1,0
TCGA-EM-A1CW-01A-21D-A13W-08,0,0,0,0,0,6,0,0,0,0,1,0
TCGA-EM-A1YA-01A-11D-A14W-08,0,3,0,0,0,8,1,0,0,2,2,0
TCGA-EM-A1YB-01A-11D-A14W-08,0,5,0,12,2,26,2,0,1,13,3,0
TCGA-EM-A1YC-01A-11D-A14W-08,0,1,0,1,0,10,0,0,0,7,0,0
TCGA-EM-A1YD-01A-11D-A14W-08,0,0,0,0,1,4,1,0,0,2,0,0
TCGA-EM-A1YE-01A-11D-A14W-08,0,0,0,0,1,7,1,0,0,3,0,0
TCGA-EM-A22I-01A-11D-A17V-08,0,0,0,0,0,6,0,0,0,3,1,0
TCGA-EM-A22J-01A-11D-A17V-08,0,2,0,0,0,10,2,1,0,4,0,0
TCGA-EM-A22K-01A-11D-A17V-08,0,0,0,2,0,7,1,0,0,2,1,0
TCGA-EM-A22L-01A-11D-A17V-08,0,0,0,0,1,9,0,0,0,0,0,0
TCGA-EM-A22M-01A-11D-A17V-08,0,1,0,1,1,10,0,0,0,3,0,0
TCGA-EM-A22N-01A-11D-A17V-08,0,0,0,0,0,7,0,0,1,3,0,0
TCGA-EM-A22O-01A-11D-A17V-08,0,0,1,1,0,27,0,0,0,6,1,0
TCGA-EM-A22P-01A-11D-A19J-08,0,0,0,1,0,10,1,0,0,5,1,0
TCGA-EM-A22Q-01A-11D-A17V-08,0,0,0,1,0,6,1,0,1,2,0,0
TCGA-EM-A2CJ-01A-11D-A17V-08,0,0,0,1,0,9,0,0,0,1,0,0
TCGA-EM-A2CK-01A-11D-A17V-08,0,1,0,0,0,9,0,0,0,1,0,0
TCGA-EM-A2CL-01A-11D-A17V-08,0,0,0,0,0,4,0,0,0,2,0,0
TCGA-EM-A2CM-01A-11D-A17V-08,0,2,0,0,1,19,1,0,0,7,0,0
TCGA-EM-A2CN-01A-11D-A19J-08,0,1,1,0,0,12,2,0,0,3,1,0
TCGA-EM-A2CO-01A-11D-A19J-08,0,0,0,0,1,11,0,0,0,3,0,0
TCGA-EM-A2CP-01A-11D-A17V-08,0,1,0,0,0,1,0,0,0,1,0,0
TCGA-EM-A2CQ-01A-11D-A17V-08,0,1,0,0,1,5,0,0,0,2,0,0
TCGA-EM-A2CR-01A-11D-A17V-08,0,0,0,1,0,8,0,0,0,2,0,0
TCGA-EM-A2CS-01A-11D-A19J-08,0,2,0,0,0,8,0,0,0,4,0,0
TCGA-EM-A2CT-01A-11D-A17V-08,0,2,0,0,1,3,0,0,0,0,1,0
TCGA-EM-A2CU-01A-12D-A17V-08,0,0,0,0,0,3,2,0,0,3,0,0
TCGA-EM-A2OV-01A-11D-A202-08,0,0,0,0,1,12,0,0,1,1,0,0
TCGA-EM-A2OW-01A-11D-A202-08,0,2,0,0,0,9,0,0,0,6,1,0
TCGA-EM-A2OX-01A-11D-A202-08,0,1,0,0,1,5,0,0,0,4,0,0
TCGA-EM-A2OY-01A-11D-A202-08,0,1,0,2,0,13,0,0,0,1,0,0
TCGA-EM-A2OZ-01A-11D-A202-08,0,0,0,2,1,11,1,0,0,15,0,0
TCGA-EM-A2P0-01A-11D-A202-08,0,1,0,0,0,3,0,0,0,0,0,0
TCGA-EM-A2P1-01A-11D-A202-08,0,2,0,0,0,4,0,0,0,2,0,0
TCGA-EM-A2P2-01A-11D-A202-08,0,0,0,1,0,16,0,0,0,3,0,0
TCGA-EM-A2P3-01A-11D-A202-08,0,0,0,0,1,7,0,0,0,4,0,0
TCGA-EM-A3AI-01A-11D-A202-08,0,1,0,0,0,9,1,0,0,1,2,0
TCGA-EM-A3AJ-01A-11D-A202-08,0,0,0,1,0,3,1,0,0,1,0,0
TCGA-EM-A3AK-01A-11D-A202-08,0,0,0,1,0,8,0,0,0,4,0,0
TCGA-EM-A3AL-01A-11D-A202-08,0,0,0,0,0,10,0,0,0,7,0,0
TCGA-EM-A3AN-01A-11D-A202-08,0,0,0,0,1,6,0,0,0,0,0,0
TCGA-EM-A3AO-01A-11D-A202-08,0,0,0,0,1,5,1,0,0,2,0,0
TCGA-EM-A3AP-01A-12D-A20C-08,0,0,0,1,0,10,0,0,0,2,0,0
TCGA-EM-A3AQ-01A-11D-A20C-08,0,0,0,0,0,9,1,0,0,3,0,0
TCGA-EM-A3AR-01A-12D-A20C-08,0,0,0,0,0,3,0,0,0,2,0,0
TCGA-EM-A3FJ-01A-11D-A21A-08,0,0,0,1,0,1,0,0,0,1,0,0
TCGA-EM-A3FK-01A-11D-A21A-08,0,1,0,1,0,6,0,0,0,4,0,0
TCGA-EM-A3FL-01A-11D-A21A-08,0,1,0,0,0,7,0,0,0,5,0,0
TCGA-EM-A3FM-01A-11D-A21A-08,0,1,0,1,1,12,1,0,0,3,1,0
TCGA-EM-A3FN-01A-11D-A21A-08,0,1,0,3,1,15,1,0,0,1,0,0
TCGA-EM-A3FO-01A-11D-A21A-08,0,1,0,0,0,5,1,0,0,1,0,0
TCGA-EM-A3FP-01A-11D-A21A-08,0,0,0,1,0,11,1,0,0,2,0,0
TCGA-EM-A3FQ-01A-11D-A21A-08,0,0,0,0,1,2,0,0,0,1,0,0
TCGA-EM-A3FR-01A-11D-A21Z-08,0,0,0,2,0,14,1,0,0,1,0,0
TCGA-EM-A3O3-01A-11D-A21Z-08,0,3,0,1,2,24,1,0,0,11,0,0
TCGA-EM-A3O6-01A-11D-A21Z-08,0,0,1,1,0,7,1,0,0,3,1,0
TCGA-EM-A3O7-01A-11D-A21Z-08,0,0,0,1,0,6,1,0,0,4,1,0
TCGA-EM-A3O8-01A-11D-A21Z-08,0,2,1,1,1,3,1,0,0,2,1,0
TCGA-EM-A3O9-01A-11D-A21Z-08,0,0,0,0,0,9,2,0,0,1,0,0
TCGA-EM-A3OA-01A-11D-A21Z-08,0,0,0,2,1,11,1,0,0,7,0,0
TCGA-EM-A3OB-01A-11D-A21Z-08,0,0,0,1,0,6,0,0,0,3,0,0
TCGA-EM-A3ST-01A-11D-A22Z-08,0,2,0,0,0,14,3,0,1,4,1,0
TCGA-EM-A3SU-01A-11D-A22Z-08,0,0,0,0,0,11,0,0,0,3,0,0
TCGA-EM-A3SX-01A-11D-A22Z-08,0,2,0,0,0,22,2,1,1,5,0,0
TCGA-EM-A3SY-01A-11D-A22Z-08,0,0,0,0,1,10,0,0,0,1,0,0
TCGA-EM-A3SZ-01A-11D-A22Z-08,0,1,0,0,0,18,0,0,0,2,1,0
TCGA-EM-A4FF-01A-11D-A257-08,0,0,1,2,1,7,0,0,0,0,1,0
TCGA-EM-A4FH-01A-11D-A257-08,0,0,0,1,0,4,1,0,1,4,0,0
TCGA-EM-A4FK-01A-11D-A257-08,0,0,1,0,0,6,0,0,0,4,0,0
TCGA-EM-A4FM-01A-11D-A257-08,0,0,0,0,1,18,0,0,0,9,1,0
TCGA-EM-A4FN-01A-11D-A257-08,0,0,0,0,1,11,0,0,0,4,0,0
TCGA-EM-A4FO-01A-11D-A257-08,0,0,0,0,0,12,1,0,2,3,0,0
TCGA-EM-A4FQ-01A-11D-A257-08,0,0,0,1,1,7,1,0,0,0,0,0
TCGA-EM-A4FR-01A-11D-A257-08,0,0,0,0,1,5,0,0,0,0,0,0
TCGA-EM-A4FU-01A-11D-A257-08,0,0,0,1,0,4,1,0,0,2,0,0
TCGA-EM-A4FV-01A-11D-A257-08,0,1,0,0,0,18,1,0,0,9,1,0
TCGA-EM-A4G1-01A-11D-A257-08,0,2,0,0,0,2,0,0,0,1,0,0
TCGA-EO-A1Y5-01A-11D-A159-09,0,5,0,1,7,56,8,0,0,27,1,0
TCGA-EO-A1Y7-01A-11D-A159-09,1,16,0,0,0,31,6,0,0,20,1,0
TCGA-EO-A1Y8-01A-11D-A159-09,1,3,0,4,3,43,1,0,0,16,1,0
TCGA-EO-A22R-01A-11D-A18P-09,269,3718,154,573,813,11506,825,13,510,4038,203,9
TCGA-EO-A22S-01A-11D-A18P-09,12,147,12,35,34,386,20,0,20,191,7,1
TCGA-EO-A22T-01A-21D-A18P-09,19,194,8,31,52,703,37,2,29,343,17,0
TCGA-EO-A22U-01A-11D-A17W-09,297,4044,148,578,848,12030,1078,3,458,5282,282,10
TCGA-EO-A22X-01A-11D-A17W-09,239,3371,102,362,663,7995,1182,12,383,2244,150,5
TCGA-EO-A22Y-01A-11D-A17W-09,0,8,1,2,2,40,3,0,2,14,0,0
TCGA-EO-A2CG-01A-12D-A17W-09,1,2,0,0,0,29,1,0,1,14,1,0
TCGA-EO-A2CH-01A-11D-A17W-09,0,10,1,0,0,37,0,0,1,15,0,0
TCGA-EO-A3AS-01A-11D-A19Y-09,2,27,2,9,5,133,5,0,4,45,4,0
TCGA-EO-A3AU-01A-21D-A19Y-09,11,141,6,25,32,432,30,0,10,222,6,0
TCGA-EO-A3AV-01A-12D-A19Y-09,115,1548,46,135,258,3468,503,9,196,943,68,2
TCGA-EO-A3AY-01A-12D-A19Y-09,94,1536,42,141,263,2794,487,3,159,703,68,1
TCGA-EO-A3AZ-01A-12D-A19Y-09,16,170,5,21,34,724,52,1,26,345,18,1
TCGA-EO-A3B0-01A-12D-A19Y-09,269,4011,124,473,722,9334,1263,10,440,2516,183,5
TCGA-EO-A3B1-01A-12D-A19Y-09,1,9,0,2,1,34,2,0,0,10,1,0
TCGA-EO-A3KU-01A-11D-A228-09,2,16,0,2,1,50,2,0,2,9,1,0
TCGA-EO-A3KW-01A-11D-A228-09,1,4,0,3,5,34,4,0,1,11,0,0
TCGA-EO-A3KX-01A-11D-A228-09,60,758,29,144,210,2288,141,3,84,937,95,4
TCGA-EO-A3L0-01A-11D-A228-09,4,17,0,3,6,52,4,0,2,24,0,0
TCGA-EP-A12J-01A-11D-A12Z-10,0,7,0,2,2,39,4,0,2,19,1,0
TCGA-EP-A26S-01A-11D-A16V-10,0,7,3,3,8,78,2,0,4,35,0,0
TCGA-EP-A2KA-01A-11D-A183-10,1,8,1,5,2,85,6,0,4,32,3,0
TCGA-EP-A2KB-01A-11D-A183-10,1,15,0,2,1,63,7,0,1,25,1,1
TCGA-EP-A2KC-01A-11D-A20W-10,2,4,1,2,3,64,4,0,0,29,4,2
TCGA-EP-A3JL-01A-11D-A20W-10,0,9,1,3,2,73,4,0,1,20,3,1
TCGA-EP-A3RK-01A-11D-A22F-10,1,2,0,5,1,49,1,0,1,17,0,1
TCGA-EQ-5647-01A-01D-1600-08,0,6,0,2,2,72,3,0,1,24,0,0
TCGA-EQ-8122-01A-11D-2340-08,1,10,0,7,3,142,12,0,4,48,1,0
TCGA-EQ-A4SO-01A-11D-A25D-08,2,7,2,4,2,125,10,0,3,46,4,0
TCGA-ER-A193-06A-12D-A197-08,11,85,4,42,58,1489,93,2,31,776,28,0
TCGA-ER-A194-01A-11D-A197-08,7,73,8,40,37,1033,61,0,33,559,14,1
TCGA-ER-A195-06A-11D-A196-08,2,11,2,4,10,190,8,0,1,117,2,1
TCGA-ER-A196-01A-11D-A197-08,0,1,0,0,0,14,1,0,1,8,0,0
TCGA-ER-A197-06A-32D-A197-08,0,0,0,1,1,38,0,0,0,10,1,1
TCGA-ER-A198-06A-11D-A196-08,3,20,1,12,15,373,21,0,8,193,4,2
TCGA-ER-A199-06A-11D-A197-08,2,10,0,5,5,225,9,0,8,103,5,0
TCGA-ER-A19A-06A-21D-A197-08,2,2,1,2,6,145,5,0,1,84,0,0
TCGA-ER-A19B-06A-11D-A196-08,0,4,0,1,1,84,2,1,0,34,4,0
TCGA-ER-A19C-06A-11D-A196-08,0,8,0,1,1,60,1,0,3,48,0,0
TCGA-ER-A19D-06A-11D-A197-08,5,24,4,8,17,334,21,0,8,211,10,0
TCGA-ER-A19E-06A-11D-A197-08,2,15,2,16,16,347,27,0,7,181,3,1
TCGA-ER-A19F-06A-11D-A196-08,6,44,9,23,29,724,48,0,22,393,14,1
TCGA-ER-A19G-06A-11D-A196-08,3,23,1,8,16,376,24,0,6,234,6,1
TCGA-ER-A19H-06A-12D-A196-08,2,17,3,10,8,197,12,0,6,113,4,1
TCGA-ER-A19J-06A-11D-A196-08,0,13,0,4,7,156,10,0,7,89,5,0
TCGA-ER-A19K-01A-21D-A197-08,2,18,1,11,6,292,12,0,4,153,3,0
TCGA-ER-A19L-06A-12D-A197-08,0,1,0,1,1,42,2,0,0,25,2,0
TCGA-ER-A19M-06A-61D-A23B-08,2,34,3,11,21,351,26,0,5,220,4,0
TCGA-ER-A19N-06A-11D-A197-08,4,20,1,12,18,364,24,0,9,207,3,0
TCGA-ER-A19O-06A-11D-A197-08,1,10,1,4,4,140,8,0,5,69,2,0
TCGA-ER-A19P-06A-11D-A196-08,3,34,3,20,16,331,29,1,17,181,3,2
TCGA-ER-A19Q-06A-11D-A197-08,0,6,1,1,3,95,7,0,1,49,0,0
TCGA-ER-A19S-06A-11D-A196-08,1,7,0,5,3,158,13,0,2,83,3,0
TCGA-ER-A19T-01A-11D-A19A-08,0,3,0,4,1,38,3,0,0,19,2,0
TCGA-ER-A19W-06A-41D-A23B-08,1,23,2,7,13,245,21,0,5,167,3,1
TCGA-ER-A1A1-06A-11D-A197-08,0,2,0,2,2,54,5,0,0,26,3,0
TCGA-ER-A2NB-01A-12D-A196-08,0,4,1,1,5,54,2,0,0,17,0,1
TCGA-ER-A2NC-06A-11D-A197-08,4,16,6,11,21,293,19,0,8,170,3,1
TCGA-ER-A2ND-06A-11D-A196-08,1,11,1,3,3,85,4,0,1,35,1,0
TCGA-ER-A2NE-06A-21D-A196-08,1,6,1,4,5,105,4,0,3,49,1,0
TCGA-ER-A2NF-01A-11D-A19A-08,0,0,0,0,1,27,1,0,1,11,0,0
TCGA-ER-A2NG-06A-11D-A196-08,1,13,1,7,6,198,10,0,6,102,2,1
TCGA-ER-A2NH-06A-11D-A196-08,0,11,1,4,12,228,17,0,4,134,4,0
TCGA-ER-A3ES-06A-11D-A20D-08,0,0,0,0,2,18,1,0,1,7,0,0
TCGA-ER-A3ET-06A-11D-A20D-08,0,3,1,2,3,75,4,0,2,24,2,0
TCGA-ER-A3EV-06A-11D-A20D-08,0,1,0,5,0,72,2,0,0,18,1,0
TCGA-ER-A3PL-06A-11D-A23B-08,5,20,4,12,16,261,18,0,7,171,5,0
TCGA-ER-A42H-01A-11D-A24R-08,0,9,0,0,1,44,3,0,2,18,0,1
TCGA-ER-A42K-06A-11D-A24R-08,1,10,0,8,5,144,13,0,9,79,4,0
TCGA-ER-A42L-06A-11D-A24R-08,4,47,6,30,33,690,50,0,13,420,6,2
TCGA-ES-A2HS-01A-11D-A183-10,0,5,1,1,3,51,5,0,1,27,4,0
TCGA-ES-A2HT-01A-12D-A183-10,2,9,0,4,2,63,2,0,0,23,1,0
TCGA-ET-A25G-01A-11D-A16O-08,0,3,0,1,1,8,0,0,1,2,1,0
TCGA-ET-A25I-01A-11D-A16O-08,0,0,0,1,1,11,0,0,0,4,0,0
TCGA-ET-A25J-01A-11D-A16O-08,0,0,0,1,0,6,2,0,0,2,0,0
TCGA-ET-A25K-01A-11D-A16O-08,0,1,0,2,0,3,1,0,0,3,0,1
TCGA-ET-A25O-01A-11D-A17V-08,0,0,0,0,0,7,0,0,2,1,0,0
TCGA-ET-A25R-01A-11D-A17V-08,0,0,0,0,1,7,0,0,0,5,0,0
TCGA-ET-A2MX-01A-11D-A23M-08,0,1,0,1,0,8,1,0,0,4,0,0
TCGA-ET-A2MY-01A-11D-A18F-08,0,3,0,2,1,47,3,0,0,14,0,0
TCGA-ET-A2MZ-01A-12D-A19J-08,0,1,0,0,0,3,0,0,0,1,0,0
TCGA-ET-A2N0-01A-11D-A18F-08,0,0,0,0,0,6,1,0,0,4,0,0
TCGA-ET-A2N1-01A-11D-A18F-08,0,0,0,0,0,5,0,0,0,5,0,0
TCGA-ET-A2N3-01B-21D-A23M-08,0,0,0,1,0,4,0,0,0,3,2,0
TCGA-ET-A2N4-01A-12D-A19J-08,0,1,0,0,0,15,0,0,0,5,0,0
TCGA-ET-A2N5-01A-11D-A18F-08,0,0,0,0,0,8,1,0,0,0,0,0
TCGA-ET-A39I-01A-11D-A19J-08,0,1,0,1,1,7,2,0,0,2,0,0
TCGA-ET-A39J-01A-11D-A19J-08,0,1,0,1,0,5,0,0,1,0,1,0
TCGA-ET-A39K-01A-11D-A19J-08,0,0,0,1,0,5,1,0,0,1,0,0
TCGA-ET-A39L-01A-12D-A19J-08,0,0,0,0,0,1,0,0,1,2,0,0
TCGA-ET-A39M-01A-11D-A19J-08,0,1,0,1,0,8,1,0,0,2,0,0
TCGA-ET-A39N-01A-11D-A19J-08,0,0,0,2,1,7,2,0,0,1,0,0
TCGA-ET-A39O-01A-11D-A19J-08,0,0,0,0,0,7,0,0,1,4,0,0
TCGA-ET-A39P-01A-21D-A19J-08,0,1,1,1,0,14,0,0,0,5,1,0
TCGA-ET-A39R-01A-11D-A19J-08,0,0,0,0,0,4,0,0,0,1,0,0
TCGA-ET-A39S-01A-11D-A19J-08,0,0,0,1,0,3,0,0,0,2,0,0
TCGA-ET-A39T-01A-11D-A19J-08,0,1,0,0,1,6,0,0,1,4,0,0
TCGA-ET-A3BN-01A-11D-A19J-08,0,1,0,0,1,6,0,0,0,3,0,0
TCGA-ET-A3BO-01A-11D-A19J-08,0,1,0,0,0,5,1,0,0,1,0,0
TCGA-ET-A3BP-01A-21D-A19J-08,0,0,0,0,0,4,0,0,0,1,0,0
TCGA-ET-A3BQ-01B-11D-A202-08,0,0,0,0,0,11,0,0,0,3,0,0
TCGA-ET-A3BS-01A-11D-A202-08,0,0,0,0,0,5,0,0,0,4,0,0
TCGA-ET-A3BT-01A-11D-A19J-08,0,2,1,1,2,15,1,0,0,4,0,0
TCGA-ET-A3BU-01A-11D-A19J-08,0,0,0,0,0,3,0,0,1,2,0,0
TCGA-ET-A3BV-01A-11D-A19J-08,0,0,0,0,0,19,0,0,0,8,0,0
TCGA-ET-A3BW-01A-11D-A19J-08,0,0,0,0,4,5,0,0,0,3,0,0
TCGA-ET-A3BX-01A-11D-A19J-08,0,2,0,0,0,7,0,0,1,0,1,0
TCGA-ET-A3DO-01A-11D-A19J-08,0,0,0,1,0,12,2,0,0,2,0,0
TCGA-ET-A3DP-01A-11D-A21A-08,0,0,0,1,0,10,2,0,0,6,0,0
TCGA-ET-A3DQ-01A-11D-A19J-08,0,0,0,0,0,3,0,0,0,3,0,0
TCGA-ET-A3DR-01A-11D-A19J-08,0,0,0,0,1,11,0,0,1,4,1,0
TCGA-ET-A3DS-01A-11D-A19J-08,0,0,0,0,0,5,0,0,0,5,0,0
TCGA-ET-A3DT-01A-11D-A19J-08,0,0,0,0,0,2,0,0,0,2,0,0
TCGA-ET-A3DU-01A-11D-A19J-08,0,0,0,2,0,11,2,0,0,5,0,0
TCGA-ET-A3DV-01A-12D-A202-08,0,0,0,1,0,7,1,0,0,1,0,0
TCGA-ET-A3DW-01A-11D-A19J-08,0,0,1,2,0,15,0,0,0,4,0,0
TCGA-ET-A40P-01A-11D-A23M-08,0,1,0,1,0,8,1,0,0,0,0,0
TCGA-ET-A40Q-01A-11D-A23M-08,0,3,0,0,0,10,0,0,0,2,1,0
TCGA-ET-A40S-01A-11D-A23M-08,0,1,0,0,1,7,0,0,1,3,0,0
TCGA-ET-A40T-01A-11D-A23M-08,2,0,0,4,0,8,0,0,2,7,0,0
TCGA-ET-A4KN-01A-11D-A257-08,0,1,0,0,0,8,1,0,0,2,0,0
TCGA-ET-A4KQ-01A-12D-A257-08,0,0,0,1,0,9,0,0,0,1,0,0
TCGA-EU-5904-01A-11D-1669-08,0,0,0,2,1,29,3,0,3,14,0,0
TCGA-EU-5905-01A-11D-1669-08,0,4,0,1,3,42,2,1,1,12,0,0
TCGA-EU-5906-01A-11D-1669-08,0,2,0,2,2,48,4,0,0,17,0,0
TCGA-EU-5907-01A-11D-1669-08,0,0,0,2,0,31,4,0,1,12,2,0
TCGA-EV-5901-01A-11D-1589-08,0,2,0,0,3,29,1,0,1,8,3,0
TCGA-EV-5902-01A-11D-1589-08,1,4,0,3,2,54,2,0,0,16,1,0
TCGA-EV-5903-01A-11D-1589-08,0,6,0,2,1,78,4,1,1,22,2,0
TCGA-EW-A1IW-01A-11D-A13L-09,1,6,0,3,10,61,8,0,1,32,5,0
TCGA-EW-A1IX-01A-12D-A142-09,2,5,1,0,1,25,4,0,0,3,1,0
TCGA-EW-A1IY-01A-11D-A188-09,0,2,0,0,2,19,4,0,1,10,0,0
TCGA-EW-A1IZ-01A-11D-A188-09,1,11,0,5,14,245,20,0,6,120,13,0
TCGA-EW-A1J1-01A-11D-A188-09,0,1,0,0,0,11,1,0,0,9,1,0
TCGA-EW-A1J3-01A-11D-A13L-09,0,2,0,0,1,19,0,0,0,6,2,0
TCGA-EW-A1J5-01A-11D-A13L-09,2,20,0,14,19,324,26,2,3,126,4,0
TCGA-EW-A1J6-01A-11D-A188-09,0,2,0,1,1,24,2,0,1,13,0,0
TCGA-EW-A1OV-01A-11D-A142-09,0,8,0,1,4,78,14,0,2,31,2,0
TCGA-EW-A1OX-01A-11D-A142-09,0,0,0,3,0,8,1,0,1,8,0,0
TCGA-EW-A1OZ-01A-11D-A142-09,0,6,0,0,3,48,3,0,2,14,0,0
TCGA-EW-A1P0-01A-11D-A142-09,0,1,0,0,1,18,0,0,1,7,0,0
TCGA-EW-A1P1-01A-31D-A14G-09,0,0,0,0,0,2,0,0,0,1,0,0
TCGA-EW-A1P3-01A-11D-A142-09,0,2,0,0,3,16,3,0,0,4,0,0
TCGA-EW-A1P4-01A-21D-A142-09,0,4,0,2,3,47,2,0,0,16,3,0
TCGA-EW-A1P5-01A-11D-A142-09,0,1,0,0,0,11,2,0,1,5,0,0
TCGA-EW-A1P6-01A-11D-A142-09,0,2,0,2,1,17,0,0,0,4,0,0
TCGA-EW-A1P7-01A-21D-A142-09,1,1,0,0,0,11,1,0,1,4,0,0
TCGA-EW-A1P8-01A-11D-A142-09,0,0,0,1,0,19,5,0,1,12,1,0
TCGA-EW-A1PA-01A-11D-A142-09,0,2,0,0,1,24,2,0,2,10,0,0
TCGA-EW-A1PB-01A-11D-A142-09,0,12,1,5,4,107,11,0,3,37,2,0
TCGA-EW-A1PD-01A-11D-A142-09,1,5,0,2,4,54,5,0,1,19,2,0
TCGA-EW-A1PE-01A-11D-A142-09,0,2,0,1,1,21,4,0,1,8,0,0
TCGA-EW-A1PG-01A-11D-A142-09,1,0,0,0,0,5,2,0,0,3,0,0
TCGA-EW-A1PH-01A-11D-A14K-09,0,5,0,2,3,37,4,0,1,10,0,0
TCGA-EW-A2FR-01A-11D-A21Q-09,0,6,1,1,2,35,0,0,0,9,0,0
TCGA-EW-A2FS-01A-11D-A17D-09,0,1,0,0,1,20,3,0,0,20,0,0
TCGA-EW-A2FV-01A-11D-A17D-09,0,3,1,0,0,18,0,0,5,5,0,0
TCGA-EW-A2FW-01A-11D-A17D-09,0,0,0,0,2,17,3,0,0,4,0,0
TCGA-EW-A423-01A-11D-A243-09,5,14,0,6,7,35,2,0,0,19,0,0
TCGA-EW-A6S9-01A-22D-A33E-09,0,5,1,1,3,13,0,0,1,7,0,0
TCGA-EW-A6SA-01A-21D-A32I-09,2,23,0,3,3,59,3,0,6,22,2,0
TCGA-EW-A6SB-01A-12D-A32I-09,0,8,0,1,8,50,5,1,0,8,0,0
TCGA-EW-A6SC-01A-12D-A32I-09,1,5,1,0,1,16,3,0,3,8,1,0
TCGA-EW-A6SD-01A-12D-A33E-09,1,14,0,4,0,31,3,0,0,14,1,0
TCGA-EX-A1H5-01A-31D-A13W-08,0,3,0,1,0,33,3,0,2,15,0,0
TCGA-EX-A1H6-01B-11D-A22X-09,1,21,2,8,10,76,6,0,3,32,2,0
TCGA-EX-A3L1-01A-11D-A21Q-09,0,9,0,1,3,32,4,0,0,12,0,0
TCGA-EX-A449-01A-11D-A243-09,0,7,0,4,0,23,1,0,3,14,0,0
TCGA-EX-A69L-01A-11D-A32I-09,2,15,0,2,5,43,0,0,0,23,4,0
TCGA-EX-A69M-01A-11D-A32I-09,1,11,1,2,4,36,3,0,1,16,0,0
TCGA-EX-A8YF-01A-11D-A37N-09,1,6,0,2,3,29,6,0,4,16,0,0
TCGA-EY-A1G7-01A-11D-A13L-09,1,13,0,4,7,61,5,0,6,23,2,0
TCGA-EY-A1G8-01A-11D-A13L-09,67,939,19,94,160,2058,359,7,99,598,43,1
TCGA-EY-A1GC-01A-11D-A13L-09,1,11,0,3,1,26,4,0,0,17,1,0
TCGA-EY-A1GD-01A-11D-A13L-09,29,363,15,39,75,923,123,0,43,262,12,2
TCGA-EY-A1GE-01A-11D-A13L-09,1,6,0,2,1,30,3,0,0,13,2,0
TCGA-EY-A1GF-01A-11D-A13L-09,4,74,3,14,21,214,18,0,5,130,8,0
TCGA-EY-A1GH-01A-11D-A13L-09,3,12,4,1,2,39,6,1,1,16,0,0
TCGA-EY-A1GI-01A-11D-A13L-09,119,1603,51,172,272,3729,614,7,162,1011,60,3
TCGA-EY-A1GJ-01A-12D-A142-09,0,9,0,2,1,38,3,0,1,10,0,0
TCGA-EY-A1GK-01A-11D-A13L-09,13,150,10,36,32,530,26,1,24,262,18,1
TCGA-EY-A1GL-01A-11D-A13L-09,1,7,0,1,2,35,3,1,4,16,0,0
TCGA-EY-A1GM-01A-12D-A14G-09,1,7,2,1,4,28,0,0,0,12,0,0
TCGA-EY-A1GO-01A-11D-A14G-09,10,48,2,13,12,219,12,0,7,114,4,0
TCGA-EY-A1GP-01A-11D-A13L-09,1,9,1,0,3,20,3,1,1,9,0,0
TCGA-EY-A1GQ-01A-21D-A13L-09,2,101,2,21,18,318,12,1,11,162,9,0
TCGA-EY-A1GR-01A-11D-A13L-09,3,16,1,2,2,32,3,0,1,16,0,1
TCGA-EY-A1GS-01A-11D-A13L-09,4,21,0,9,18,302,34,1,6,93,6,0
TCGA-EY-A1GT-01A-11D-A13L-09,0,12,1,2,6,58,4,0,3,19,1,0
TCGA-EY-A1GU-01A-11D-A13L-09,22,318,16,65,76,943,66,0,34,427,28,0
TCGA-EY-A1GV-01A-11D-A13L-09,2,2,2,0,0,28,1,0,1,9,0,1
TCGA-EY-A1GW-01A-22D-A13L-09,1,11,0,2,2,42,2,0,1,7,0,1
TCGA-EY-A1GX-01A-12D-A13L-09,1,13,2,5,6,62,3,0,4,25,1,0
TCGA-EY-A1H0-01A-11D-A13L-09,13,68,6,16,22,200,17,0,5,93,2,1
TCGA-EY-A210-01A-11D-A159-09,0,5,0,1,2,22,2,0,1,19,3,0
TCGA-EY-A212-01A-11D-A14K-09,0,3,0,2,3,54,5,0,1,13,1,0
TCGA-EY-A214-01A-12D-A159-09,1,10,1,4,4,41,4,0,3,15,1,0
TCGA-EY-A215-01A-11D-A14K-09,77,1199,53,177,292,3895,257,2,128,1545,117,4
TCGA-EY-A2OM-01A-11D-A18P-09,9,139,6,31,23,395,21,0,15,173,10,0
TCGA-EY-A2ON-01A-21D-A18P-09,2,12,1,1,2,64,2,0,2,19,0,0
TCGA-EY-A2OO-01A-11D-A19Y-09,1,6,0,2,5,48,8,0,2,11,0,0
TCGA-EY-A2OP-01A-11D-A19Y-09,2,86,8,20,33,304,19,0,12,138,7,0
TCGA-EY-A2OQ-01A-11D-A19Y-09,1,8,0,1,1,39,3,0,1,15,0,0
TCGA-EY-A3L3-01A-11D-A228-09,0,15,2,2,3,44,1,0,2,13,1,0
TCGA-EY-A3QX-01A-11D-A228-09,1,8,0,3,1,41,6,0,2,18,1,0
TCGA-EY-A4KR-01A-11D-A27P-09,1,20,1,4,1,60,3,0,5,30,1,0
TCGA-EY-A547-01A-11D-A27P-09,3,31,2,11,10,111,4,0,1,61,2,0
TCGA-EY-A548-01A-11D-A27P-09,10,95,5,17,23,382,23,0,12,158,8,0
TCGA-EY-A549-01A-11D-A27P-09,18,176,11,29,57,1068,56,0,19,474,8,0
TCGA-EY-A54A-01A-11D-A27P-09,1,18,0,4,6,81,2,0,6,28,3,0
TCGA-EY-A5W2-01A-11D-A31U-09,16,160,12,32,35,500,34,2,17,227,12,1
TCGA-EY-A72D-01A-12D-A34Q-09,0,8,0,0,1,41,3,0,2,14,0,0
TCGA-EZ-7264-01A-11D-2024-08,0,1,0,0,0,26,0,0,2,7,1,0
TCGA-F1-6177-01A-11D-1800-08,1,53,3,31,36,818,45,1,13,385,9,0
TCGA-F1-6874-01A-11D-1882-08,2,36,3,15,31,570,36,2,17,267,12,0
TCGA-F1-6875-01A-11D-2053-08,0,3,1,2,1,73,5,0,1,26,3,0
TCGA-F1-A448-01A-11D-A24D-08,2,26,0,10,20,395,20,0,4,180,10,1
TCGA-F1-A72C-01A-21D-A33T-08,0,2,0,1,0,37,1,0,1,19,0,0
TCGA-F2-6879-01A-11D-2154-08,0,0,0,0,1,27,1,0,0,13,1,0
TCGA-F2-7273-01A-11D-2154-08,0,0,2,0,0,1,0,0,0,0,0,0
TCGA-F2-A44G-01A-11D-A26I-08,0,3,0,2,2,28,6,0,0,11,1,0
TCGA-F2-A44H-01A-11D-A26I-08,0,1,0,1,1,13,1,0,0,8,1,0
TCGA-F2-A7TX-01A-33D-A38G-08,0,2,0,2,0,35,2,0,1,11,2,0
TCGA-F2-A8YN-01A-11D-A377-08,0,4,2,3,2,40,6,0,0,17,0,0
TCGA-F4-6459-01A-11D-1771-10,1,14,0,5,8,101,6,0,3,34,4,0
TCGA-F4-6460-01A-11D-1771-10,1,16,0,4,3,112,8,0,5,50,0,0
TCGA-F4-6461-01A-11D-1771-10,1,13,1,3,5,116,8,0,3,39,4,0
TCGA-F4-6463-01A-11D-1719-10,0,3,0,1,1,57,3,0,0,29,1,0
TCGA-F4-6569-01A-11D-1771-10,0,2,1,1,6,97,10,0,5,34,2,0
TCGA-F4-6570-01A-11D-1771-10,3,129,8,62,60,1204,61,0,18,481,31,1
TCGA-F4-6703-01A-11D-1835-10,4,17,1,14,17,407,18,0,7,166,17,0
TCGA-F4-6704-01A-11D-1835-10,1,4,2,2,0,72,5,0,1,17,1,0
TCGA-F4-6805-01A-11D-1835-10,2,2,0,3,2,57,4,0,1,25,1,1
TCGA-F4-6806-01A-11D-1835-10,0,7,0,3,9,80,8,0,1,39,1,0
TCGA-F4-6807-01A-11D-1835-10,2,16,1,4,6,132,8,1,1,48,6,0
TCGA-F4-6808-01A-11D-1835-10,0,10,2,3,5,106,10,0,3,45,0,0
TCGA-F4-6809-01A-11D-1835-10,0,20,0,7,6,122,14,0,2,34,4,0
TCGA-F4-6854-01A-11D-1924-10,1,8,0,1,1,100,7,0,2,30,2,0
TCGA-F4-6855-01A-11D-1924-10,1,10,1,3,7,71,11,0,3,38,6,0
TCGA-F4-6856-01A-11D-1924-10,4,68,6,30,38,692,30,0,17,319,12,0
TCGA-F5-6464-01A-11D-1733-10,0,14,0,3,6,75,3,0,5,20,0,0
TCGA-F5-6465-01A-11D-1733-10,1,4,0,5,4,80,6,0,0,25,6,0
TCGA-F5-6571-01A-12D-1826-10,0,6,0,6,2,63,10,0,1,17,1,0
TCGA-F5-6702-01A-11D-1826-10,0,5,0,3,3,54,2,0,0,24,2,0
TCGA-F5-6810-01A-11D-1826-10,0,8,1,6,2,97,6,0,3,36,3,0
TCGA-F5-6811-01A-11D-1826-10,1,5,1,3,1,74,3,0,2,34,1,0
TCGA-F5-6812-01A-11D-1826-10,0,7,0,2,1,76,3,0,1,23,1,1
TCGA-F5-6813-01A-11D-1826-10,0,7,1,4,3,101,9,0,2,41,2,1
TCGA-F5-6814-01A-31D-1924-10,59,1043,43,237,382,7832,1037,14,137,1978,140,2
TCGA-F5-6861-01A-11D-1924-10,2,5,0,0,4,81,4,0,1,27,2,0
TCGA-F5-6863-01A-11D-1924-10,1,5,0,4,2,55,6,0,1,21,3,0
TCGA-F5-6864-01A-11D-1924-10,0,9,2,6,6,120,3,0,6,34,1,1
TCGA-F6-A8O3-01A-11D-A36O-08,0,0,0,0,2,16,1,0,0,6,2,0
TCGA-F6-A8O4-01A-11D-A36O-08,0,3,0,0,0,25,0,0,1,7,0,0
TCGA-F7-7848-01A-11D-2129-08,0,25,3,8,13,242,12,0,8,93,8,0
TCGA-F7-8298-01A-11D-2394-08,3,6,0,3,3,75,4,0,1,23,2,0
TCGA-F7-8489-01A-31D-2394-08,1,3,1,3,7,105,8,0,2,44,1,0
TCGA-F7-A50G-01A-11D-A25Y-08,0,6,1,5,1,75,9,0,2,29,0,0
TCGA-F7-A50I-01A-11D-A28R-08,1,9,2,6,2,107,7,1,1,42,3,1
TCGA-F7-A50J-01A-21D-A28R-08,3,11,0,3,6,122,14,0,0,60,0,0
TCGA-F7-A61S-01A-11D-A28R-08,0,8,0,4,3,75,5,0,1,34,3,0
TCGA-F7-A61V-01A-11D-A28R-08,0,6,0,1,3,82,6,0,1,24,1,0
TCGA-F7-A61W-01A-11D-A28R-08,0,5,0,4,1,50,4,0,2,19,2,0
TCGA-F7-A620-01A-11D-A28R-08,0,1,0,1,4,39,4,0,2,27,0,0
TCGA-F7-A622-01A-11D-A28R-08,0,4,0,1,3,44,2,0,0,19,0,0
TCGA-F7-A623-01A-11D-A28R-08,1,10,0,3,8,139,13,0,6,69,2,0
TCGA-F7-A624-01A-22D-A30E-08,18,188,5,72,98,2270,64,1,33,945,58,1
TCGA-F9-A4JJ-01A-11D-A25F-10,0,1,3,0,0,31,1,0,1,10,1,0
TCGA-F9-A7Q0-01A-11D-A35Z-10,1,3,0,3,2,10,3,0,0,4,0,0
TCGA-F9-A7VF-01A-11D-A33Q-10,0,8,2,4,4,46,5,0,3,21,2,0
TCGA-F9-A8NY-01A-11D-A35Z-10,1,2,0,6,0,27,4,0,0,14,0,0
TCGA-F9-A97G-01A-11D-A382-10,0,6,0,4,4,44,0,0,0,15,3,0
TCGA-FA-8693-01A-11D-2397-10,1,5,1,14,3,138,6,0,2,47,6,6
TCGA-FA-A4BB-01A-11D-A31X-10,0,10,2,8,3,71,13,0,3,56,2,0
TCGA-FA-A4XK-01A-11D-A31X-10,1,10,1,7,3,77,3,1,3,28,2,0
TCGA-FA-A6HN-01A-11D-A31X-10,0,16,4,22,5,138,9,0,2,80,2,0
TCGA-FA-A6HO-01A-11D-A31X-10,1,5,1,5,1,49,6,0,0,17,1,0
TCGA-FA-A7DS-01A-11D-A382-10,0,6,1,9,2,93,5,0,1,44,2,0
TCGA-FA-A7Q1-01A-11D-A382-10,2,16,6,12,13,135,11,1,1,69,4,0
TCGA-FA-A82F-01A-11D-A382-10,1,13,1,8,11,136,10,0,2,47,2,0
TCGA-FA-A86F-01A-11D-A382-10,1,5,0,11,4,90,6,1,2,35,1,1
TCGA-FB-A4P5-01A-11D-A26I-08,0,0,0,0,1,7,1,0,1,1,0,0
TCGA-FB-A4P6-01A-12D-A26I-08,0,0,0,0,0,0,0,0,0,1,0,0
TCGA-FB-A545-01A-11D-A26I-08,0,5,0,1,1,32,1,0,0,3,0,0
TCGA-FB-A5VM-01A-11D-A32N-08,0,5,0,2,1,37,1,0,1,19,1,0
TCGA-FB-A78T-01A-12D-A32N-08,0,2,0,2,3,32,4,0,1,13,0,0
TCGA-FB-A7DR-01A-21D-A33T-08,2,4,0,2,2,26,2,0,1,13,1,0
TCGA-FB-AAPP-01A-12D-A40W-08,1,3,0,2,2,98,5,0,5,35,1,0
TCGA-FB-AAPQ-01A-11D-A40W-08,0,2,1,3,1,30,3,0,2,11,0,0
TCGA-FB-AAPS-01A-12D-A397-08,0,2,0,0,0,29,1,0,0,6,0,0
TCGA-FB-AAPU-01A-31D-A40W-08,0,2,0,3,3,68,1,0,2,20,3,0
TCGA-FB-AAPY-01A-11D-A40W-08,0,0,0,1,0,28,1,0,0,7,0,0
TCGA-FB-AAPZ-01A-11D-A40W-08,0,2,0,1,0,27,3,0,0,10,2,0
TCGA-FB-AAQ0-01A-31D-A40W-08,0,3,0,1,1,40,0,0,0,15,0,0
TCGA-FB-AAQ1-01A-12D-A40W-08,0,0,0,1,0,25,2,0,0,21,0,0
TCGA-FB-AAQ2-01A-31D-A40W-08,0,3,0,0,0,30,1,0,1,10,0,0
TCGA-FB-AAQ3-01A-11D-A40W-08,0,3,0,1,1,26,3,0,0,11,0,0
TCGA-FB-AAQ6-01A-11D-A40W-08,1,3,0,2,5,46,5,0,2,18,0,0
TCGA-FC-7708-01A-11D-2114-08,0,0,1,0,1,20,1,0,0,11,1,0
TCGA-FC-7961-01A-11D-A29Q-08,0,5,0,4,0,34,2,0,0,13,2,0
TCGA-FC-A4JI-01A-11D-A257-08,0,3,0,3,0,21,1,0,0,13,0,0
TCGA-FC-A5OB-01A-11D-A29Q-08,0,0,0,3,0,19,2,0,1,9,1,0
TCGA-FC-A66V-01A-21D-A30E-08,0,0,0,0,0,0,0,0,0,2,0,0
TCGA-FC-A6HD-01A-11D-A31L-08,0,1,1,1,0,23,0,0,0,13,0,0
TCGA-FC-A8O0-01A-41D-A377-08,0,1,0,0,1,11,3,0,0,2,0,0
TCGA-FD-A3B3-01A-12D-A202-08,0,9,1,6,2,134,15,1,2,53,2,0
TCGA-FD-A3B4-01A-12D-A202-08,0,3,0,1,2,61,5,0,1,21,0,0
TCGA-FD-A3B5-01A-11D-A20D-08,0,6,0,5,7,119,13,0,0,35,2,1
TCGA-FD-A3B6-01A-21D-A20D-08,0,9,2,6,9,215,29,1,2,74,5,0
TCGA-FD-A3B7-01A-31D-A20D-08,0,0,2,2,2,55,6,1,3,16,1,0
TCGA-FD-A3B8-01A-31D-A20D-08,0,1,0,0,2,34,3,0,0,11,0,0
TCGA-FD-A3N5-01A-11D-A21A-08,1,11,3,17,7,235,15,0,2,116,6,0
TCGA-FD-A3N6-01A-11D-A21A-08,0,3,0,3,5,97,7,0,1,33,1,0
TCGA-FD-A3NA-01A-11D-A21A-08,0,8,1,6,10,143,12,0,0,45,3,1
TCGA-FD-A3SJ-01A-12D-A22Z-08,1,10,1,5,9,191,12,1,3,77,5,2
TCGA-FD-A3SL-01A-21D-A22Z-08,0,18,1,8,15,170,11,2,3,60,7,0
TCGA-FD-A3SM-01A-11D-A22Z-08,0,15,2,5,8,150,17,0,2,53,3,2
TCGA-FD-A3SN-01A-12D-A22Z-08,2,15,3,31,22,282,27,0,5,131,6,1
TCGA-FD-A3SO-01A-11D-A22Z-08,1,26,0,15,16,269,30,0,4,121,6,0
TCGA-FD-A3SP-01A-31D-A22Z-08,0,7,1,2,6,90,10,0,2,46,0,0
TCGA-FD-A3SQ-01A-21D-A22Z-08,2,2,0,1,4,50,9,0,1,26,3,0
TCGA-FD-A3SR-01A-11D-A22Z-08,0,8,0,5,4,111,11,0,2,28,3,0
TCGA-FD-A3SS-01A-12D-A22Z-08,1,32,2,19,20,381,33,0,6,161,7,0
TCGA-FD-A43N-01A-11D-A23U-08,0,11,1,6,6,143,8,0,3,58,1,0
TCGA-FD-A43P-01A-31D-A23U-08,2,24,1,9,14,320,35,0,6,141,5,0
TCGA-FD-A43U-01A-11D-A23U-08,1,4,0,1,4,57,1,0,0,27,0,0
TCGA-FD-A43X-01A-11D-A23U-08,2,8,3,16,20,235,33,0,5,103,7,1
TCGA-FD-A43Y-01A-21D-A26M-08,0,6,0,3,2,45,4,0,0,20,3,0
TCGA-FD-A5BR-01A-11D-A26M-08,0,2,0,0,4,72,4,0,0,24,3,0
TCGA-FD-A5BS-01A-21D-A26M-08,0,2,0,0,1,22,0,0,0,9,0,0
TCGA-FD-A5BT-01A-11D-A26M-08,0,1,1,6,3,95,10,0,2,47,1,0
TCGA-FD-A5BU-01A-31D-A26M-08,0,0,0,1,4,60,2,0,1,16,0,0
TCGA-FD-A5BV-01A-11D-A26M-08,0,9,0,1,4,92,5,0,3,38,3,0
TCGA-FD-A5BX-01A-11D-A26M-08,2,18,2,13,13,277,28,1,5,107,4,0
TCGA-FD-A5BY-01A-31D-A289-08,0,4,0,4,3,38,3,0,0,9,1,0
TCGA-FD-A5BZ-01A-11D-A289-08,3,8,1,3,6,99,5,0,1,45,4,0
TCGA-FD-A5C0-01A-11D-A289-08,0,11,1,5,4,87,5,0,5,35,4,0
TCGA-FD-A5C1-01A-11D-A289-08,0,7,2,4,6,115,10,0,5,37,3,0
TCGA-FD-A62N-01A-11D-A30E-08,0,3,0,4,3,67,5,0,2,31,5,0
TCGA-FD-A62O-01A-11D-A30E-08,2,10,2,10,8,138,11,0,1,62,4,0
TCGA-FD-A62P-01A-32D-A30E-08,4,23,1,12,20,309,33,0,2,113,8,0
TCGA-FD-A62S-01A-11D-A30E-08,0,3,0,2,4,61,3,0,1,20,1,0
TCGA-FD-A6TA-01A-12D-A339-08,1,11,0,12,15,213,23,0,4,68,4,0
TCGA-FD-A6TB-01A-12D-A339-08,1,20,0,7,3,158,19,0,2,55,2,0
TCGA-FD-A6TC-01A-21D-A339-08,6,50,3,37,40,741,74,1,10,303,12,1
TCGA-FD-A6TD-01A-51D-A339-08,1,6,1,6,6,100,9,1,3,45,2,0
TCGA-FD-A6TE-01A-12D-A339-08,2,19,2,10,10,176,24,0,2,70,4,0
TCGA-FD-A6TF-01A-52D-A32B-08,0,8,1,1,7,102,11,0,7,44,7,1
TCGA-FD-A6TG-01A-11D-A32B-08,0,23,0,14,17,318,26,0,7,114,8,0
TCGA-FD-A6TH-01A-11D-A32B-08,0,11,0,1,5,131,7,0,4,43,3,0
TCGA-FD-A6TI-01A-11D-A32B-08,1,8,0,4,6,96,2,0,3,26,7,0
TCGA-FD-A6TK-01A-42D-A339-08,0,3,2,3,1,96,10,0,2,37,0,0
TCGA-FE-A22Z-01A-11D-A17V-08,0,2,1,1,2,13,2,0,1,5,0,0
TCGA-FE-A230-01A-11D-A14W-08,0,0,0,0,1,3,0,0,0,1,0,0
TCGA-FE-A231-01A-11D-A14W-08,0,2,0,1,1,10,0,0,0,5,0,0
TCGA-FE-A232-01A-11D-A14W-08,0,0,0,0,0,9,0,0,0,0,0,0
TCGA-FE-A233-01A-11D-A14W-08,0,1,0,0,1,9,0,0,0,3,1,0
TCGA-FE-A234-01A-11D-A14W-08,0,1,0,0,1,5,0,0,0,2,0,0
TCGA-FE-A235-01A-11D-A16O-08,0,0,0,0,0,9,1,0,0,1,0,0
TCGA-FE-A236-01A-11D-A16O-08,0,3,1,0,0,8,0,0,0,2,0,0
TCGA-FE-A237-01A-11D-A16O-08,0,1,0,0,0,5,0,0,0,1,0,0
TCGA-FE-A23A-01A-11D-A17V-08,0,0,0,1,0,6,0,0,0,2,1,0
TCGA-FE-A3PA-01A-12D-A21Z-08,0,0,0,0,0,3,0,0,0,1,0,0
TCGA-FE-A3PB-01A-11D-A21Z-08,0,1,0,0,0,3,0,0,0,0,0,0
TCGA-FE-A3PC-01A-11D-A21Z-08,0,1,0,0,0,17,0,0,1,6,0,0
TCGA-FE-A3PD-01A-11D-A21Z-08,0,0,0,1,0,7,0,0,1,2,0,0
TCGA-FF-8041-01A-11D-2210-10,2,18,4,9,14,148,8,1,0,58,3,1
TCGA-FF-8042-01A-11D-2210-10,2,20,1,9,10,207,11,0,3,68,3,1
TCGA-FF-8043-01A-11D-2210-10,1,4,1,4,1,87,4,0,2,38,1,0
TCGA-FF-8046-01A-11D-2210-10,1,3,0,2,2,56,4,0,3,24,3,0
TCGA-FF-8047-01A-11D-2210-10,0,14,1,3,5,93,10,0,1,35,3,2
TCGA-FF-8061-01A-11D-2210-10,0,10,3,5,7,118,7,0,2,34,0,0
TCGA-FF-A7CQ-01A-11D-A382-10,0,8,1,11,4,113,11,0,1,51,4,0
TCGA-FF-A7CR-01A-11D-A382-10,2,17,9,24,6,167,6,0,3,71,5,2
TCGA-FF-A7CW-01A-11D-A382-10,2,1,1,3,2,41,3,0,0,12,1,0
TCGA-FF-A7CX-01A-12D-A382-10,2,7,0,4,6,97,6,0,1,44,3,1
TCGA-FG-5962-01B-11D-1893-08,1,1,0,1,0,32,2,0,1,7,0,0
TCGA-FG-5963-01A-11D-1705-08,0,0,0,0,0,23,1,0,0,2,2,0
TCGA-FG-5964-01A-11D-1705-08,0,2,0,2,0,21,2,0,0,6,1,0
TCGA-FG-5965-01B-11D-1893-08,0,1,0,0,3,32,1,0,0,11,2,0
TCGA-FG-6688-01A-11D-1893-08,1,3,0,1,0,42,6,0,3,17,0,0
TCGA-FG-6689-01A-11D-1893-08,0,0,0,0,0,15,3,0,1,5,0,0
TCGA-FG-6690-01A-11D-1893-08,0,2,0,0,2,28,2,0,0,9,0,0
TCGA-FG-6691-01A-11D-1893-08,0,3,0,0,2,11,0,0,0,2,0,0
TCGA-FG-6692-01A-11D-1893-08,1,6,1,0,1,56,1,0,1,30,1,0
TCGA-FG-7634-01A-11D-2086-08,0,0,0,0,1,14,1,0,1,5,0,0
TCGA-FG-7636-01A-11D-2086-08,0,2,0,1,2,31,1,0,0,11,1,1
TCGA-FG-7637-01A-11D-2086-08,0,1,0,0,3,21,5,0,0,9,0,0
TCGA-FG-7638-01B-11D-2086-08,0,0,0,0,1,14,0,0,0,9,0,0
TCGA-FG-7641-01B-11D-2253-08,0,0,0,0,1,25,0,0,0,8,0,0
TCGA-FG-7643-01A-11D-2086-08,0,2,1,0,2,40,4,0,0,18,0,0
TCGA-FG-8181-01A-11D-2253-08,0,0,0,0,0,2,0,0,0,0,0,0
TCGA-FG-8182-01A-11D-2253-08,0,1,0,0,0,22,1,0,1,10,2,0
TCGA-FG-8185-01A-11D-2253-08,0,1,0,0,0,33,0,0,0,15,0,0
TCGA-FG-8186-01A-11D-2253-08,1,0,0,1,0,27,2,0,0,6,1,0
TCGA-FG-8187-01A-11D-2253-08,0,0,0,1,0,11,1,0,1,8,0,0
TCGA-FG-8188-01A-11D-2253-08,0,0,0,0,0,24,1,0,0,14,1,0
TCGA-FG-8189-01B-11D-A289-08,0,0,0,0,0,7,0,0,0,3,1,0
TCGA-FG-8191-01A-11D-2253-08,0,0,0,1,1,19,1,0,1,6,3,0
TCGA-FG-A4MT-01A-11D-A26M-08,0,0,0,1,0,15,1,0,0,3,0,0
TCGA-FG-A4MU-01B-11D-A289-08,0,0,0,0,0,47,2,0,1,25,0,0
TCGA-FG-A4MW-01A-11D-A26M-08,0,2,0,1,2,46,3,0,2,33,3,1
TCGA-FG-A4MX-01A-11D-A26M-08,0,2,0,0,1,22,1,0,0,2,0,0
TCGA-FG-A4MY-01A-11D-A26M-08,0,0,2,0,0,23,0,0,1,6,0,0
TCGA-FG-A60J-01A-11D-A289-08,0,2,0,0,0,31,3,0,1,9,2,0
TCGA-FG-A60K-01A-11D-A29Q-08,0,1,0,0,2,20,0,0,0,2,0,0
TCGA-FG-A60L-01A-12D-A31L-08,0,2,0,0,2,20,2,0,1,3,0,0
TCGA-FG-A6IZ-01A-11D-A31L-08,0,1,0,1,1,47,2,0,0,17,2,0
TCGA-FG-A6J1-01A-11D-A31L-08,0,3,0,0,0,18,1,0,0,14,1,0
TCGA-FG-A6J3-01A-11D-A31L-08,0,2,1,3,3,62,4,0,3,19,0,0
TCGA-FG-A70Y-01A-12D-A34J-08,0,0,1,0,1,14,1,0,1,5,0,0
TCGA-FG-A70Z-01A-12D-A33T-08,0,4,0,1,3,38,5,0,2,23,3,1
TCGA-FG-A710-01A-12D-A33T-08,0,2,1,0,1,26,4,0,1,14,0,0
TCGA-FG-A711-01A-21D-A33T-08,1,4,0,0,3,29,2,0,0,12,2,0
TCGA-FG-A713-01A-11D-A32B-08,0,1,0,0,0,21,1,0,1,13,1,0
TCGA-FG-A87N-01A-11D-A36O-08,0,1,0,1,1,19,1,0,0,9,3,0
TCGA-FG-A87Q-01A-11D-A36O-08,0,2,0,1,2,51,1,0,1,20,1,0
TCGA-FI-A2CX-01A-11D-A17D-09,1,4,0,1,0,17,1,0,0,5,1,0
TCGA-FI-A2CY-01A-11D-A17D-09,1,5,0,2,2,28,3,0,1,15,0,0
TCGA-FI-A2D0-01A-11D-A17D-09,133,1516,57,209,364,5690,329,2,180,2679,108,4
TCGA-FI-A2D2-01A-11D-A17D-09,0,1,0,0,0,33,1,0,2,11,1,0
TCGA-FI-A2D4-01A-12D-A17D-09,7,71,0,14,14,213,15,0,16,110,3,0
TCGA-FI-A2D5-01A-11D-A17D-09,279,3476,153,596,852,12670,727,7,476,4589,213,15
TCGA-FI-A2D6-01A-11D-A17D-09,14,110,5,25,31,402,20,0,15,206,10,0
TCGA-FI-A2EU-01A-11D-A17D-09,0,2,0,0,5,45,4,0,0,13,2,0
TCGA-FI-A2EW-01A-11D-A17D-09,1,3,0,5,8,78,11,0,3,27,0,0
TCGA-FI-A2EX-01A-11D-A17D-09,0,3,0,2,1,49,6,0,1,12,1,0
TCGA-FI-A2EY-01A-12D-A18P-09,5,15,1,7,9,82,5,0,3,18,1,0
TCGA-FI-A2F4-01A-11D-A17D-09,41,539,15,79,134,1436,66,3,58,589,96,4
TCGA-FI-A2F8-01A-12D-A17D-09,0,6,1,2,4,58,3,0,1,32,0,0
TCGA-FI-A2F9-01A-11D-A17D-09,1,8,0,0,4,35,2,0,1,11,0,0
TCGA-FI-A3PV-01A-11D-A228-09,2,12,4,4,2,52,3,1,4,13,3,0
TCGA-FI-A3PX-01A-11D-A228-09,1,13,0,6,0,71,3,0,4,23,5,0
TCGA-FJ-A3Z7-01A-12D-A23M-08,2,22,3,7,10,253,25,2,7,90,5,0
TCGA-FJ-A3Z9-01A-11D-A26M-08,0,4,0,4,1,54,4,0,1,21,1,0
TCGA-FJ-A3ZE-01A-11D-A23M-08,0,26,2,10,14,324,13,0,10,120,13,0
TCGA-FJ-A3ZF-01A-11D-A23M-08,0,12,0,11,12,190,20,0,21,73,6,0
TCGA-FJ-A871-01A-11D-A34U-08,1,3,0,0,1,36,3,0,0,14,2,0
TCGA-FK-A3S3-01A-11D-A22D-08,0,1,0,0,1,5,0,0,0,4,0,0
TCGA-FK-A3SB-01A-11D-A22D-08,0,0,0,0,0,5,0,0,0,2,0,0
TCGA-FK-A3SD-01A-11D-A22D-08,0,0,0,0,1,14,1,0,1,4,0,0
TCGA-FK-A3SE-01A-11D-A22D-08,0,0,0,0,1,2,0,0,0,4,0,0
TCGA-FK-A3SG-01A-11D-A22D-08,0,1,0,1,0,6,1,0,0,3,0,0
TCGA-FK-A3SH-01A-11D-A22D-08,0,0,0,1,0,11,0,0,0,6,0,0
TCGA-FK-A4UB-01A-11D-A257-08,0,0,0,0,0,3,0,0,1,2,0,0
TCGA-FN-7833-01A-11D-2086-08,0,0,0,1,0,15,0,0,0,4,0,0
TCGA-FP-7735-01A-11D-2053-08,0,1,0,1,3,46,1,0,0,17,2,0
TCGA-FP-7829-01A-11D-2053-08,2,12,0,7,7,185,12,0,3,76,2,0
TCGA-FP-7916-01A-11D-2201-08,1,5,0,4,1,79,1,0,2,30,1,1
TCGA-FP-7998-01A-11D-2201-08,0,0,1,2,1,50,5,0,0,17,4,1
TCGA-FP-8099-01A-11D-2340-08,1,6,0,3,3,103,7,0,3,46,1,0
TCGA-FP-8209-01A-11D-2340-08,0,0,0,0,0,0,0,0,0,1,0,0
TCGA-FP-8210-01A-11D-2340-08,0,0,0,0,0,3,1,0,0,0,1,0
TCGA-FP-8211-01A-11D-2340-08,0,2,0,2,5,75,8,0,3,21,0,0
TCGA-FP-8631-01A-11D-2394-08,2,2,0,3,5,65,7,0,1,35,0,0
TCGA-FP-A4BE-01A-12D-A24D-08,6,71,4,27,39,975,56,1,14,424,23,1
TCGA-FP-A4BF-01A-12D-A24D-08,1,5,0,1,0,81,5,0,0,28,1,0
TCGA-FP-A8CX-01A-11D-A364-08,0,5,1,1,3,73,4,1,2,22,2,0
TCGA-FP-A9TM-01A-11D-A397-08,0,7,2,1,4,125,8,0,4,48,7,2
TCGA-FR-A2OS-01A-11D-A21A-08,0,0,0,0,0,13,0,0,0,3,0,0
TCGA-FR-A3R1-01A-11D-A23B-08,4,23,4,16,13,298,20,1,9,196,4,1
TCGA-FR-A3YN-06A-11D-A23B-08,6,33,8,15,15,410,30,0,7,257,5,2
TCGA-FR-A3YO-06A-11D-A23B-08,4,48,10,21,28,625,45,0,20,369,17,2
TCGA-FR-A44A-06A-11D-A24R-08,1,23,1,8,9,219,18,0,4,136,1,0
TCGA-FR-A69P-06A-21D-A30X-08,2,14,3,6,11,171,10,0,5,83,0,0
TCGA-FR-A726-01A-11D-A32N-08,47,536,47,250,261,5299,326,1,168,3109,85,17
TCGA-FR-A728-01A-11D-A32N-08,0,21,3,13,13,300,24,0,6,156,3,1
TCGA-FR-A729-06A-11D-A34U-08,2,49,3,25,30,662,38,0,15,362,17,1
TCGA-FR-A7U8-06A-21D-A34U-08,0,2,0,3,1,25,2,0,0,10,1,0
TCGA-FR-A7U9-06A-11D-A34U-08,6,101,11,42,68,1362,94,0,37,741,14,4
TCGA-FR-A7UA-06A-32D-A34U-08,0,6,0,2,6,137,12,0,7,69,2,0
TCGA-FR-A8YC-06A-11D-A372-08,16,171,20,91,93,2241,145,0,63,1221,37,2
TCGA-FR-A8YD-06A-11D-A372-08,0,4,0,2,3,89,4,0,2,22,6,0
TCGA-FR-A8YE-06A-11D-A372-08,3,18,1,6,15,257,12,0,6,147,5,1
TCGA-FS-A1YW-06A-11D-A197-08,1,9,2,4,10,117,9,0,3,62,2,0
TCGA-FS-A1YX-06A-11D-A197-08,0,1,0,0,1,20,1,0,1,6,0,0
TCGA-FS-A1YY-06A-11D-A197-08,2,13,1,3,6,150,9,0,2,87,1,0
TCGA-FS-A1Z0-06A-11D-A197-08,0,8,2,7,8,204,8,0,5,104,4,1
TCGA-FS-A1Z3-06A-11D-A197-08,8,45,7,23,31,774,52,0,25,414,11,0
TCGA-FS-A1Z4-06A-11D-A197-08,0,3,0,0,1,27,3,0,0,15,4,0
TCGA-FS-A1Z7-06A-11D-A197-08,1,7,3,3,3,142,7,0,2,79,3,0
TCGA-FS-A1ZA-06A-11D-A197-08,5,57,7,23,30,918,54,0,18,499,12,1
TCGA-FS-A1ZB-06A-12D-A197-08,1,9,2,5,9,174,10,0,3,101,2,0
TCGA-FS-A1ZC-06A-11D-A197-08,0,31,8,17,21,531,22,1,18,321,8,0
TCGA-FS-A1ZD-06A-11D-A197-08,1,14,0,8,13,198,5,0,4,93,5,0
TCGA-FS-A1ZE-06A-11D-A197-08,0,13,1,6,1,105,2,0,4,55,3,0
TCGA-FS-A1ZF-06A-12D-A197-08,0,14,0,6,4,150,9,0,7,85,4,0
TCGA-FS-A1ZG-06A-11D-A197-08,0,2,0,1,1,19,5,0,0,16,1,0
TCGA-FS-A1ZH-06A-11D-A197-08,0,1,1,3,2,23,1,0,0,12,1,0
TCGA-FS-A1ZJ-06A-12D-A197-08,0,0,0,1,5,46,2,0,3,22,4,0
TCGA-FS-A1ZK-06A-11D-A197-08,9,84,15,45,60,1160,72,1,24,721,21,0
TCGA-FS-A1ZM-06A-12D-A197-08,0,12,1,7,2,198,10,0,2,98,1,0
TCGA-FS-A1ZN-01A-11D-A197-08,2,1,0,2,2,75,7,0,6,41,1,0
TCGA-FS-A1ZP-06A-11D-A197-08,0,17,0,10,14,314,26,0,4,185,7,3
TCGA-FS-A1ZQ-06A-11D-A197-08,6,22,3,18,11,356,24,0,7,226,9,1
TCGA-FS-A1ZR-06A-21D-A197-08,0,7,0,4,3,106,9,0,2,55,1,0
TCGA-FS-A1ZS-06A-12D-A197-08,0,10,0,9,6,196,12,0,4,141,6,0
TCGA-FS-A1ZT-06A-11D-A197-08,1,7,1,11,10,131,12,0,6,61,2,0
TCGA-FS-A1ZU-06A-12D-A196-08,0,0,0,0,2,32,1,0,0,16,1,0
TCGA-FS-A1ZW-06A-12D-A197-08,0,37,0,22,16,515,35,0,9,264,9,1
TCGA-FS-A1ZY-06A-11D-A197-08,0,2,0,0,1,25,0,0,0,14,0,0
TCGA-FS-A1ZZ-06A-11D-A197-08,7,77,12,39,54,1116,68,3,43,713,14,1
TCGA-FS-A4F0-06A-11D-A24R-08,4,43,4,22,25,414,27,0,5,217,9,0
TCGA-FS-A4F4-06A-12D-A25O-08,0,1,0,1,2,30,5,0,0,16,1,0
TCGA-FS-A4F5-06A-11D-A25O-08,0,28,5,18,28,579,38,0,14,301,14,0
TCGA-FS-A4F8-06A-11D-A25O-08,1,7,2,1,6,142,4,0,2,68,2,0
TCGA-FS-A4F9-06A-11D-A24R-08,2,24,4,11,13,312,24,1,14,183,2,0
TCGA-FS-A4FB-06A-11D-A25O-08,2,10,0,8,7,141,8,0,5,69,0,0
TCGA-FS-A4FC-06A-11D-A24R-08,2,47,11,24,34,538,41,0,8,283,10,1
TCGA-FS-A4FD-06A-11D-A25O-08,1,26,6,9,9,352,14,0,9,180,2,0
TCGA-FT-A3EE-01A-11D-A202-08,0,8,1,2,4,100,6,0,1,32,3,1
TCGA-FT-A61P-01A-11D-A30E-08,0,10,0,7,5,129,8,0,2,56,2,0
TCGA-FU-A23K-01A-11D-A16O-08,0,10,0,1,6,81,9,0,1,37,2,0
TCGA-FU-A23L-01A-11D-A16O-08,1,9,1,2,6,130,11,0,2,43,4,0
TCGA-FU-A2QG-01A-11D-A18J-09,1,26,0,7,9,62,7,0,0,34,1,0
TCGA-FU-A3EO-01A-11D-A20U-09,2,13,0,4,2,44,0,0,1,16,0,0
TCGA-FU-A3HY-01A-11D-A21Q-09,2,55,4,14,10,146,9,0,3,60,1,0
TCGA-FU-A3HZ-01A-11D-A20U-09,50,662,12,77,113,1618,198,6,58,403,29,2
TCGA-FU-A3NI-01A-11D-A21Q-09,4,22,0,4,8,78,6,0,3,32,1,0
TCGA-FU-A3TQ-01A-11D-A22X-09,0,7,1,4,3,39,3,0,1,20,5,0
TCGA-FU-A3TX-01A-11D-A22X-09,1,14,1,3,2,45,6,1,0,16,2,0
TCGA-FU-A3WB-01A-11D-A22X-09,3,10,0,4,8,53,4,1,0,17,1,0
TCGA-FU-A3YQ-01A-11D-A22X-09,2,23,0,9,2,56,5,0,3,24,1,0
TCGA-FU-A40J-01A-11D-A243-09,8,42,3,22,14,164,13,0,4,57,1,0
TCGA-FU-A5XV-01A-11D-A28B-09,3,26,4,4,4,66,7,1,0,30,3,0
TCGA-FU-A770-01A-11D-A33O-09,0,16,1,1,2,32,4,0,2,18,1,0
TCGA-FV-A23B-01A-11D-A16V-10,0,9,1,4,4,83,10,0,1,34,2,0
TCGA-FV-A2QQ-01A-11D-A22F-10,0,13,1,5,6,99,4,0,0,40,1,1
TCGA-FV-A2QR-01A-11D-A20W-10,1,13,2,5,7,90,3,0,4,32,3,0
TCGA-FV-A3I0-01A-11D-A22F-10,0,5,0,3,4,69,3,0,2,22,1,0
TCGA-FV-A3I1-01A-11D-A22F-10,2,8,0,5,6,58,3,0,1,19,2,0
TCGA-FV-A3R2-01A-11D-A22F-10,1,6,0,5,3,59,7,0,1,27,4,0
TCGA-FV-A3R3-01A-11D-A22F-10,2,6,1,2,0,46,3,0,0,14,0,0
TCGA-FV-A495-01A-11D-A25V-10,1,9,0,3,6,85,7,0,1,25,4,0
TCGA-FV-A496-01A-11D-A25V-10,0,9,2,8,6,99,5,0,0,30,2,0
TCGA-FV-A4ZP-01A-12D-A25V-10,0,9,0,5,4,78,3,0,1,24,1,2
TCGA-FV-A4ZQ-01A-11D-A25V-10,0,8,0,3,8,57,7,0,1,24,2,0
TCGA-FW-A3I3-06A-11D-A21A-08,1,3,0,0,2,34,5,0,1,25,1,1
TCGA-FW-A3R5-06A-11D-A23B-08,82,1159,100,548,729,14464,774,5,384,9037,159,28
TCGA-FW-A3TU-06A-11D-A23B-08,5,54,6,19,19,576,42,0,17,336,6,0
TCGA-FW-A3TV-06A-11D-A23B-08,1,15,3,11,10,250,15,0,5,146,1,1
TCGA-FW-A5DX-01A-11D-A27K-08,0,15,4,5,7,139,10,0,6,80,1,0
TCGA-FW-A5DY-06A-11D-A30X-08,0,7,0,3,6,141,8,0,3,71,2,0
TCGA-FX-A2QS-01A-11D-A21Q-09,2,10,2,5,1,41,4,0,3,18,1,0
TCGA-FX-A3NJ-01A-11D-A21Q-09,1,4,2,1,0,11,1,0,2,5,0,0
TCGA-FX-A3NK-01A-11D-A21Q-09,0,9,1,2,0,25,1,0,1,7,0,0
TCGA-FX-A3RE-01A-11D-A228-09,2,26,0,7,3,92,5,0,5,39,2,0
TCGA-FX-A3TO-01A-11D-A228-09,2,15,1,5,8,43,3,2,2,25,2,0
TCGA-FX-A48G-01A-11D-A24N-09,1,8,0,3,5,19,1,0,1,11,2,0
TCGA-FX-A76Y-01A-11D-A351-09,0,4,0,1,3,20,0,0,0,7,0,0
TCGA-FX-A8OO-01A-11D-A36J-09,1,8,0,0,1,24,1,0,2,5,0,0
TCGA-FY-A2QD-01A-11D-A19J-08,0,1,0,0,0,4,0,0,0,4,0,0
TCGA-FY-A3BL-01A-11D-A19J-08,0,0,0,0,0,7,0,0,0,2,0,0
TCGA-FY-A3I4-01A-11D-A21A-08,0,0,0,0,0,4,1,0,0,2,0,0
TCGA-FY-A3I5-01B-11D-A21Z-08,0,2,0,1,0,9,2,0,0,3,0,0
TCGA-FY-A3NM-01A-11D-A21A-08,0,1,0,1,0,10,0,0,0,4,0,0
TCGA-FY-A3NN-01A-11D-A21A-08,0,1,0,0,0,8,0,0,1,4,0,0
TCGA-FY-A3NP-01A-11D-A21A-08,1,0,0,0,0,9,1,0,0,2,0,0
TCGA-FY-A3ON-01A-11D-A21Z-08,0,0,0,0,0,4,1,0,0,0,0,0
TCGA-FY-A3R6-01A-11D-A21Z-08,0,0,0,0,0,7,0,0,0,4,0,0
TCGA-FY-A3R7-01A-11D-A21Z-08,0,0,0,1,1,6,0,0,0,2,1,0
TCGA-FY-A3R8-01A-11D-A21Z-08,0,1,0,1,0,10,1,0,0,5,0,0
TCGA-FY-A3R9-01A-11D-A21Z-08,0,3,1,1,2,13,1,0,1,5,0,0
TCGA-FY-A3RA-01A-11D-A21Z-08,0,0,0,0,1,4,1,0,0,0,0,0
TCGA-FY-A3TY-01A-11D-A22Z-08,0,1,0,0,0,4,1,0,0,1,0,0
TCGA-FY-A3W9-01A-11D-A22D-08,0,0,0,0,0,13,1,0,0,5,0,0
TCGA-FY-A3WA-01A-11D-A22D-08,0,0,0,1,0,5,0,0,0,2,0,0
TCGA-FY-A3YR-01A-11D-A22Z-08,0,0,0,1,1,13,0,0,0,4,0,0
TCGA-FY-A40K-01A-11D-A23M-08,0,0,0,0,0,5,0,0,0,1,0,0
TCGA-FY-A40L-01A-11D-A23M-08,0,0,0,0,1,13,0,0,0,5,0,0
TCGA-FY-A40M-01A-11D-A23M-08,0,1,0,0,0,9,0,0,0,6,0,0
TCGA-FY-A40N-01A-11D-A23M-08,0,0,0,1,0,2,1,0,0,0,0,0
TCGA-FY-A4B3-01A-11D-A23U-08,0,0,0,0,0,9,0,0,1,4,0,0
TCGA-FY-A4B4-01A-11D-A23U-08,0,1,0,0,0,9,0,0,0,6,0,0
TCGA-FY-A76V-01A-11D-A397-08,0,0,0,0,0,11,0,0,2,2,0,0
TCGA-FZ-5919-01A-11D-1609-08,0,2,1,2,1,32,2,0,0,14,0,0
TCGA-FZ-5920-01A-11D-1609-08,0,1,0,2,1,43,3,0,0,14,0,0
TCGA-FZ-5921-01A-11D-1609-08,1,5,0,1,0,60,6,0,0,23,2,0
TCGA-FZ-5922-01A-11D-1609-08,0,4,1,2,1,29,2,0,0,8,1,0
TCGA-FZ-5923-01A-12D-1609-08,0,6,1,0,1,57,5,0,1,16,0,0
TCGA-FZ-5924-01A-13D-1609-08,0,3,0,1,2,24,2,0,1,13,1,0
TCGA-FZ-5926-01A-11D-1609-08,0,2,2,0,2,29,5,0,0,14,1,0
TCGA-G2-A2EC-01A-11D-A17V-08,0,11,2,13,8,140,13,0,1,48,2,0
TCGA-G2-A2EF-01A-12D-A18F-08,1,21,2,10,14,203,16,0,3,76,3,2
TCGA-G2-A2EJ-01A-11D-A17V-08,0,13,1,7,11,242,23,0,9,87,6,1
TCGA-G2-A2EK-01A-22D-A18F-08,0,3,0,0,3,56,5,0,1,16,0,0
TCGA-G2-A2EL-01A-12D-A18F-08,1,11,2,5,17,169,25,0,4,74,6,0
TCGA-G2-A2EO-01A-11D-A17V-08,5,48,1,39,39,666,66,1,18,263,14,1
TCGA-G2-A2ES-01A-11D-A17V-08,1,21,4,26,22,340,20,1,2,143,13,2
TCGA-G2-A3IB-01A-11D-A20D-08,2,5,1,3,3,74,6,0,2,23,0,0
TCGA-G2-A3IE-01A-11D-A20D-08,1,9,3,14,21,277,30,2,8,110,9,0
TCGA-G2-A3VY-01A-11D-A22Z-08,7,51,5,27,29,568,56,3,10,200,16,0
TCGA-G2-AA3B-01A-11D-A391-08,1,37,4,17,25,571,54,2,8,211,13,0
TCGA-G2-AA3C-01A-21D-A391-08,0,18,1,10,3,188,17,1,3,79,5,0
TCGA-G2-AA3D-01A-11D-A391-08,1,6,1,7,8,211,18,0,0,62,3,1
TCGA-G2-AA3F-01A-12D-A42E-08,0,7,1,4,2,110,5,1,2,38,3,0
TCGA-G3-A25S-01A-11D-A16V-10,1,7,0,3,6,113,14,0,0,40,1,2
TCGA-G3-A25T-01A-11D-A16V-10,0,3,0,3,4,49,3,0,1,19,2,0
TCGA-G3-A25U-01A-11D-A16V-10,0,9,0,6,5,62,11,0,2,27,4,1
TCGA-G3-A25V-01A-11D-A16V-10,1,8,0,0,5,52,4,0,0,18,2,1
TCGA-G3-A25W-01A-11D-A16V-10,0,9,1,2,3,78,8,0,0,27,3,0
TCGA-G3-A25Y-01A-11D-A16V-10,0,5,1,2,4,78,3,0,3,14,2,0
TCGA-G3-A25Z-01A-11D-A16V-10,1,6,0,1,1,68,3,0,1,26,0,0
TCGA-G3-A3CG-01A-11D-A20W-10,0,20,1,7,7,73,8,0,0,38,2,0
TCGA-G3-A3CH-01A-11D-A22F-10,1,3,0,3,4,31,3,0,0,13,0,0
TCGA-G3-A3CI-01A-11D-A20W-10,1,1,0,1,1,17,0,0,1,6,0,0
TCGA-G3-A3CK-01A-11D-A20W-10,0,15,1,10,12,169,9,2,4,56,3,1
TCGA-G3-A5SI-01A-31D-A27I-10,0,4,0,3,3,25,5,0,1,13,0,0
TCGA-G3-A5SJ-01A-11D-A27I-10,0,9,0,3,3,84,6,0,1,22,2,0
TCGA-G3-A5SK-01A-11D-A27I-10,0,15,0,3,5,74,4,0,4,25,3,0
TCGA-G3-A5SL-01A-11D-A27I-10,1,7,0,12,5,105,5,0,3,25,3,0
TCGA-G3-A5SM-01A-12D-A28X-10,1,12,1,4,5,94,4,0,0,45,8,0
TCGA-G3-A6UC-01A-21D-A33K-10,0,16,1,4,7,93,5,1,1,42,1,0
TCGA-G3-A7M5-01A-11D-A33Q-10,2,17,1,5,11,131,13,0,3,54,5,0
TCGA-G3-A7M6-01A-11D-A33Q-10,1,10,0,6,10,70,3,0,1,25,4,0
TCGA-G3-A7M7-01A-12D-A34Z-10,0,8,1,1,5,58,6,0,0,20,2,0
TCGA-G3-A7M8-01A-11D-A33Q-10,0,2,0,2,1,19,3,0,0,8,0,0
TCGA-G3-A7M9-01A-23D-A34Z-10,0,15,1,4,5,105,4,1,2,33,3,0
TCGA-G3-AAUZ-01A-11D-A382-10,0,7,1,5,5,69,4,0,2,16,1,0
TCGA-G3-AAV0-01A-11D-A36X-10,0,18,1,20,3,129,7,0,4,51,4,0
TCGA-G3-AAV1-01A-11D-A382-10,0,6,1,4,5,43,2,0,1,17,0,0
TCGA-G3-AAV2-01A-11D-A36X-10,0,3,1,8,5,39,2,0,0,17,1,0
TCGA-G3-AAV3-01A-11D-A36X-10,1,11,1,7,2,66,6,1,1,19,2,0
TCGA-G3-AAV4-01A-11D-A382-10,0,17,1,12,6,85,4,0,1,39,3,0
TCGA-G3-AAV5-01A-11D-A36X-10,0,13,2,4,1,61,8,0,1,22,1,0
TCGA-G3-AAV6-01A-21D-A36X-10,1,9,1,1,4,56,3,0,0,33,1,0
TCGA-G3-AAV7-01A-11D-A382-10,0,12,1,6,6,62,7,0,1,24,1,0
TCGA-G4-6293-01A-11D-1719-10,0,9,0,5,4,86,5,0,2,42,0,0
TCGA-G4-6294-01A-11D-1806-10,0,11,2,3,10,125,13,0,3,37,4,0
TCGA-G4-6295-01A-11D-1719-10,1,16,0,14,7,116,7,0,1,41,5,0
TCGA-G4-6297-01A-11D-1719-10,0,4,0,2,2,65,7,0,1,28,2,0
TCGA-G4-6298-01A-11D-1719-10,0,6,1,4,2,62,6,0,2,21,3,0
TCGA-G4-6299-01A-11D-1771-10,0,14,0,3,6,129,9,0,2,46,2,0
TCGA-G4-6302-01A-11D-1719-10,5,52,5,21,21,696,46,1,6,285,21,3
TCGA-G4-6303-01A-11D-1771-10,0,4,1,3,4,72,8,0,3,36,0,0
TCGA-G4-6304-01A-11D-1924-10,8,60,1,32,31,708,27,0,12,302,17,0
TCGA-G4-6306-01A-11D-1771-10,0,7,1,2,7,89,8,1,0,35,1,0
TCGA-G4-6307-01A-11D-1719-10,0,11,2,3,4,63,5,0,1,24,1,0
TCGA-G4-6309-01A-21D-1835-10,6,49,6,20,29,585,30,0,5,235,7,0
TCGA-G4-6310-01A-11D-1719-10,0,8,0,4,7,82,8,0,4,43,4,0
TCGA-G4-6311-01A-11D-1719-10,3,18,0,7,3,110,4,0,4,51,3,0
TCGA-G4-6314-01A-11D-1719-10,1,10,1,6,2,113,11,0,6,40,0,0
TCGA-G4-6315-01A-11D-1719-10,0,9,2,6,10,110,9,0,4,44,1,0
TCGA-G4-6317-01A-11D-1719-10,1,7,3,2,6,71,6,0,1,42,3,0
TCGA-G4-6320-01A-11D-1719-10,4,90,9,47,45,794,38,0,20,346,18,1
TCGA-G4-6321-01A-11D-1719-10,1,8,0,3,2,65,5,0,1,17,0,0
TCGA-G4-6322-01A-11D-1719-10,1,9,0,9,1,68,5,0,3,27,1,0
TCGA-G4-6323-01A-11D-1719-10,0,8,2,7,8,72,9,0,1,26,3,0
TCGA-G4-6586-01A-11D-1771-10,9,81,6,43,37,787,39,0,17,337,18,2
TCGA-G4-6588-01A-11D-1771-10,8,168,25,80,104,1408,72,3,23,644,40,3
TCGA-G4-6625-01A-21D-1771-10,0,13,1,2,4,94,9,0,0,41,2,0
TCGA-G4-6626-01A-11D-1771-10,3,14,0,3,5,99,10,0,4,51,0,0
TCGA-G4-6627-01A-11D-2188-10,1,4,0,1,1,85,7,0,1,31,2,0
TCGA-G4-6628-01A-11D-1835-10,13,113,11,48,67,1376,81,1,26,645,34,1
TCGA-G5-6233-01A-11D-1733-10,0,14,2,4,6,131,4,0,0,43,3,0
TCGA-G5-6235-01A-11D-1733-10,1,8,0,4,3,108,6,0,1,30,4,0
TCGA-G5-6572-01A-11D-1826-10,0,4,0,3,4,58,4,0,2,23,1,0
TCGA-G5-6641-01A-11D-1826-10,0,5,1,2,0,81,4,0,1,30,3,0
TCGA-G6-A5PC-01A-11D-A33K-10,0,10,0,4,1,43,4,0,2,14,1,0
TCGA-G6-A8L6-01A-11D-A36X-10,0,10,0,1,7,45,4,0,0,15,1,0
TCGA-G6-A8L7-01A-11D-A36X-10,0,13,1,4,5,39,4,0,0,18,4,1
TCGA-G6-A8L8-01A-21D-A36X-10,0,11,1,7,1,57,4,0,1,18,0,0
TCGA-G7-6789-01A-11D-1961-08,0,1,0,1,0,12,1,0,0,8,0,0
TCGA-G7-6790-01A-11D-1961-08,1,3,0,3,2,47,6,0,0,17,0,0
TCGA-G7-6792-01A-21D-1961-08,0,3,0,0,0,20,2,0,0,13,1,0
TCGA-G7-6793-01A-11D-1961-08,0,0,0,2,2,23,2,0,0,7,0,0
TCGA-G7-6795-01A-11D-1961-08,0,4,1,5,2,33,3,0,0,20,1,0
TCGA-G7-6796-01A-11D-1961-08,0,4,1,3,3,34,3,0,0,11,0,0
TCGA-G7-6797-01A-11D-1961-08,0,3,0,0,0,44,4,0,0,13,2,0
TCGA-G7-7501-01A-11D-2201-08,0,0,0,1,1,25,3,0,2,9,0,0
TCGA-G7-7502-01A-11D-2201-08,0,4,0,1,5,40,1,0,0,19,2,0
TCGA-G7-A4TM-01A-11D-A31X-10,0,5,0,1,0,23,2,0,0,12,0,0
TCGA-G7-A8LB-01A-11D-A35Z-10,0,18,1,5,5,72,3,0,1,14,3,0
TCGA-G7-A8LC-01A-11D-A35Z-10,0,3,0,1,4,9,0,0,0,3,0,0
TCGA-G7-A8LD-01A-11D-A35Z-10,0,4,0,7,0,38,2,1,0,10,0,0
TCGA-G7-A8LE-01A-11D-A35Z-10,1,9,0,8,4,53,3,0,0,17,1,0
TCGA-G9-6329-01A-13D-1961-08,0,0,0,0,3,19,3,0,0,8,0,0
TCGA-G9-6332-01A-11D-1786-08,0,0,0,1,2,19,0,0,3,6,1,0
TCGA-G9-6333-01A-12D-1961-08,0,2,0,2,1,21,1,0,0,9,1,0
TCGA-G9-6336-01A-11D-1786-08,0,1,0,0,0,14,0,0,1,5,0,0
TCGA-G9-6338-01A-12D-1961-08,0,1,0,1,0,22,4,0,1,4,1,0
TCGA-G9-6339-01A-12D-A30X-08,0,2,0,2,1,34,3,0,1,9,1,0
TCGA-G9-6342-01A-11D-1961-08,0,1,0,1,0,15,0,0,0,8,1,0
TCGA-G9-6343-01A-21D-1961-08,0,1,0,1,1,19,0,1,1,10,0,1
TCGA-G9-6347-01A-11D-A31L-08,0,3,0,2,0,15,0,0,0,7,0,0
TCGA-G9-6348-01A-11D-1786-08,0,2,0,0,1,26,1,0,1,15,2,0
TCGA-G9-6351-01A-21D-1961-08,0,1,0,0,0,18,0,0,0,4,0,0
TCGA-G9-6353-01A-11D-1961-08,0,0,0,0,0,5,0,0,0,1,0,0
TCGA-G9-6354-01A-11D-A30X-08,0,2,1,1,1,19,1,0,0,9,1,0
TCGA-G9-6356-01A-11D-1786-08,0,1,0,0,1,15,3,0,0,5,3,0
TCGA-G9-6361-01A-21D-1961-08,1,0,0,0,2,24,3,0,0,8,2,0
TCGA-G9-6362-01A-11D-1786-08,0,2,0,0,2,22,3,0,0,21,0,0
TCGA-G9-6363-01A-21D-1786-08,1,3,1,2,1,31,3,0,0,4,2,0
TCGA-G9-6364-01A-21D-1786-08,0,2,0,2,1,18,0,0,0,5,0,0
TCGA-G9-6365-01A-11D-1786-08,0,1,1,0,1,20,0,0,1,4,2,0
TCGA-G9-6366-01A-11D-2114-08,0,1,0,1,0,23,2,0,1,8,0,0
TCGA-G9-6367-01A-11D-1786-08,0,0,0,0,0,2,0,0,0,1,0,0
TCGA-G9-6369-01A-21D-1961-08,0,1,0,0,1,26,1,0,0,8,0,0
TCGA-G9-6370-01A-11D-1786-08,0,0,0,0,0,0,0,0,0,1,0,0
TCGA-G9-6371-01A-11D-1786-08,0,2,0,4,0,26,0,0,0,5,0,0
TCGA-G9-6373-01A-11D-1786-08,0,1,0,1,0,19,0,0,1,8,0,0
TCGA-G9-6377-01A-11D-1961-08,0,1,0,1,1,19,2,1,0,7,1,0
TCGA-G9-6378-01A-11D-1786-08,0,0,0,1,2,19,0,0,0,13,1,0
TCGA-G9-6379-01A-11D-A31L-08,0,2,0,1,1,20,0,0,0,8,0,0
TCGA-G9-6384-01A-11D-1786-08,0,0,0,0,1,18,2,0,0,5,0,0
TCGA-G9-6385-01A-11D-1786-08,0,0,0,2,1,8,0,0,0,4,0,0
TCGA-G9-6494-01A-11D-1786-08,0,3,0,0,0,22,2,0,0,7,1,0
TCGA-G9-6496-01A-11D-1786-08,0,5,0,1,0,29,1,0,1,9,1,0
TCGA-G9-6498-01A-12D-A30X-08,0,0,1,1,0,17,0,0,0,8,0,0
TCGA-G9-6499-01A-12D-1961-08,0,4,0,2,1,25,0,0,1,10,0,0
TCGA-G9-7509-01A-11D-A41K-08,0,0,0,1,0,16,0,0,0,5,2,0
TCGA-G9-7510-01A-11D-2260-08,0,1,0,1,0,30,2,0,1,9,1,0
TCGA-G9-7519-01A-11D-2260-08,0,0,1,1,0,26,2,0,1,5,0,0
TCGA-G9-7521-01A-11D-2260-08,0,1,0,2,0,19,1,0,3,6,0,0
TCGA-G9-7522-01A-11D-2260-08,0,0,0,0,0,5,2,0,0,2,0,0
TCGA-G9-7523-01A-11D-2260-08,0,0,0,0,0,12,0,0,0,8,0,0
TCGA-G9-7525-01A-31D-2260-08,0,2,0,0,0,28,1,0,1,7,0,1
TCGA-G9-A9S0-01A-11D-A41K-08,0,1,0,2,0,20,2,0,0,2,1,0
TCGA-G9-A9S4-01A-11D-A41K-08,0,1,1,2,0,26,0,0,0,11,0,0
TCGA-G9-A9S7-01A-11D-A41K-08,0,2,0,0,0,20,0,0,0,8,1,0
TCGA-GC-A3BM-01A-11D-A22Z-08,0,4,0,5,4,96,3,0,1,48,1,0
TCGA-GC-A3I6-01A-11D-A20D-08,2,9,2,6,7,141,15,0,6,60,3,0
TCGA-GC-A3OO-01A-11D-A22Z-08,0,10,0,7,3,104,8,0,1,49,2,1
TCGA-GC-A3RB-01A-12D-A21Z-08,1,6,1,6,7,127,4,0,3,60,5,0
TCGA-GC-A3RC-01A-11D-A22Z-08,4,21,1,15,19,255,16,0,4,135,11,1
TCGA-GC-A3RD-01A-12D-A22Z-08,1,6,0,2,4,60,7,0,0,35,0,0
TCGA-GC-A3WC-01A-31D-A22Z-08,2,9,0,6,10,115,17,0,3,42,1,0
TCGA-GC-A3YS-01A-11D-A23M-08,0,19,2,7,19,189,12,0,5,76,4,0
TCGA-GC-A4ZW-01A-11D-A26M-08,2,22,5,23,26,549,45,1,9,202,3,2
TCGA-GC-A6I1-01A-12D-A31L-08,2,13,3,13,13,169,22,0,2,84,4,0
TCGA-GC-A6I3-01A-11D-A31L-08,4,16,2,9,9,177,16,0,4,78,2,0
TCGA-GD-A2C5-01A-12D-A17V-08,0,12,0,12,17,208,22,1,3,85,4,0
TCGA-GD-A3OP-01A-21D-A21Z-08,0,10,1,14,8,285,32,0,5,118,6,0
TCGA-GD-A3OQ-01A-32D-A21Z-08,0,5,0,1,3,89,6,0,0,20,2,0
TCGA-GD-A3OS-01A-12D-A21Z-08,0,3,1,1,2,74,4,0,0,26,1,0
TCGA-GD-A6C6-01A-21D-A31L-08,2,17,1,9,10,199,21,0,5,94,5,1
TCGA-GD-A76B-01A-11D-A32B-08,0,4,2,5,10,156,13,0,2,54,4,1
TCGA-GE-A2C6-01A-11D-A17V-08,0,0,0,0,0,3,0,0,0,1,0,0
TCGA-GF-A2C7-01A-11D-A197-08,0,8,0,1,4,55,3,0,1,30,1,0
TCGA-GF-A3OT-06A-23D-A23B-08,4,41,5,22,16,399,35,0,9,242,9,2
TCGA-GF-A4EO-06A-12D-A24R-08,1,16,1,6,10,189,12,0,3,104,4,0
TCGA-GF-A6C8-06A-12D-A30X-08,0,22,4,19,7,293,14,0,6,154,8,0
TCGA-GF-A6C9-06A-11D-A30X-08,15,117,13,66,96,2073,133,0,34,1267,36,4
TCGA-GF-A769-01A-32D-A32N-08,2,10,1,7,7,111,4,0,1,71,1,0
TCGA-GH-A9DA-01A-21D-A37N-09,4,12,2,6,5,60,7,1,3,16,2,1
TCGA-GI-A2C8-01A-11D-A16D-09,1,5,0,4,2,97,6,0,1,31,1,0
TCGA-GJ-A3OU-01A-31D-A382-10,0,3,0,2,2,49,3,0,1,13,2,0
TCGA-GJ-A6C0-01A-12D-A30V-10,0,14,0,4,2,46,5,1,0,24,0,0
TCGA-GJ-A9DB-01A-11D-A36X-10,0,7,1,10,7,66,5,0,2,32,1,0
TCGA-GK-A6C7-01A-11D-A33K-10,0,7,1,3,5,68,7,0,3,25,1,0
TCGA-GL-6846-01A-11D-1961-08,0,3,0,0,2,48,3,0,0,18,0,0
TCGA-GL-7773-01A-11D-2136-08,3,6,0,2,5,79,8,0,0,29,1,0
TCGA-GL-7966-01A-11D-2201-08,0,0,0,0,3,14,3,0,1,12,0,0
TCGA-GL-8500-01A-11D-2396-08,0,8,0,6,3,53,3,0,1,18,0,0
TCGA-GL-A4EM-01A-11D-A25F-10,1,2,0,3,2,41,2,2,1,20,1,0
TCGA-GL-A59R-01A-11D-A26P-10,1,6,0,2,2,57,5,0,2,24,2,0
TCGA-GL-A59T-01A-21D-A28G-10,0,9,1,3,2,48,5,0,1,28,3,0
TCGA-GL-A9DC-01A-11D-A36X-10,1,16,2,5,4,67,1,0,1,27,3,1
TCGA-GL-A9DD-01A-11D-A36X-10,3,8,0,6,2,59,2,1,1,24,3,0
TCGA-GL-A9DE-01A-11D-A36X-10,1,7,2,6,3,69,3,0,3,36,1,0
TCGA-GM-A2D9-01A-11D-A18P-09,1,28,2,21,24,373,36,1,8,142,8,1
TCGA-GM-A2DA-01A-11D-A18P-09,0,2,0,2,1,26,1,0,0,12,1,0
TCGA-GM-A2DB-01A-31D-A19Y-09,1,6,0,0,3,81,11,0,1,23,2,0
TCGA-GM-A2DC-01A-11D-A18P-09,0,2,1,2,0,10,0,0,1,10,1,0
TCGA-GM-A2DD-01A-11D-A17W-09,1,5,0,0,2,44,0,0,2,13,1,0
TCGA-GM-A2DF-01A-11D-A17W-09,0,3,1,1,1,31,1,0,1,11,3,0
TCGA-GM-A2DH-01A-11D-A17W-09,1,10,0,5,9,144,12,2,2,42,4,1
TCGA-GM-A2DI-01A-31D-A18P-09,0,2,0,3,5,59,3,0,1,18,0,0
TCGA-GM-A2DK-01A-21D-A17W-09,0,5,0,2,1,18,1,0,1,9,0,0
TCGA-GM-A2DL-01A-11D-A18P-09,0,2,0,1,3,33,4,0,1,4,1,0
TCGA-GM-A2DM-01A-11D-A17W-09,0,1,0,0,0,23,0,0,0,3,0,0
TCGA-GM-A2DN-01A-11D-A17W-09,0,0,0,0,0,15,1,0,0,3,0,0
TCGA-GM-A2DO-01A-11D-A19Y-09,0,6,0,4,5,123,13,0,3,64,2,0
TCGA-GM-A3NW-01A-21D-A228-09,3,11,0,1,3,46,1,0,3,26,1,0
TCGA-GM-A3XL-01A-11D-A22X-09,2,29,1,2,12,67,8,1,2,17,3,0
TCGA-GM-A4E0-01A-12D-A25Q-09,0,2,0,1,4,13,0,0,2,12,0,0
TCGA-GM-A5PV-01A-11D-A28B-09,0,8,0,2,2,24,0,0,0,10,1,0
TCGA-GM-A5PX-01A-12D-A28B-09,1,7,0,4,1,18,4,0,0,7,0,0
TCGA-GN-A262-06A-11D-A196-08,1,21,5,9,11,261,17,0,10,154,6,0
TCGA-GN-A263-01A-11D-A196-08,0,23,1,10,14,346,14,0,3,181,10,1
TCGA-GN-A264-06A-11D-A196-08,0,4,0,4,1,36,2,0,0,13,1,0
TCGA-GN-A265-06A-21D-A197-08,1,12,3,3,7,184,13,0,4,79,4,0
TCGA-GN-A266-06A-11D-A197-08,11,187,20,103,136,2894,178,1,56,1718,38,5
TCGA-GN-A267-06A-21D-A196-08,2,26,4,16,19,311,22,0,5,190,4,1
TCGA-GN-A268-06A-11D-A196-08,1,14,0,9,14,258,14,1,4,130,6,0
TCGA-GN-A269-01A-11D-A19A-08,4,24,4,16,21,534,29,0,11,343,10,2
TCGA-GN-A26A-06A-11D-A19A-08,3,8,0,7,9,262,11,0,7,142,3,0
TCGA-GN-A26C-01A-11D-A19A-08,9,92,10,26,57,1362,79,0,34,819,19,0
TCGA-GN-A26D-06A-11D-A19A-08,0,4,0,1,1,32,5,0,0,14,1,0
TCGA-GN-A4U3-06A-11D-A32N-08,2,25,2,11,16,244,9,0,16,133,3,0
TCGA-GN-A4U4-06A-11D-A32N-08,6,57,7,28,31,514,36,0,18,272,5,1
TCGA-GN-A4U5-01A-11D-A32N-08,0,30,2,8,14,244,17,0,5,128,5,0
TCGA-GN-A4U7-06A-21D-A32N-08,1,15,0,7,7,180,10,0,4,118,4,1
TCGA-GN-A4U8-06A-11D-A32N-08,1,26,2,12,20,299,23,2,11,143,5,2
TCGA-GN-A4U9-06A-11D-A32N-08,0,1,0,2,1,54,2,0,0,17,0,0
TCGA-GN-A8LK-06A-11D-A372-08,12,152,14,79,81,1481,94,0,34,819,23,3
TCGA-GN-A8LL-06A-21D-A372-08,1,7,0,2,3,39,3,0,0,15,0,0
TCGA-GN-A8LN-01A-11D-A372-08,2,16,0,11,11,201,14,0,3,98,4,0
TCGA-GN-A9SD-06A-11D-A401-08,1,7,2,2,8,106,13,0,4,59,2,0
TCGA-GR-A4D4-01A-11D-A31X-10,0,13,0,7,3,79,3,0,0,24,6,0
TCGA-GR-A4D5-01A-11D-A31X-10,1,3,2,2,1,48,4,0,0,21,1,0
TCGA-GR-A4D6-01A-11D-A31X-10,0,3,0,3,5,44,2,0,1,24,1,0
TCGA-GR-A4D9-01B-11D-A31X-10,0,5,1,2,2,64,3,0,3,22,2,0
TCGA-GS-A9TQ-01A-11D-A382-10,0,14,1,15,13,138,13,0,2,57,8,0
TCGA-GS-A9TT-01A-11D-A382-10,0,27,8,20,5,200,14,0,4,88,3,1
TCGA-GS-A9TU-01A-11D-A382-10,1,7,0,4,2,50,3,0,0,23,0,0
TCGA-GS-A9TV-01A-11D-A382-10,1,10,0,5,5,78,5,0,1,26,1,0
TCGA-GS-A9TW-01A-11D-A382-10,2,46,3,19,9,242,15,0,2,108,6,0
TCGA-GS-A9TX-01A-11D-A382-10,0,7,2,3,7,56,6,0,0,34,1,0
TCGA-GS-A9TY-01A-11D-A38X-10,1,17,0,13,9,134,7,0,2,41,0,1
TCGA-GS-A9TZ-01A-11D-A38X-10,3,44,7,39,33,326,24,0,6,137,10,3
TCGA-GS-A9U3-01A-11D-A38X-10,0,4,1,3,7,71,7,0,1,21,0,0
TCGA-GS-A9U4-01A-11D-A38X-10,0,3,0,1,0,30,1,0,1,14,0,0
TCGA-GU-A42P-01A-11D-A23U-08,1,14,0,6,7,186,22,0,4,114,2,0
TCGA-GU-A42Q-01A-11D-A23U-08,0,10,1,4,5,137,16,0,5,58,4,0
TCGA-GU-A42R-01A-11D-A23M-08,0,10,0,9,12,110,11,0,2,67,4,0
TCGA-GU-A762-01A-11D-A339-08,0,5,1,2,1,75,10,0,0,31,0,0
TCGA-GU-A763-01A-11D-A32B-08,0,1,0,1,3,48,7,0,0,22,0,0
TCGA-GU-A764-01A-11D-A34U-08,0,10,0,3,2,100,11,0,3,38,0,0
TCGA-GU-A766-01A-11D-A32B-08,2,13,0,4,13,145,16,0,1,56,0,1
TCGA-GU-A767-01A-11D-A32B-08,4,21,1,6,17,319,27,1,6,112,4,1
TCGA-GU-AATO-01A-11D-A391-08,0,11,2,10,17,253,21,3,4,94,5,0
TCGA-GU-AATP-01A-11D-A391-08,1,20,0,9,15,242,28,1,5,92,8,1
TCGA-GU-AATQ-01A-11D-A391-08,0,12,1,4,6,124,15,0,4,54,3,0
TCGA-GV-A3JV-01A-11D-A21Z-08,0,7,1,2,4,89,7,0,2,38,2,0
TCGA-GV-A3JW-01A-11D-A20D-08,0,3,0,4,3,60,4,0,0,22,4,1
TCGA-GV-A3JX-01A-11D-A20D-08,1,4,1,4,12,239,15,0,6,76,5,0
TCGA-GV-A3JZ-01A-11D-A21A-08,2,19,4,20,11,366,36,0,5,129,9,0
TCGA-GV-A3QF-01A-31D-A22Z-08,1,6,0,3,5,102,7,0,1,41,5,1
TCGA-GV-A3QG-01A-11D-A21Z-08,0,7,0,4,3,68,5,0,1,20,2,0
TCGA-GV-A3QH-01A-11D-A21Z-08,0,4,0,6,6,132,10,0,2,49,6,0
TCGA-GV-A3QI-01A-11D-A21Z-08,5,18,1,9,22,350,24,0,7,149,16,0
TCGA-GV-A3QK-01B-11D-A23M-08,0,9,0,5,4,104,7,0,3,47,3,0
TCGA-GV-A40E-01A-12D-A23M-08,0,10,0,1,0,119,13,1,0,49,2,0
TCGA-GV-A40G-01A-11D-A23M-08,1,7,0,6,3,129,8,0,4,51,4,0
TCGA-GV-A6ZA-01A-12D-A339-08,1,18,0,7,11,252,24,2,3,83,4,1
TCGA-H2-A26U-01A-11D-A16O-08,0,0,0,0,0,4,0,0,0,0,0,0
TCGA-H2-A2K9-01A-11D-A17V-08,0,0,0,0,0,8,3,0,0,0,0,0
TCGA-H2-A3RH-01A-11D-A21Z-08,0,1,0,1,0,9,0,0,0,6,0,0
TCGA-H2-A3RI-01A-11D-A21Z-08,0,0,0,0,0,3,0,0,0,1,0,0
TCGA-H2-A421-01A-11D-A23M-08,0,1,0,2,2,18,0,0,0,8,0,0
TCGA-H2-A422-01A-11D-A23M-08,0,2,0,0,1,9,1,0,0,3,0,0
TCGA-H4-A2HO-01A-11D-A17V-08,1,1,0,3,3,65,7,0,0,36,1,0
TCGA-H4-A2HQ-01A-11D-A17V-08,2,24,1,18,18,335,34,0,8,141,12,1
TCGA-H5-A2HR-01A-11D-A17W-09,4,12,0,0,0,35,4,0,0,10,1,0
TCGA-H6-8124-01A-11D-2396-08,0,1,0,3,1,28,1,0,0,8,2,0
TCGA-H6-A45N-01A-11D-A26I-08,0,0,0,2,0,21,0,0,0,4,0,0
TCGA-H7-7774-01A-21D-2078-08,1,1,0,2,5,118,8,0,1,40,0,0
TCGA-H7-8501-01A-11D-2394-08,0,8,1,5,5,118,13,0,2,38,3,0
TCGA-H7-A6C4-01A-11D-A30E-08,0,3,0,2,0,29,2,0,0,10,0,0
TCGA-H7-A6C5-01A-11D-A30E-08,0,5,1,3,2,67,6,0,2,35,5,0
TCGA-H7-A76A-01A-51D-A34J-08,1,11,0,1,4,54,4,0,2,24,1,0
TCGA-H8-A6C1-01A-11D-A32N-08,0,0,0,1,0,18,2,0,1,7,0,0
TCGA-H9-7775-01A-11D-2114-08,0,2,0,0,0,22,2,0,1,14,0,0
TCGA-H9-A6BX-01A-31D-A30X-08,0,0,0,0,0,4,1,0,0,2,0,0
TCGA-H9-A6BY-01A-11D-A30E-08,0,0,0,0,0,19,0,0,1,7,1,0
TCGA-HB-A2OT-01A-11D-A21Q-09,1,11,0,5,4,49,4,0,3,16,1,0
TCGA-HB-A3L4-01A-11D-A21Q-09,0,8,0,1,0,20,1,0,1,13,1,0
TCGA-HB-A3YV-01A-11D-A24N-09,1,10,0,0,3,44,1,0,1,14,1,0
TCGA-HB-A43Z-01A-11D-A24N-09,0,17,0,4,6,47,4,0,2,13,2,1
TCGA-HB-A5W3-01A-11D-A29N-09,1,4,0,0,4,20,2,0,1,11,1,0
TCGA-HC-7075-01A-11D-1961-08,1,2,1,0,0,19,3,0,0,5,0,0
TCGA-HC-7077-01A-11D-1961-08,0,0,0,0,3,37,2,0,2,12,3,0
TCGA-HC-7078-01A-11D-2114-08,0,2,0,0,2,27,1,0,1,7,0,0
TCGA-HC-7080-01A-11D-1961-08,1,1,0,0,2,20,1,0,0,10,0,0
TCGA-HC-7081-01A-11D-1961-08,0,2,0,0,0,21,1,0,0,7,1,0
TCGA-HC-7209-01A-11D-2114-08,0,3,0,2,1,13,2,0,0,5,0,0
TCGA-HC-7210-01A-11D-2114-08,0,2,0,0,0,20,3,0,1,12,1,0
TCGA-HC-7211-01A-11D-2114-08,1,1,0,0,1,20,0,0,0,4,0,0
TCGA-HC-7212-01A-11D-2114-08,0,0,0,0,0,22,5,0,0,8,0,0
TCGA-HC-7213-01A-11D-2114-08,0,0,0,3,2,29,0,0,0,14,1,0
TCGA-HC-7230-01A-11D-2114-08,0,1,0,0,1,18,1,0,0,9,1,0
TCGA-HC-7231-01A-11D-2114-08,0,0,0,1,2,25,2,0,0,17,1,0
TCGA-HC-7232-01A-11D-2114-08,0,2,1,1,1,23,0,0,0,13,0,0
TCGA-HC-7233-01A-11D-2114-08,1,1,0,1,0,24,2,0,0,11,0,0
TCGA-HC-7736-01A-11D-2114-08,0,0,0,2,1,15,1,0,0,3,0,0
TCGA-HC-7737-01A-11D-2114-08,0,1,0,3,0,15,0,0,0,1,0,0
TCGA-HC-7738-01A-11D-2114-08,0,0,1,1,0,28,2,0,0,7,1,0
TCGA-HC-7740-01A-11D-2114-08,0,0,0,0,3,15,1,0,0,6,0,0
TCGA-HC-7742-01A-11D-2114-08,0,3,0,0,1,25,1,0,2,8,0,0
TCGA-HC-7744-01A-11D-2114-08,0,0,1,2,0,29,0,0,1,1,0,0
TCGA-HC-7745-01A-11D-2114-08,0,1,0,2,0,21,0,0,0,11,1,0
TCGA-HC-7747-01A-11D-2114-08,0,1,0,2,0,23,2,0,1,11,0,0
TCGA-HC-7748-01A-11D-2114-08,0,1,0,1,2,20,0,0,0,6,0,0
TCGA-HC-7749-01A-11D-2114-08,0,3,0,2,2,39,5,0,0,4,1,0
TCGA-HC-7750-01A-11D-2114-08,0,1,0,0,0,14,1,0,0,4,0,0
TCGA-HC-7752-01A-11D-2114-08,0,1,0,1,0,27,5,0,0,5,0,0
TCGA-HC-7817-01B-11D-A29Q-08,0,1,0,1,1,14,2,0,0,7,0,0
TCGA-HC-7818-01A-11D-2114-08,0,1,0,0,1,21,1,0,0,5,0,0
TCGA-HC-7819-01A-11D-2114-08,0,0,0,1,1,19,0,0,1,3,0,0
TCGA-HC-7820-01A-11D-2114-08,0,1,0,1,1,24,3,0,0,4,0,0
TCGA-HC-7821-01A-12D-2114-08,0,1,0,1,1,22,1,0,0,10,0,0
TCGA-HC-8213-01A-11D-A29Q-08,0,2,0,0,0,16,0,0,0,2,0,0
TCGA-HC-8216-01A-11D-A29Q-08,0,4,0,4,1,88,6,0,0,30,3,0
TCGA-HC-8256-01A-11D-2260-08,0,1,0,1,0,20,0,0,1,11,0,0
TCGA-HC-8257-01A-11D-2260-08,0,1,1,1,0,34,0,0,0,18,1,0
TCGA-HC-8258-01A-11D-2260-08,0,0,0,0,0,18,0,1,0,1,0,0
TCGA-HC-8259-01A-11D-2260-08,0,1,0,0,0,38,3,0,1,15,0,0
TCGA-HC-8260-01A-11D-2260-08,0,1,0,0,0,8,1,0,0,3,0,0
TCGA-HC-8261-01A-11D-2260-08,0,1,0,1,0,17,3,0,2,10,0,0
TCGA-HC-8262-01A-11D-2260-08,0,2,0,2,2,24,3,0,0,10,0,0
TCGA-HC-8264-01B-11D-2395-08,2,2,0,1,1,32,0,0,0,9,1,0
TCGA-HC-8265-01A-11D-2260-08,1,3,0,2,0,41,4,0,0,18,2,0
TCGA-HC-8266-01A-11D-2260-08,0,1,1,0,0,19,1,0,1,7,0,0
TCGA-HC-A48F-01A-11D-A257-08,0,2,0,1,0,17,0,0,0,8,0,0
TCGA-HC-A4ZV-01A-11D-A26M-08,0,6,0,4,5,92,5,1,3,26,4,0
TCGA-HC-A631-01A-11D-A29Q-08,1,0,1,2,6,23,4,0,0,12,2,0
TCGA-HC-A632-01A-11D-A29Q-08,1,1,1,0,0,29,1,0,0,11,0,0
TCGA-HC-A6AL-01A-11D-A30E-08,0,3,0,3,3,31,1,1,2,15,1,0
TCGA-HC-A6AN-01A-11D-A30E-08,0,1,0,1,1,27,1,0,1,8,0,0
TCGA-HC-A6AO-01A-11D-A30E-08,1,3,0,1,0,23,1,0,0,19,1,0
TCGA-HC-A6AP-01A-11D-A30E-08,0,0,0,0,0,26,2,0,0,4,0,0
TCGA-HC-A6AQ-01A-11D-A30E-08,0,1,0,1,0,19,0,0,0,10,0,0
TCGA-HC-A6AS-01A-11D-A30E-08,0,1,0,0,0,18,4,0,1,5,1,0
TCGA-HC-A6HX-01A-11D-A31L-08,0,1,0,0,0,17,2,0,0,5,1,0
TCGA-HC-A6HY-01A-11D-A31L-08,0,0,0,1,0,19,3,0,0,5,1,0
TCGA-HC-A76W-01A-11D-A33T-08,0,1,0,1,0,25,3,0,0,16,0,0
TCGA-HC-A76X-01A-11D-A33T-08,0,0,1,1,0,26,2,0,0,4,1,0
TCGA-HC-A8CY-01A-11D-A364-08,0,1,0,1,2,21,1,0,0,13,0,0
TCGA-HC-A8D0-01A-11D-A364-08,0,1,0,1,0,20,3,0,0,10,0,0
TCGA-HC-A8D1-01A-11D-A364-08,0,1,0,0,2,21,0,0,0,6,0,0
TCGA-HC-A9TE-01A-11D-A41K-08,0,0,0,1,1,38,3,0,2,16,0,0
TCGA-HC-A9TH-01A-11D-A41K-08,0,0,0,0,0,40,2,0,1,15,2,0
TCGA-HD-7229-01A-11D-2012-08,0,7,0,4,2,124,9,0,1,41,0,0
TCGA-HD-7753-01A-11D-2078-08,0,4,0,2,2,74,7,0,3,20,1,0
TCGA-HD-7754-01A-11D-2078-08,0,5,0,1,2,43,1,0,0,23,3,0
TCGA-HD-7831-01A-11D-2129-08,1,1,0,0,1,24,2,0,1,12,1,0
TCGA-HD-7832-01A-11D-2129-08,0,3,0,3,4,73,4,0,4,33,0,0
TCGA-HD-8224-01A-11D-2394-08,0,3,0,1,5,60,4,0,2,15,2,0
TCGA-HD-8314-01A-11D-2394-08,0,4,1,1,4,56,3,0,1,21,1,0
TCGA-HD-8634-01A-11D-2394-08,0,4,0,3,2,56,0,0,0,21,1,0
TCGA-HD-8635-01A-11D-2394-08,0,10,1,8,11,155,10,0,1,69,5,0
TCGA-HD-A4C1-01A-11D-A24D-08,0,7,1,2,7,150,9,0,3,69,5,1
TCGA-HD-A633-01A-11D-A28R-08,1,6,0,5,3,97,9,0,1,42,1,0
TCGA-HD-A634-01A-11D-A28R-08,0,5,0,1,2,29,1,0,1,15,1,0
TCGA-HD-A6HZ-01A-12D-A31L-08,0,0,0,4,2,56,10,0,1,32,0,0
TCGA-HD-A6I0-01A-11D-A31L-08,1,3,0,5,3,61,1,0,2,20,0,0
TCGA-HE-7128-01A-11D-1961-08,0,2,0,1,0,27,1,0,0,6,0,0
TCGA-HE-7129-01A-11D-1961-08,0,3,0,0,0,26,2,0,0,17,0,0
TCGA-HE-7130-01A-11D-1961-08,1,7,0,4,9,142,11,0,1,41,1,0
TCGA-HE-A5NF-01A-11D-A26P-10,0,7,1,0,4,53,2,0,0,15,1,1
TCGA-HE-A5NH-01A-11D-A26P-10,0,12,0,6,5,62,0,0,3,13,4,0
TCGA-HE-A5NI-01A-11D-A26P-10,0,12,0,5,4,64,4,0,1,30,3,0
TCGA-HE-A5NJ-01A-11D-A26P-10,2,3,0,3,1,48,5,0,0,16,0,0
TCGA-HE-A5NK-01A-11D-A26P-10,0,9,0,4,4,64,4,0,3,24,1,0
TCGA-HE-A5NL-01A-11D-A26P-10,0,6,1,2,3,51,1,0,1,25,2,0
TCGA-HF-7131-01A-11D-2053-08,0,5,0,3,3,69,6,0,0,28,1,0
TCGA-HF-7132-01A-11D-2053-08,3,38,4,20,29,827,47,0,15,379,17,1
TCGA-HF-7133-01A-11D-2053-08,0,2,2,0,2,58,6,0,2,17,0,0
TCGA-HF-7134-01A-11D-2053-08,0,10,0,5,6,231,12,0,2,82,7,0
TCGA-HF-7136-01A-11D-2053-08,0,3,1,2,3,61,3,0,1,20,2,0
TCGA-HF-A5NB-01A-11D-A31L-08,4,81,12,29,45,904,33,1,18,402,26,1
TCGA-HG-A2PA-01A-11D-A20U-09,1,7,1,0,6,56,1,1,3,24,1,1
TCGA-HG-A9SC-01A-21D-A42O-09,3,17,1,3,3,63,8,0,3,22,0,0
TCGA-HI-7168-01A-11D-2114-08,0,5,2,2,0,32,3,0,0,18,1,1
TCGA-HI-7169-01A-11D-2114-08,0,1,0,0,0,25,1,0,0,17,0,0
TCGA-HI-7170-01A-11D-2114-08,1,1,0,0,1,18,2,0,0,5,2,0
TCGA-HI-7171-01A-12D-2114-08,0,1,1,1,0,23,3,0,1,12,2,0
TCGA-HJ-7597-01A-21D-2201-08,3,29,1,10,17,497,28,0,3,269,19,0
TCGA-HM-A3JJ-01A-21D-A21Q-09,0,7,2,3,5,53,5,0,3,14,0,0
TCGA-HM-A3JK-01A-11D-A21Q-09,2,12,0,3,0,41,3,0,0,22,0,0
TCGA-HM-A6W2-01A-21D-A33O-09,0,9,1,4,1,30,3,0,0,26,1,0
TCGA-HN-A2NL-01A-11D-A18P-09,0,7,0,1,1,54,4,0,1,21,2,0
TCGA-HN-A2OB-01A-21D-A27P-09,1,2,0,0,1,13,0,0,0,2,0,0
TCGA-HP-A5MZ-01A-21D-A27I-10,0,4,0,1,3,39,2,0,0,14,0,0
TCGA-HP-A5N0-01A-11D-A28X-10,1,8,2,4,4,114,3,0,3,37,2,0
TCGA-HQ-A2OE-01A-11D-A202-08,0,6,1,4,4,115,14,0,2,43,3,0
TCGA-HQ-A2OF-01A-11D-A26M-08,1,6,0,3,4,82,6,0,1,43,1,0
TCGA-HQ-A5ND-01A-11D-A26M-08,1,4,0,4,1,61,8,0,2,32,1,1
TCGA-HQ-A5NE-01A-12D-A289-08,0,19,1,12,10,297,29,0,8,119,2,1
TCGA-HR-A2OG-06A-21D-A197-08,1,10,0,5,4,148,9,0,3,74,0,0
TCGA-HR-A2OH-06A-11D-A197-08,0,9,0,6,3,81,5,0,6,47,0,0
TCGA-HR-A5NC-01A-11D-A27K-08,0,4,2,5,2,50,3,0,2,25,0,0
TCGA-HT-7467-01A-11D-2024-08,1,1,0,0,0,21,4,0,0,7,0,0
TCGA-HT-7468-01A-11D-2024-08,0,1,0,0,0,12,1,0,0,2,0,0
TCGA-HT-7469-01A-11D-2253-08,1,2,0,1,0,20,2,0,0,19,1,1
TCGA-HT-7470-01A-12D-2086-08,0,1,0,0,0,33,3,0,0,12,0,0
TCGA-HT-7471-01A-11D-2253-08,0,0,0,1,0,11,3,0,1,7,0,0
TCGA-HT-7472-01A-11D-2024-08,0,3,1,0,1,14,1,0,0,8,0,0
TCGA-HT-7473-01A-11D-2024-08,1,0,0,0,3,14,0,0,0,4,0,0
TCGA-HT-7474-01A-11D-2024-08,0,1,0,1,0,18,0,0,1,9,0,0
TCGA-HT-7475-01A-11D-2024-08,0,3,0,1,3,34,2,0,0,14,3,0
TCGA-HT-7476-01A-11D-2024-08,1,0,0,0,1,17,2,0,1,3,1,1
TCGA-HT-7477-01B-11D-A289-08,0,4,0,0,1,38,0,0,1,15,1,0
TCGA-HT-7478-01A-11D-2024-08,1,0,1,2,0,22,1,0,0,5,1,0
TCGA-HT-7479-01A-11D-2024-08,1,8,0,1,1,19,0,0,1,4,0,0
TCGA-HT-7480-01A-11D-2086-08,0,2,0,1,0,20,1,0,0,9,1,0
TCGA-HT-7481-01A-11D-2024-08,0,1,0,1,1,23,1,0,0,2,0,0
TCGA-HT-7482-01A-11D-2024-08,0,3,0,0,1,12,1,1,0,6,0,0
TCGA-HT-7483-01A-11D-2024-08,0,0,0,0,0,14,2,0,0,3,1,0
TCGA-HT-7485-01A-11D-2024-08,0,3,0,1,0,12,1,0,0,2,0,0
TCGA-HT-7601-01A-11D-2086-08,0,0,0,0,0,19,1,0,1,8,0,1
TCGA-HT-7602-01A-21D-2086-08,0,0,0,0,1,9,2,0,0,2,0,0
TCGA-HT-7603-01A-21D-2086-08,0,1,0,0,1,23,4,0,0,9,0,0
TCGA-HT-7604-01A-11D-2086-08,0,1,0,0,2,33,3,0,0,12,0,0
TCGA-HT-7605-01A-11D-2086-08,0,0,0,0,0,21,3,0,0,12,2,0
TCGA-HT-7606-01A-11D-2086-08,0,4,0,1,0,21,0,0,0,12,0,0
TCGA-HT-7607-01A-11D-2086-08,0,4,0,0,0,25,1,0,0,5,0,0
TCGA-HT-7608-01A-11D-2086-08,0,2,0,1,0,14,1,0,0,9,1,0
TCGA-HT-7609-01A-11D-2086-08,0,1,0,1,0,23,1,0,0,8,1,0
TCGA-HT-7610-01A-21D-2086-08,0,2,0,0,0,10,4,0,0,5,1,0
TCGA-HT-7611-01A-11D-2395-08,0,3,2,1,0,22,4,0,2,5,0,0
TCGA-HT-7616-01A-11D-2253-08,0,2,0,1,2,32,3,0,2,11,2,0
TCGA-HT-7620-01A-11D-2253-08,0,0,0,0,1,13,3,0,0,4,1,0
TCGA-HT-7676-01A-11D-2395-08,0,0,0,2,0,12,0,0,0,5,0,0
TCGA-HT-7677-01A-11D-2253-08,0,2,0,3,1,30,1,0,0,11,1,0
TCGA-HT-7680-01A-11D-2253-08,0,0,0,0,0,2,0,0,0,2,0,0
TCGA-HT-7681-01A-11D-2395-08,0,1,0,0,1,8,2,0,0,6,0,0
TCGA-HT-7684-01A-11D-2253-08,1,0,1,1,1,30,3,0,1,7,0,0
TCGA-HT-7686-01A-11D-2253-08,1,0,0,1,1,18,0,0,0,5,0,0
TCGA-HT-7687-01A-11D-2253-08,0,3,3,0,2,34,0,0,1,14,1,0
TCGA-HT-7688-01A-11D-2253-08,0,2,0,1,4,66,2,0,1,23,1,0
TCGA-HT-7689-01A-11D-2253-08,0,1,0,1,0,42,1,0,0,18,1,0
TCGA-HT-7690-01A-11D-2253-08,1,0,0,0,0,18,1,0,0,5,0,0
TCGA-HT-7691-01A-11D-2253-08,0,0,0,0,0,4,1,0,0,4,0,0
TCGA-HT-7692-01A-12D-2253-08,1,0,0,2,1,17,1,0,0,9,0,0
TCGA-HT-7693-01A-11D-2253-08,0,2,0,2,0,30,1,0,1,13,1,0
TCGA-HT-7694-01A-11D-2253-08,0,0,1,1,1,21,2,0,0,10,0,0
TCGA-HT-7695-01A-11D-2253-08,0,0,0,1,2,13,1,0,1,13,0,0
TCGA-HT-7854-01A-11D-2253-08,0,1,0,0,0,19,1,0,1,8,0,0
TCGA-HT-7855-01A-11D-2395-08,0,2,0,2,0,17,3,0,0,11,0,0
TCGA-HT-7856-01A-11D-2395-08,0,1,1,0,0,8,1,0,0,6,1,0
TCGA-HT-7857-01A-11D-2395-08,1,2,0,0,1,6,4,0,0,6,1,0
TCGA-HT-7858-01A-11D-2395-08,0,1,0,1,0,15,0,0,1,7,1,0
TCGA-HT-7860-01A-11D-2395-08,0,6,2,2,1,50,5,0,4,26,3,0
TCGA-HT-7873-01B-11D-2395-08,0,2,0,1,0,20,1,0,0,9,0,0
TCGA-HT-7874-01A-11D-2395-08,0,0,0,0,0,22,0,0,1,6,0,0
TCGA-HT-7875-01A-11D-2395-08,0,1,0,2,1,20,1,0,1,9,0,0
TCGA-HT-7877-01A-11D-2395-08,0,0,0,1,0,8,1,0,0,7,0,0
TCGA-HT-7879-01A-11D-2395-08,0,1,0,1,1,13,1,0,1,3,0,0
TCGA-HT-7880-01A-11D-2395-08,0,0,0,0,0,6,1,0,0,3,0,0
TCGA-HT-7881-01A-11D-2395-08,0,2,0,0,0,8,1,0,1,9,0,0
TCGA-HT-7882-01A-11D-2395-08,0,3,0,0,3,36,3,0,0,16,2,0
TCGA-HT-7884-01B-11D-2395-08,0,4,0,1,0,30,1,0,0,10,0,0
TCGA-HT-7902-01A-12D-2395-08,0,1,0,0,0,23,4,0,0,4,0,0
TCGA-HT-8010-01A-11D-2395-08,0,0,0,0,2,10,0,0,0,4,0,0
TCGA-HT-8011-01A-11D-2395-08,0,3,0,2,0,30,3,0,1,14,1,0
TCGA-HT-8012-01A-11D-2395-08,0,0,0,2,1,13,0,0,0,9,1,0
TCGA-HT-8013-01A-11D-2395-08,0,1,0,0,0,26,1,0,1,3,0,0
TCGA-HT-8015-01B-11D-A289-08,0,0,0,0,0,3,0,0,0,0,0,0
TCGA-HT-8018-01A-11D-2395-08,0,0,0,1,2,18,2,0,0,2,0,0
TCGA-HT-8104-01A-11D-2395-08,0,2,0,3,3,46,5,0,3,18,1,0
TCGA-HT-8105-01A-11D-2395-08,0,3,0,0,1,27,2,0,1,9,1,0
TCGA-HT-8106-01A-11D-2395-08,0,1,1,1,1,24,1,0,1,10,3,0
TCGA-HT-8107-01A-13D-2395-08,0,0,0,0,0,1,0,0,0,1,0,0
TCGA-HT-8108-01A-11D-2395-08,0,3,0,0,1,14,0,0,0,7,0,0
TCGA-HT-8109-01A-11D-2395-08,0,1,1,2,1,28,3,0,1,12,0,0
TCGA-HT-8110-01A-11D-2395-08,0,2,0,0,0,23,1,0,1,15,2,1
TCGA-HT-8111-01A-11D-2395-08,0,0,0,1,0,13,1,0,0,2,0,0
TCGA-HT-8113-01A-11D-2395-08,0,3,0,0,0,14,1,0,0,7,0,0
TCGA-HT-8114-01A-11D-2395-08,0,1,0,1,1,14,0,0,0,4,1,0
TCGA-HT-8558-01A-21D-2395-08,0,0,0,0,0,2,0,0,0,0,0,0
TCGA-HT-8563-01A-11D-2395-08,0,1,0,1,1,18,3,0,1,13,1,0
TCGA-HT-8564-01A-11D-2395-08,1,30,1,11,12,328,19,0,9,198,6,0
TCGA-HT-A4DS-01A-11D-A26M-08,0,2,0,1,0,29,0,0,0,9,1,0
TCGA-HT-A4DV-01A-11D-A26M-08,0,0,0,3,0,13,0,0,0,6,0,0
TCGA-HT-A5R5-01A-11D-A289-08,0,0,0,0,0,24,3,0,1,8,1,0
TCGA-HT-A5R7-01A-11D-A289-08,0,1,0,0,0,26,1,0,0,10,0,0
TCGA-HT-A5R9-01A-11D-A289-08,0,4,0,2,1,31,0,0,0,8,0,0
TCGA-HT-A5RA-01A-11D-A289-08,2,3,0,2,2,36,2,0,0,18,1,0
TCGA-HT-A5RB-01A-11D-A289-08,0,1,0,0,2,17,0,0,1,5,0,0
TCGA-HT-A5RC-01A-11D-A289-08,0,3,0,2,6,41,1,0,1,11,2,0
TCGA-HT-A614-01A-11D-A29Q-08,0,1,0,3,3,28,5,0,0,9,0,0
TCGA-HT-A615-01A-11D-A29Q-08,0,1,0,1,1,26,1,0,0,7,2,0
TCGA-HT-A616-01A-11D-A29Q-08,0,0,0,1,1,18,2,0,0,10,0,0
TCGA-HT-A617-01A-11D-A29Q-08,0,0,1,1,1,18,1,0,0,8,0,0
TCGA-HT-A618-01A-11D-A29Q-08,0,3,0,0,2,14,3,0,1,9,1,0
TCGA-HT-A619-01A-11D-A29Q-08,0,3,0,1,2,35,3,0,2,14,1,0
TCGA-HT-A61A-01A-11D-A29Q-08,0,0,0,0,0,7,0,0,0,1,0,0
TCGA-HT-A61B-01A-11D-A29Q-08,0,0,0,0,0,34,4,0,0,8,0,1
TCGA-HT-A61C-01A-11D-A29Q-08,0,3,0,0,0,32,1,0,0,9,1,0
TCGA-HT-A74H-01A-11D-A32B-08,0,3,0,1,1,40,1,0,0,16,0,0
TCGA-HT-A74J-01A-12D-A32B-08,0,0,0,0,1,23,2,0,0,3,1,0
TCGA-HT-A74K-01A-11D-A32B-08,0,1,0,0,0,25,0,0,0,10,0,0
TCGA-HT-A74L-01A-11D-A32B-08,0,0,0,0,0,11,0,0,0,5,2,0
TCGA-HT-A74O-01A-11D-A32B-08,0,0,0,1,1,16,1,0,0,7,0,0
TCGA-HU-8238-01A-11D-2340-08,0,6,2,1,8,128,10,0,3,42,2,0
TCGA-HU-8243-01A-11D-2340-08,0,9,1,2,6,97,6,0,2,37,1,0
TCGA-HU-8244-01A-11D-2340-08,0,6,1,6,1,94,4,0,2,49,2,0
TCGA-HU-8245-01A-11D-2340-08,0,3,0,2,2,46,3,0,0,17,4,0
TCGA-HU-8249-01A-11D-2340-08,0,6,1,2,4,112,6,0,0,44,0,0
TCGA-HU-8602-01A-11D-2394-08,7,64,6,40,40,1031,46,1,16,481,29,0
TCGA-HU-8604-01A-11D-2394-08,1,5,2,0,5,168,7,0,1,69,0,0
TCGA-HU-8608-01A-11D-2394-08,0,3,0,1,0,68,6,0,1,23,3,0
TCGA-HU-8610-01A-22D-2394-08,0,2,0,0,2,45,4,0,0,15,1,0
TCGA-HU-A4G2-01A-11D-A25D-08,0,3,0,1,1,31,5,0,1,19,2,0
TCGA-HU-A4G3-01A-11D-A24D-08,0,7,0,1,3,81,1,0,0,33,0,0
TCGA-HU-A4G6-01A-11D-A24D-08,1,1,1,0,2,63,1,1,2,24,0,0
TCGA-HU-A4G8-01A-11D-A25D-08,7,50,6,38,28,967,42,1,13,447,18,4
TCGA-HU-A4G9-01A-11D-A24D-08,3,36,2,21,17,496,22,0,11,231,12,0
TCGA-HU-A4GC-01A-12D-A25D-08,1,6,0,3,2,99,10,0,2,44,3,0
TCGA-HU-A4GD-01A-11D-A25D-08,1,5,0,0,7,67,3,0,1,22,1,0
TCGA-HU-A4GF-01A-11D-A24D-08,0,7,0,2,2,109,6,1,1,38,3,0
TCGA-HU-A4GH-01A-11D-A24D-08,3,28,3,22,22,695,5,1,15,158,7,0
TCGA-HU-A4GJ-01A-11D-A25D-08,0,1,0,0,0,3,0,0,0,2,0,0
TCGA-HU-A4GN-01A-11D-A25D-08,3,48,4,15,26,781,40,1,13,353,15,0
TCGA-HU-A4GP-01A-11D-A25D-08,1,12,2,6,7,154,6,0,2,71,2,0
TCGA-HU-A4GQ-01A-11D-A25D-08,2,60,6,39,36,1209,61,2,21,565,26,3
TCGA-HU-A4GT-01A-21D-A25D-08,4,52,3,28,43,866,29,1,11,419,26,4
TCGA-HU-A4GU-01A-11D-A25D-08,8,59,5,23,40,1038,49,0,14,476,14,0
TCGA-HU-A4GX-01A-12D-A25D-08,7,47,3,19,34,772,46,1,14,364,22,0
TCGA-HU-A4GY-01A-21D-A24D-08,0,4,1,0,0,49,2,0,0,22,1,0
TCGA-HU-A4H0-01A-11D-A25D-08,1,5,1,3,3,143,7,0,1,51,1,0
TCGA-HU-A4H2-01A-11D-A25D-08,1,12,1,5,10,136,10,0,6,45,2,0
TCGA-HU-A4H3-01A-21D-A25D-08,6,42,5,23,29,559,27,0,14,258,20,0
TCGA-HU-A4H4-01A-21D-A25D-08,3,19,1,11,21,474,14,0,10,202,12,0
TCGA-HU-A4H5-01A-21D-A25D-08,1,13,3,5,6,204,15,0,6,65,9,1
TCGA-HU-A4H6-01A-11D-A25D-08,0,7,0,4,2,89,3,0,0,41,2,0
TCGA-HU-A4H8-01A-11D-A25D-08,4,47,5,29,19,757,31,1,24,356,15,0
TCGA-HU-A4HB-01A-12D-A25D-08,0,1,0,0,1,9,0,0,0,1,1,0
TCGA-HU-A4HD-01A-11D-A25D-08,0,6,1,1,12,137,11,1,4,51,2,0
TCGA-HV-A5A3-01A-11D-A26I-08,1,1,0,0,1,26,4,0,2,10,0,0
TCGA-HV-A5A4-01A-11D-A26I-08,0,1,0,3,0,31,2,0,0,9,0,0
TCGA-HV-A5A5-01A-11D-A26I-08,0,1,0,0,1,17,0,0,0,8,0,0
TCGA-HV-A5A6-01A-11D-A26I-08,0,2,0,2,1,31,2,0,3,15,2,0
TCGA-HV-A7OL-01A-11D-A33T-08,2,2,1,1,0,42,2,0,0,10,2,0
TCGA-HV-A7OP-01A-11D-A33T-08,0,3,1,2,3,62,2,1,0,34,1,0
TCGA-HV-AA8V-01A-11D-A40W-08,0,2,0,0,0,27,0,0,0,11,1,0
TCGA-HV-AA8X-01A-11D-A397-08,0,3,0,3,3,37,2,0,0,16,0,0
TCGA-HW-7486-01A-11D-2024-08,0,1,0,0,1,7,1,0,1,7,0,0
TCGA-HW-7487-01A-11D-2024-08,0,2,0,0,1,13,0,0,1,6,0,0
TCGA-HW-7489-01A-11D-2024-08,0,2,0,0,0,14,2,0,2,6,3,0
TCGA-HW-7490-01A-11D-2024-08,0,0,1,0,3,26,0,0,0,13,1,0
TCGA-HW-7491-01A-11D-2024-08,0,4,0,0,1,12,0,0,0,4,1,0
TCGA-HW-7495-01A-11D-2024-08,0,0,0,2,0,14,1,0,0,4,1,0
TCGA-HW-8319-01A-11D-2395-08,0,2,0,0,1,23,1,0,1,11,0,0
TCGA-HW-8320-01A-11D-2395-08,1,0,0,1,0,20,2,0,0,13,0,1
TCGA-HW-8321-01A-11D-2395-08,0,2,1,0,3,28,2,0,1,7,0,0
TCGA-HW-8322-01A-11D-2395-08,0,0,1,1,0,20,0,0,1,4,1,0
TCGA-HW-A5KJ-01A-12D-A27K-08,0,0,1,1,0,16,0,0,1,7,1,0
TCGA-HW-A5KK-01A-11D-A27K-08,0,1,0,3,1,31,2,0,0,10,0,0
TCGA-HW-A5KL-01A-11D-A27K-08,1,0,0,1,0,19,0,0,0,1,0,0
TCGA-HW-A5KM-01A-11D-A27K-08,0,0,1,1,1,13,1,0,0,4,0,0
TCGA-HZ-7289-01A-11D-2154-08,0,5,0,0,4,57,6,0,1,22,2,0
TCGA-HZ-7918-01A-11D-2154-08,0,13,1,6,0,100,3,0,3,32,3,0
TCGA-HZ-7919-01A-11D-2154-08,0,4,1,4,0,43,3,0,1,16,1,0
TCGA-HZ-7920-01A-11D-2201-08,0,1,0,0,0,1,0,0,1,0,0,0
TCGA-HZ-7922-01A-11D-2154-08,0,0,0,0,1,34,2,0,0,10,1,0
TCGA-HZ-7924-01A-11D-2154-08,0,0,0,0,0,1,0,0,0,0,0,0
TCGA-HZ-7925-01A-11D-2154-08,0,2,1,0,0,16,2,0,0,10,0,0
TCGA-HZ-7926-01A-11D-2154-08,0,3,0,2,1,24,6,0,0,14,0,0
TCGA-HZ-8001-01A-11D-2201-08,0,1,0,1,1,36,3,0,0,14,1,0
TCGA-HZ-8002-01A-11D-2201-08,0,1,1,0,0,12,1,0,0,6,0,0
TCGA-HZ-8003-01A-21D-2201-08,0,1,0,1,1,9,0,0,0,8,0,0
TCGA-HZ-8005-01A-11D-2201-08,0,3,1,1,3,43,3,1,0,17,3,0
TCGA-HZ-8315-01A-11D-2396-08,1,3,0,0,3,44,3,0,2,21,0,0
TCGA-HZ-8317-01A-11D-2396-08,0,1,0,0,0,8,0,0,1,4,0,0
TCGA-HZ-8636-01A-21D-2396-08,0,5,0,1,3,44,1,0,0,10,0,0
TCGA-HZ-8637-01A-11D-2396-08,0,5,1,3,1,27,0,0,0,10,0,0
TCGA-HZ-8638-01A-11D-2396-08,0,0,0,0,0,1,0,0,0,0,0,0
TCGA-HZ-A49G-01A-11D-A26I-08,0,5,0,0,0,31,1,0,0,8,1,0
TCGA-HZ-A49H-01A-11D-A26I-08,0,0,0,1,0,7,0,0,1,2,0,0
TCGA-HZ-A49I-01A-12D-A26I-08,0,2,1,3,1,35,1,0,1,12,2,0
TCGA-HZ-A4BH-01A-11D-A26I-08,1,3,0,2,0,53,2,0,1,18,0,0
TCGA-HZ-A4BK-01A-11D-A26I-08,0,3,0,1,1,47,1,0,0,13,1,0
TCGA-HZ-A77O-01A-11D-A33T-08,0,1,0,2,3,21,1,0,0,5,0,0
TCGA-HZ-A77P-01A-11D-A33T-08,0,5,0,2,3,35,2,0,1,11,1,0
TCGA-HZ-A77Q-01A-11D-A36O-08,0,2,0,2,1,37,1,0,1,13,4,0
TCGA-HZ-A8P0-01A-11D-A36O-08,0,2,0,1,2,21,1,0,1,19,0,0
TCGA-HZ-A8P1-01A-11D-A377-08,0,3,1,0,0,36,2,0,2,26,1,0
TCGA-HZ-A9TJ-01A-11D-A40W-08,0,8,0,0,2,63,7,0,2,25,1,0
TCGA-IA-A40U-01A-11D-A25F-10,0,3,0,2,2,39,2,0,1,8,2,0
TCGA-IA-A40X-01A-11D-A25F-10,0,0,1,2,1,22,1,0,0,4,0,0
TCGA-IA-A40Y-01A-11D-A25F-10,0,5,0,2,5,63,3,0,2,20,0,0
TCGA-IA-A83S-01A-11D-A34Z-10,2,14,1,3,5,96,6,0,0,31,2,0
TCGA-IA-A83T-01A-11D-A34Z-10,0,6,0,2,5,34,2,0,1,18,5,1
TCGA-IA-A83V-01A-11D-A34Z-10,0,10,0,4,4,43,3,0,0,22,2,0
TCGA-IA-A83W-01A-11D-A34Z-10,0,9,0,6,4,55,2,0,1,14,0,0
TCGA-IB-7644-01A-11D-2154-08,0,1,0,1,1,22,1,0,1,7,0,0
TCGA-IB-7645-01A-22D-2201-08,0,0,0,2,1,29,3,0,0,14,1,0
TCGA-IB-7646-01A-11D-2154-08,0,1,0,2,0,47,3,0,0,13,1,0
TCGA-IB-7647-01A-11D-2154-08,0,5,0,0,2,38,3,1,2,16,1,0
TCGA-IB-7649-01A-11D-2154-08,0,3,0,0,0,33,2,0,0,7,1,0
TCGA-IB-7651-01A-11D-2154-08,79,1038,80,410,563,12816,860,5,236,4993,339,8
TCGA-IB-7652-01A-11D-2154-08,0,3,1,2,5,72,4,0,1,22,1,0
TCGA-IB-7654-01A-11D-2154-08,0,2,1,2,2,26,3,0,1,15,0,0
TCGA-IB-7885-01A-11D-2154-08,0,1,0,1,1,28,1,0,2,17,1,0
TCGA-IB-7886-01A-11D-2154-08,0,2,0,1,1,35,1,0,0,15,1,0
TCGA-IB-7887-01A-11D-2154-08,0,2,0,1,1,18,4,0,0,6,0,0
TCGA-IB-7888-01A-11D-2154-08,0,0,0,0,1,29,2,0,1,11,0,0
TCGA-IB-7889-01A-11D-2154-08,0,2,0,1,0,31,4,0,2,15,1,0
TCGA-IB-7890-01A-12D-2201-08,0,1,0,1,0,53,3,0,0,19,0,0
TCGA-IB-7891-01A-11D-2201-08,1,4,0,2,1,26,2,0,1,13,1,0
TCGA-IB-7893-01A-11D-2201-08,1,1,0,1,2,30,0,0,0,9,0,0
TCGA-IB-7897-01A-21D-2201-08,0,0,0,0,0,1,1,0,0,5,0,0
TCGA-IB-8126-01A-11D-2396-08,0,0,0,0,0,11,1,0,0,4,0,0
TCGA-IB-8127-01A-11D-2396-08,1,2,0,1,2,20,4,0,2,22,1,0
TCGA-IB-A5SO-01A-11D-A32N-08,0,2,0,2,1,20,4,0,1,8,0,0
TCGA-IB-A5SP-01A-11D-A32N-08,0,1,1,0,0,31,1,0,1,15,0,0
TCGA-IB-A5SQ-01A-11D-A32N-08,0,1,0,2,2,31,1,0,1,10,0,0
TCGA-IB-A5SS-01A-11D-A32N-08,0,2,0,2,0,28,3,0,3,10,0,0
TCGA-IB-A5ST-01A-11D-A32N-08,0,0,0,0,0,7,0,0,0,4,0,0
TCGA-IB-A6UF-01A-23D-A33T-08,0,3,0,1,2,37,1,0,1,16,0,0
TCGA-IB-A6UG-01A-32D-A33T-08,0,7,0,2,1,49,3,1,0,22,3,0
TCGA-IB-A7LX-01A-12D-A36O-08,2,2,0,1,2,28,1,0,2,12,1,0
TCGA-IB-A7M4-01A-11D-A36O-08,0,2,1,1,4,51,2,0,2,14,1,0
TCGA-IB-AAUM-01A-11D-A377-08,0,0,0,1,1,20,0,0,0,4,0,0
TCGA-IB-AAUN-01A-12D-A38G-08,0,3,0,2,0,23,3,0,0,6,0,0
TCGA-IB-AAUO-01A-12D-A38G-08,0,6,0,1,2,31,4,0,1,13,1,0
TCGA-IB-AAUP-01A-11D-A377-08,0,4,0,2,0,33,2,0,0,10,1,0
TCGA-IB-AAUQ-01A-22D-A40W-08,1,2,0,1,1,47,1,0,0,15,1,1
TCGA-IB-AAUR-01A-21D-A38G-08,0,0,0,0,1,4,0,0,0,4,0,0
TCGA-IB-AAUS-01A-12D-A38G-08,0,0,0,0,0,5,0,0,0,1,0,0
TCGA-IB-AAUU-01A-11D-A377-08,0,4,0,3,0,34,0,0,2,15,1,0
TCGA-IB-AAUV-01A-11D-A38G-08,0,0,0,0,0,1,0,0,1,0,0,0
TCGA-IB-AAUW-01A-12D-A38G-08,0,2,0,0,0,0,0,0,0,2,0,0
TCGA-IC-A6RE-01A-11D-A33E-09,15,117,8,17,24,381,17,0,18,118,2,2
TCGA-IC-A6RF-01A-13D-A33E-09,2,26,2,2,5,76,4,1,1,41,4,0
TCGA-IE-A3OV-01A-11D-A228-09,1,11,0,1,1,27,0,0,0,14,1,1
TCGA-IE-A4EH-01A-11D-A24N-09,0,4,0,1,3,21,0,0,0,10,0,0
TCGA-IE-A4EI-01A-11D-A24N-09,0,2,0,1,3,21,0,0,1,10,0,0
TCGA-IE-A4EJ-01A-11D-A24N-09,0,7,0,8,3,37,2,0,5,19,1,0
TCGA-IE-A6BZ-01A-11D-A307-09,0,17,0,0,1,27,4,0,4,15,4,0
TCGA-IF-A4AJ-01A-11D-A24N-09,0,6,1,3,1,34,8,0,2,14,0,0
TCGA-IF-A4AK-01A-21D-A24N-09,1,3,0,0,1,25,0,0,0,3,1,0
TCGA-IG-A3I8-01A-11D-A247-09,2,17,0,3,6,79,6,0,2,35,2,0
TCGA-IG-A3QL-01A-11D-A247-09,2,26,0,5,4,67,5,1,4,40,1,0
TCGA-IG-A3Y9-01A-12D-A247-09,5,49,3,10,15,175,14,0,7,70,0,0
TCGA-IG-A3YA-01A-11D-A247-09,3,11,1,4,4,59,5,0,4,21,0,0
TCGA-IG-A3YB-01A-11D-A247-09,4,15,0,5,10,49,4,0,3,17,4,1
TCGA-IG-A3YC-01A-11D-A247-09,2,9,0,3,4,40,2,0,0,12,0,1
TCGA-IG-A4P3-01A-11D-A27G-09,3,50,4,11,7,162,9,0,10,43,2,0
TCGA-IG-A4QS-01A-11D-A27G-09,2,46,0,8,11,185,9,0,4,51,1,0
TCGA-IG-A4QT-01A-21D-A27G-09,0,2,0,1,0,1,0,0,1,2,0,0
TCGA-IG-A50L-01A-11D-A27G-09,0,19,0,5,6,89,5,0,2,28,0,0
TCGA-IG-A51D-01A-11D-A27G-09,2,28,4,2,6,104,5,0,4,46,3,1
TCGA-IG-A5B8-01A-11D-A28B-09,9,59,5,20,16,202,18,0,5,99,4,0
TCGA-IG-A5S3-01A-11D-A28B-09,1,17,1,2,7,50,1,0,3,23,2,0
TCGA-IG-A625-01A-11D-A31U-09,2,21,0,4,4,42,2,0,1,14,2,0
TCGA-IG-A6QS-01A-12D-A33E-09,1,11,1,5,7,48,1,0,7,17,1,0
TCGA-IG-A7DP-01A-31D-A33E-09,0,0,0,0,0,8,0,0,0,3,0,0
TCGA-IG-A8O2-01A-11D-A36J-09,3,43,4,7,13,101,7,0,2,42,2,0
TCGA-IG-A97H-01A-11D-A387-09,0,24,1,5,11,74,1,0,5,22,3,0
TCGA-IG-A97I-01A-11D-A387-09,0,27,1,8,9,84,9,1,6,33,1,0
TCGA-IH-A3EA-01A-11D-A20D-08,7,68,2,43,53,1143,80,0,30,581,7,1
TCGA-IK-7675-01A-11D-2086-08,0,1,0,1,0,33,3,0,0,9,0,0
TCGA-IK-8125-01A-11D-2253-08,0,1,0,1,3,37,5,0,0,15,2,0
TCGA-IM-A3EB-01A-11D-A202-08,0,0,0,0,0,7,0,0,0,1,0,0
TCGA-IM-A3ED-01A-11D-A202-08,0,0,0,0,0,4,0,0,0,6,1,0
TCGA-IM-A3U2-01A-21D-A22D-08,1,3,0,2,0,30,1,0,0,8,1,1
TCGA-IM-A3U3-01A-11D-A22D-08,0,0,0,0,0,20,0,0,0,2,1,0
TCGA-IM-A41Y-01A-11D-A23U-08,0,2,0,0,1,24,0,0,0,8,0,0
TCGA-IM-A420-01A-11D-A23M-08,0,0,0,1,0,3,0,0,0,3,0,0
TCGA-IM-A4EB-01A-11D-A257-08,0,0,0,1,0,10,1,0,0,3,0,0
TCGA-IN-7806-01A-11D-2053-08,0,1,1,1,1,55,6,0,1,20,3,0
TCGA-IN-7808-01A-11D-2201-08,0,0,0,1,5,83,10,0,0,28,4,0
TCGA-IN-8462-01A-11D-2340-08,2,7,2,0,2,88,5,0,4,31,1,1
TCGA-IN-8663-01A-11D-2394-08,3,16,2,13,8,127,6,0,3,48,2,0
TCGA-IN-A6RI-01A-11D-A32N-08,0,4,1,3,2,79,4,0,2,31,2,2
TCGA-IN-A6RJ-01A-21D-A33T-08,1,7,0,1,5,102,6,0,1,43,1,0
TCGA-IN-A6RL-01A-11D-A32N-08,2,20,2,14,16,353,21,0,7,124,5,0
TCGA-IN-A6RN-01A-12D-A33T-08,1,7,0,5,3,85,7,0,3,43,1,0
TCGA-IN-A6RO-01A-12D-A33T-08,3,14,3,12,5,232,16,0,2,72,3,0
TCGA-IN-A6RP-01A-21D-A33T-08,0,3,1,8,5,125,16,0,1,43,0,0
TCGA-IN-A6RR-01A-12D-A32N-08,1,11,1,3,4,112,8,0,3,52,2,0
TCGA-IN-A6RS-01A-12D-A34U-08,0,4,0,1,4,72,5,0,3,40,2,1
TCGA-IN-A7NR-01A-11D-A34U-08,0,1,1,2,0,74,1,0,3,27,4,0
TCGA-IN-A7NT-01A-21D-A34U-08,1,4,0,2,1,84,4,1,0,37,1,1
TCGA-IN-A7NU-01A-22D-A34U-08,1,2,0,0,4,73,3,0,2,30,2,0
TCGA-IN-AB1V-01A-21D-A410-08,0,0,0,2,0,44,0,0,1,26,2,0
TCGA-IN-AB1X-01A-11D-A397-08,0,10,1,4,2,95,3,0,3,23,0,0
TCGA-IP-7968-01A-11D-2201-08,0,5,1,1,2,84,11,0,1,27,1,0
TCGA-IQ-7630-01A-11D-2078-08,0,9,1,5,3,96,8,0,3,38,2,0
TCGA-IQ-7631-01A-11D-2078-08,0,2,0,2,0,18,2,0,0,15,0,0
TCGA-IQ-7632-01A-11D-2078-08,0,1,0,0,1,42,3,0,0,15,0,0
TCGA-IQ-A61E-01A-22D-A30E-08,1,7,0,6,10,130,19,0,0,61,4,0
TCGA-IQ-A61G-01A-11D-A30E-08,1,6,0,1,2,103,9,0,2,41,2,0
TCGA-IQ-A61H-01A-11D-A30E-08,1,9,0,7,9,114,4,0,2,40,3,0
TCGA-IQ-A61I-01A-11D-A30E-08,0,11,1,5,8,100,9,0,3,45,3,0
TCGA-IQ-A61J-01A-11D-A30E-08,0,6,0,1,1,28,3,0,0,11,1,0
TCGA-IQ-A61K-01A-11D-A30E-08,0,0,0,2,5,50,4,0,0,20,0,0
TCGA-IQ-A61L-01A-11D-A30E-08,0,3,0,5,3,66,6,1,0,23,0,0
TCGA-IQ-A61O-01A-11D-A30E-08,0,0,1,2,1,27,2,0,1,16,1,0
TCGA-IQ-A6SG-01A-12D-A34J-08,0,3,2,3,5,74,4,0,0,29,3,0
TCGA-IQ-A6SH-01A-12D-A34J-08,0,11,1,2,3,51,4,0,5,25,1,0
TCGA-IR-A3L7-01A-21D-A20U-09,0,9,0,3,2,18,1,0,4,10,1,0
TCGA-IR-A3LA-01A-11D-A22X-09,22,254,17,84,101,831,81,5,36,358,13,1
TCGA-IR-A3LB-01A-11D-A243-09,2,13,0,0,0,35,3,0,0,14,0,0
TCGA-IR-A3LC-01A-11D-A20U-09,0,14,1,4,2,28,1,0,3,8,1,0
TCGA-IR-A3LF-01A-21D-A22X-09,2,26,4,10,10,90,8,0,3,46,1,0
TCGA-IR-A3LH-01A-21D-A20U-09,9,194,10,58,68,650,71,0,20,274,11,1
TCGA-IR-A3LI-01A-11D-A20U-09,12,75,5,29,21,264,29,0,6,131,3,0
TCGA-IR-A3LK-01A-12D-A20U-09,19,322,14,81,108,1020,103,5,36,391,19,0
TCGA-IR-A3LL-01A-11D-A20U-09,9,73,1,21,25,291,27,1,13,129,6,1
TCGA-IS-A3K6-01A-11D-A21Q-09,1,4,0,4,1,26,3,0,0,8,0,0
TCGA-IS-A3K7-01A-11D-A21Q-09,1,19,1,5,6,80,10,1,5,28,2,0
TCGA-IS-A3K8-01A-11D-A21Q-09,0,2,0,2,0,7,1,0,1,3,0,0
TCGA-IS-A3KA-01A-11D-A21Q-09,0,12,0,7,8,43,2,0,2,15,2,0
TCGA-IW-A3M4-01A-11D-A21Q-09,0,5,0,1,0,15,3,0,0,5,1,0
TCGA-IW-A3M5-01A-22D-A21Q-09,2,3,0,1,1,32,0,0,2,19,1,0
TCGA-IW-A3M6-01A-11D-A21Q-09,2,10,0,1,5,41,2,0,3,21,1,0
TCGA-IZ-8195-01A-31D-2396-08,0,7,0,5,1,49,4,0,1,20,0,0
TCGA-IZ-8196-01A-11D-2396-08,0,4,0,0,3,67,0,0,1,23,0,0
TCGA-IZ-A6M8-01A-11D-A31X-10,0,11,0,4,4,52,2,1,0,28,3,0
TCGA-IZ-A6M9-01A-11D-A31X-10,1,1,0,2,5,50,5,0,1,12,1,0
TCGA-J1-A4AH-01A-31D-A24D-08,0,6,0,3,6,157,9,0,7,44,2,0
TCGA-J2-8192-01A-11D-2238-08,0,4,0,2,0,56,5,0,1,20,2,0
TCGA-J2-8194-01A-11D-2238-08,0,5,1,3,5,126,8,0,0,38,4,0
TCGA-J2-A4AD-01A-11D-A24D-08,0,18,1,11,11,251,19,3,2,93,8,0
TCGA-J2-A4AE-01A-21D-A24D-08,0,1,0,1,3,36,1,0,0,18,2,0
TCGA-J2-A4AG-01A-11D-A24D-08,0,1,0,6,1,66,7,0,1,29,2,1
TCGA-J4-8198-01A-11D-2260-08,0,1,0,0,0,22,1,0,2,7,0,0
TCGA-J4-8200-01A-11D-A29Q-08,0,0,0,0,0,13,3,0,0,3,0,0
TCGA-J4-A67K-01A-21D-A30E-08,0,1,0,0,2,23,1,0,0,5,0,0
TCGA-J4-A67L-01A-11D-A30E-08,0,0,0,0,1,22,3,0,1,10,0,0
TCGA-J4-A67M-01A-11D-A30E-08,0,1,0,1,1,23,2,0,2,13,1,0
TCGA-J4-A67N-01A-11D-A30E-08,0,2,0,1,0,18,0,0,0,8,1,0
TCGA-J4-A67O-01A-11D-A30E-08,0,2,0,0,2,14,0,0,0,8,0,0
TCGA-J4-A67Q-01A-21D-A30E-08,0,0,0,0,0,17,0,0,0,8,0,0
TCGA-J4-A67R-01A-21D-A30E-08,0,1,0,1,0,10,3,0,0,6,0,0
TCGA-J4-A67S-01A-11D-A30E-08,0,0,0,0,0,14,4,0,0,3,0,0
TCGA-J4-A67T-01A-11D-A30X-08,0,3,0,1,1,9,1,0,0,6,0,1
TCGA-J4-A6G1-01A-11D-A30X-08,0,0,0,0,0,13,0,0,0,6,0,0
TCGA-J4-A6G3-01A-11D-A30X-08,0,2,2,0,0,17,0,0,0,5,2,0
TCGA-J4-A6M7-01A-11D-A31L-08,0,0,0,0,0,11,1,0,0,10,0,0
TCGA-J4-A83I-01A-11D-A364-08,0,3,0,0,1,18,0,0,1,10,1,0
TCGA-J4-A83J-01A-11D-A364-08,0,3,0,0,2,29,4,0,0,19,1,0
TCGA-J4-A83K-01A-11D-A34U-08,1,0,0,0,1,21,1,0,0,8,0,0
TCGA-J4-A83L-01A-11D-A34U-08,0,0,0,0,0,13,0,0,1,10,0,0
TCGA-J4-A83M-01A-11D-A34U-08,0,0,0,1,0,25,3,0,1,10,1,0
TCGA-J4-A83N-01A-11D-A34U-08,0,0,0,0,1,14,0,0,0,9,0,0
TCGA-J4-AATV-01A-11D-A41K-08,0,0,0,0,0,1,1,0,1,2,1,0
TCGA-J4-AATZ-01A-11D-A41K-08,1,2,0,0,0,33,0,0,0,9,0,0
TCGA-J4-AAU2-01A-11D-A41K-08,0,0,0,0,0,21,2,0,0,7,0,0
TCGA-J7-6720-01A-11D-2136-08,0,1,0,1,2,19,1,0,1,9,3,0
TCGA-J7-8537-01A-11D-2396-08,0,7,0,1,6,30,1,0,0,8,2,0
TCGA-J7-A8I2-01A-12D-A35Z-10,1,9,0,7,7,39,4,0,0,12,0,0
TCGA-J8-A3NZ-01A-11D-A21A-08,0,0,1,0,0,6,0,0,0,4,1,0
TCGA-J8-A3O0-01A-11D-A21A-08,0,0,0,0,0,8,0,0,1,4,1,0
TCGA-J8-A3O1-01A-11D-A21A-08,0,3,0,1,0,14,0,0,1,3,0,0
TCGA-J8-A3O2-01A-11D-A23M-08,0,0,0,0,0,8,2,0,0,3,0,0
TCGA-J8-A3YD-01A-11D-A22Z-08,0,1,0,1,0,6,0,0,1,5,0,0
TCGA-J8-A3YE-01A-12D-A23M-08,0,0,0,0,0,7,0,0,0,1,0,0
TCGA-J8-A3YF-01A-12D-A23M-08,0,1,0,0,0,20,1,0,1,7,0,0
TCGA-J8-A3YG-01A-11D-A22Z-08,0,0,0,0,0,6,0,0,0,1,0,0
TCGA-J8-A3YH-01A-11D-A22Z-08,0,0,0,1,0,4,0,0,1,1,1,0
TCGA-J8-A42S-01A-11D-A23M-08,0,0,0,0,0,11,1,0,0,2,0,0
TCGA-J8-A4HW-01A-11D-A257-08,0,0,0,1,0,9,0,0,0,4,0,0
TCGA-J8-A4HY-01A-11D-A257-08,0,2,2,4,0,28,4,0,2,6,0,0
TCGA-J9-A52B-01A-11D-A26M-08,0,1,0,3,2,23,4,0,3,4,0,0
TCGA-J9-A52C-01A-11D-A26M-08,0,25,0,5,21,380,22,0,4,209,4,1
TCGA-J9-A52D-01A-11D-A29Q-08,0,2,0,0,0,28,1,0,0,12,0,0
TCGA-J9-A52E-01A-11D-A26M-08,0,3,0,0,0,21,1,0,0,8,0,0
TCGA-J9-A8CK-01A-11D-A34U-08,0,2,0,0,2,18,0,0,1,3,1,0
TCGA-J9-A8CL-01A-11D-A34U-08,0,3,0,4,0,36,5,0,1,19,1,0
TCGA-J9-A8CM-01A-11D-A34U-08,0,10,0,0,0,55,2,0,1,22,3,0
TCGA-J9-A8CN-01A-11D-A34U-08,0,1,1,1,0,18,0,0,0,5,0,0
TCGA-J9-A8CP-01A-11D-A34U-08,0,1,0,0,2,22,1,0,0,9,1,0
TCGA-JL-A3YX-01A-11D-A22X-09,1,7,1,5,4,17,3,0,1,9,1,0
TCGA-JU-AAVI-01A-11D-A403-09,2,9,1,1,5,36,5,0,0,14,0,0
TCGA-JV-A5VE-01A-11D-A29N-09,0,18,1,4,1,36,2,0,1,11,0,0
TCGA-JV-A5VF-01A-11D-A29N-09,0,8,0,2,1,23,3,1,1,4,0,0
TCGA-JV-A75J-01A-11D-A32I-09,2,6,1,1,4,17,0,0,1,12,0,0
TCGA-JW-A5VG-01A-11D-A28B-09,0,1,1,2,1,24,2,0,1,4,1,0
TCGA-JW-A5VH-01A-11D-A28B-09,1,10,2,1,3,60,3,0,2,15,1,0
TCGA-JW-A5VI-01A-11D-A28B-09,0,13,0,2,2,50,7,0,2,16,4,0
TCGA-JW-A5VJ-01A-11D-A28B-09,5,49,3,16,14,163,20,2,2,60,0,1
TCGA-JW-A5VK-01A-11D-A28B-09,1,11,0,2,2,31,2,0,5,16,0,0
TCGA-JW-A5VL-01A-11D-A28B-09,38,495,27,151,159,1643,163,2,51,610,23,3
TCGA-JW-A69B-01A-11D-A32I-09,0,11,0,2,2,31,1,0,2,17,0,0
TCGA-JW-A852-01A-11D-A351-09,1,18,0,4,4,72,5,0,0,35,0,0
TCGA-JW-AAVH-01A-11D-A387-09,2,15,2,11,7,84,8,0,1,32,0,0
TCGA-JX-A3PZ-01A-11D-A21Q-09,0,14,0,3,2,38,4,0,2,17,0,0
TCGA-JX-A3Q0-01A-11D-A21Q-09,13,155,9,43,53,586,64,0,21,263,6,0
TCGA-JX-A3Q8-01A-11D-A21Q-09,1,11,1,3,3,47,0,0,4,15,4,0
TCGA-JX-A5QV-01A-22D-A28B-09,1,10,0,1,2,40,1,0,1,19,0,0
TCGA-JY-A6F8-01A-11D-A33E-09,1,33,1,8,5,77,4,0,4,42,0,0
TCGA-JY-A6FA-01A-11D-A33E-09,2,37,2,2,4,84,8,0,4,36,1,0
TCGA-JY-A6FB-01A-11D-A33E-09,2,27,1,5,3,60,5,0,1,34,2,0
TCGA-JY-A6FD-01A-11D-A33E-09,4,27,0,5,9,96,12,0,5,41,2,0
TCGA-JY-A6FE-01A-11D-A33E-09,2,27,1,5,6,38,2,0,1,12,5,0
TCGA-JY-A6FG-01A-11D-A33E-09,8,46,3,7,16,169,7,0,1,72,6,0
TCGA-JY-A6FH-01A-11D-A33E-09,0,29,0,8,5,102,3,0,3,40,3,0
TCGA-JY-A938-01A-11D-A37C-09,4,24,2,6,6,107,4,0,4,45,2,0
TCGA-JY-A939-01A-12D-A37C-09,0,16,0,2,5,43,3,0,4,18,2,0
TCGA-JY-A93C-01A-11D-A387-09,2,22,2,3,2,64,9,0,4,41,0,0
TCGA-JY-A93D-01A-11D-A387-09,1,17,1,3,3,82,6,0,4,30,0,0
TCGA-JY-A93E-01A-11D-A37C-09,2,40,0,8,10,148,7,0,4,56,5,0
TCGA-JY-A93F-01A-21D-A37C-09,2,34,1,8,4,67,6,0,3,23,3,1
TCGA-K1-A3PN-01A-11D-A228-09,4,4,0,1,6,29,2,0,2,10,1,0
TCGA-K1-A6RT-01A-32D-A33E-09,1,12,2,2,4,48,1,0,3,24,1,0
TCGA-K1-A6RU-01A-11D-A32I-09,1,5,0,2,4,18,3,0,1,12,1,0
TCGA-K1-A6RV-01A-11D-A32I-09,3,12,0,3,3,57,2,0,1,18,3,0
TCGA-K4-A3WS-01A-11D-A22Z-08,1,14,3,6,14,223,21,1,2,73,5,0
TCGA-K4-A3WU-01B-11D-A23M-08,0,10,1,10,10,159,8,0,2,58,3,1
TCGA-K4-A3WV-01A-11D-A22Z-08,1,2,0,2,1,51,2,0,4,22,2,0
TCGA-K4-A4AB-01B-12D-A289-08,1,9,1,3,2,71,9,0,3,33,2,0
TCGA-K4-A4AC-01A-21D-A26M-08,0,6,0,1,7,114,12,0,2,48,2,0
TCGA-K4-A54R-01A-11D-A26M-08,3,45,6,31,56,709,86,0,15,288,13,2
TCGA-K4-A5RH-01A-11D-A30E-08,3,13,1,2,9,149,13,1,3,49,1,1
TCGA-K4-A5RI-01A-11D-A289-08,1,3,0,6,5,98,10,1,0,48,2,0
TCGA-K4-A5RJ-01A-11D-A289-08,2,17,1,17,18,275,30,0,12,112,4,0
TCGA-K4-A6FZ-01A-11D-A31L-08,2,24,1,23,15,307,24,1,4,106,5,0
TCGA-K4-A6MB-01A-11D-A31L-08,1,27,6,11,12,252,27,3,7,110,5,0
TCGA-K4-A83P-01A-11D-A34U-08,4,11,3,4,9,214,14,1,3,78,3,0
TCGA-K4-AAQO-01A-11D-A38G-08,3,15,1,8,10,206,13,0,3,69,6,0
TCGA-K6-A3WQ-01A-11D-A228-09,0,6,0,2,1,30,1,0,1,10,0,0
TCGA-K7-A5RF-01A-11D-A28X-10,0,4,1,2,1,47,3,0,1,23,1,0
TCGA-K7-A5RG-01A-11D-A28X-10,0,14,2,2,7,105,7,1,0,26,1,0
TCGA-K7-A6G5-01A-11D-A30V-10,1,10,0,2,9,54,7,0,0,29,1,0
TCGA-K7-AAU7-01A-11D-A382-10,1,5,1,7,4,57,3,0,3,20,0,0
TCGA-KB-A6F5-01A-12D-A33T-08,0,3,0,4,2,44,2,0,0,28,0,0
TCGA-KB-A6F7-01A-12D-A32N-08,1,4,1,3,0,74,9,0,0,30,2,0
TCGA-KB-A93G-01A-11D-A397-08,0,5,0,6,5,73,8,0,2,26,2,0
TCGA-KB-A93H-01A-11D-A397-08,0,8,2,11,6,167,9,0,9,69,3,0
TCGA-KB-A93J-01A-11D-A397-08,0,2,1,1,2,36,3,0,0,8,2,0
TCGA-KC-A4BL-01A-31D-A257-08,0,2,0,0,1,12,1,0,0,7,1,0
TCGA-KC-A4BN-01A-61D-A257-08,1,2,0,0,1,17,0,0,0,2,1,0
TCGA-KC-A4BO-01A-61D-A257-08,0,0,0,0,0,2,0,0,0,0,0,0
TCGA-KC-A4BR-01A-32D-A257-08,0,0,0,0,0,6,0,0,0,2,0,0
TCGA-KC-A4BV-01A-31D-A26M-08,0,1,0,0,0,28,1,0,1,4,0,0
TCGA-KC-A7F3-01A-21D-A33T-08,0,2,0,0,1,20,1,0,0,11,0,0
TCGA-KC-A7F5-01A-11D-A33T-08,0,1,0,0,1,23,2,0,0,5,0,0
TCGA-KC-A7F6-01A-11D-A33T-08,0,1,0,1,1,18,0,0,0,7,0,0
TCGA-KC-A7FA-01A-21D-A33T-08,0,1,1,0,2,28,3,0,0,10,1,0
TCGA-KC-A7FD-01A-11D-A33T-08,0,2,0,2,2,29,3,0,2,11,2,0
TCGA-KC-A7FE-01A-12D-A33T-08,0,0,0,0,1,5,1,0,0,1,1,0
TCGA-KD-A5QS-01A-11D-A27P-09,1,18,0,6,4,53,2,0,5,14,2,0
TCGA-KD-A5QT-01A-11D-A27P-09,0,4,0,1,0,27,1,0,1,9,0,0
TCGA-KD-A5QU-01A-11D-A27P-09,1,13,0,2,0,57,3,0,3,10,1,0
TCGA-KF-A41W-01A-11D-A24N-09,0,6,1,4,5,33,3,0,2,19,3,0
TCGA-KH-A6WC-01A-11D-A33E-09,0,6,0,2,0,17,1,0,0,2,1,0
TCGA-KJ-A3U4-01A-11D-A228-09,0,7,0,3,1,40,2,0,3,13,1,0
TCGA-KK-A59V-01A-11D-A29Q-08,4,36,3,12,19,543,28,0,3,248,8,0
TCGA-KK-A59X-01A-11D-A29Q-08,1,3,0,1,1,37,2,0,0,10,2,0
TCGA-KK-A59Y-01A-11D-A26M-08,0,1,0,1,1,19,2,0,0,5,0,0
TCGA-KK-A59Z-01A-12D-A26M-08,1,1,0,1,1,44,1,0,0,11,0,0
TCGA-KK-A5A1-01A-11D-A29Q-08,0,8,0,1,2,69,6,0,0,26,4,0
TCGA-KK-A6DY-01A-12D-A30X-08,0,1,0,1,0,23,2,0,0,6,1,0
TCGA-KK-A6E0-01A-11D-A30X-08,0,0,0,2,0,14,1,0,0,13,0,0
TCGA-KK-A6E1-01A-11D-A30X-08,0,0,0,0,0,19,1,0,0,8,0,0
TCGA-KK-A6E2-01A-11D-A30X-08,0,2,0,2,0,28,5,0,0,11,0,0
TCGA-KK-A6E3-01A-21D-A30E-08,0,0,0,1,1,28,1,0,1,13,0,0
TCGA-KK-A6E4-01A-11D-A30E-08,0,1,0,1,1,25,3,0,1,14,0,0
TCGA-KK-A6E5-01A-11D-A30X-08,0,1,0,0,0,15,1,0,0,4,1,0
TCGA-KK-A6E6-01A-11D-A30X-08,1,3,0,0,2,32,0,0,0,16,0,0
TCGA-KK-A6E7-01A-11D-A31L-08,0,0,0,1,1,22,0,0,0,9,0,0
TCGA-KK-A6E8-01A-11D-A31L-08,0,0,1,1,0,34,1,0,0,10,0,0
TCGA-KK-A7AP-01A-12D-A33T-08,0,1,1,0,1,26,1,0,0,9,1,0
TCGA-KK-A7AQ-01A-11D-A33T-08,0,0,0,0,0,33,0,0,0,5,0,0
TCGA-KK-A7AU-01A-11D-A32B-08,0,0,0,1,1,13,2,0,0,7,1,0
TCGA-KK-A7AV-01A-11D-A32B-08,0,2,0,0,2,11,2,0,0,7,0,0
TCGA-KK-A7AW-01A-11D-A32B-08,0,1,0,1,1,20,2,0,2,9,2,0
TCGA-KK-A7AY-01A-11D-A33T-08,1,2,0,0,1,31,4,0,0,8,1,0
TCGA-KK-A7AZ-01A-12D-A32B-08,0,1,0,0,1,25,3,0,0,7,1,0
TCGA-KK-A7B0-01A-11D-A32B-08,0,1,0,1,0,22,4,0,1,10,0,0
TCGA-KK-A7B1-01A-11D-A32B-08,0,0,0,0,0,16,2,0,0,3,1,0
TCGA-KK-A7B2-01A-12D-A32B-08,1,0,0,0,0,14,0,1,0,5,0,0
TCGA-KK-A7B3-01A-11D-A33T-08,0,1,0,3,2,24,1,0,1,8,0,0
TCGA-KK-A7B4-01A-11D-A32B-08,0,7,0,0,0,21,2,0,1,13,0,0
TCGA-KK-A8I4-01A-11D-A364-08,0,1,0,0,0,16,1,0,3,9,0,0
TCGA-KK-A8I5-01A-11D-A364-08,0,3,0,1,0,28,1,0,0,12,1,0
TCGA-KK-A8I6-01A-11D-A364-08,0,1,0,1,0,21,1,0,0,12,1,0
TCGA-KK-A8I7-01A-21D-A364-08,0,1,0,2,0,12,2,0,1,6,0,0
TCGA-KK-A8I8-01A-11D-A364-08,0,5,0,1,0,14,2,0,0,6,0,0
TCGA-KK-A8I9-01A-11D-A364-08,0,1,1,2,1,30,2,0,0,11,1,0
TCGA-KK-A8IA-01A-11D-A364-08,0,1,1,0,0,27,1,0,0,9,0,0
TCGA-KK-A8IB-01A-11D-A364-08,0,2,0,0,1,34,3,0,0,14,0,0
TCGA-KK-A8IC-01A-11D-A364-08,0,0,0,0,1,15,0,0,0,3,0,0
TCGA-KK-A8ID-01A-11D-A364-08,0,0,0,2,0,38,1,0,2,21,0,0
TCGA-KK-A8IF-01A-11D-A364-08,0,1,0,1,0,21,2,0,0,11,0,0
TCGA-KK-A8IG-01A-11D-A364-08,0,2,0,0,0,26,3,0,2,11,0,0
TCGA-KK-A8IH-01A-11D-A364-08,0,0,0,2,1,14,1,0,0,7,0,0
TCGA-KK-A8II-01A-11D-A364-08,0,2,0,0,4,22,4,0,0,12,0,0
TCGA-KK-A8IJ-01A-11D-A34U-08,0,2,0,0,0,20,0,0,0,10,1,0
TCGA-KK-A8IK-01A-11D-A364-08,0,0,0,1,1,20,2,0,0,12,2,0
TCGA-KK-A8IL-01A-11D-A364-08,0,1,0,0,4,25,0,0,0,18,0,0
TCGA-KK-A8IM-01A-11D-A364-08,0,1,1,1,0,18,3,0,0,3,1,0
TCGA-KL-8323-01A-21D-2310-10,0,1,1,0,3,26,0,0,2,10,0,0
TCGA-KL-8324-01A-11D-2310-10,0,2,0,0,3,29,0,0,1,4,0,0
TCGA-KL-8325-01A-11D-2310-10,0,3,0,0,2,16,2,0,0,6,1,0
TCGA-KL-8326-01A-11D-2310-10,0,5,0,1,1,19,2,0,0,8,0,0
TCGA-KL-8327-01A-11D-2310-10,0,2,2,0,1,17,0,0,0,6,0,0
TCGA-KL-8328-01A-11D-2310-10,1,3,0,1,0,14,5,0,0,8,0,0
TCGA-KL-8329-01A-11D-2310-10,0,3,0,1,3,22,2,0,0,8,0,0
TCGA-KL-8330-01A-11D-2310-10,0,1,0,0,1,18,2,0,0,7,1,0
TCGA-KL-8331-01A-11D-2310-10,0,5,0,0,0,17,0,0,0,13,1,0
TCGA-KL-8332-01A-11D-2310-10,0,3,0,0,0,16,1,0,0,3,0,0
TCGA-KL-8333-01A-11D-2310-10,0,2,0,1,1,13,0,0,0,6,0,0
TCGA-KL-8334-01A-11D-2310-10,0,2,0,1,1,8,0,0,0,5,0,0
TCGA-KL-8335-01A-11D-2310-10,1,5,0,4,2,33,4,0,0,13,1,0
TCGA-KL-8336-01A-11D-2310-10,1,3,0,1,3,17,3,0,0,4,1,0
TCGA-KL-8337-01A-11D-2310-10,0,1,0,0,1,18,0,0,0,3,1,0
TCGA-KL-8338-01A-11D-2310-10,0,1,0,1,1,18,1,0,0,6,2,0
TCGA-KL-8339-01A-11D-2310-10,0,2,0,3,2,38,2,1,0,17,0,0
TCGA-KL-8340-01A-11D-2310-10,0,0,0,0,0,16,0,0,0,5,0,0
TCGA-KL-8341-01A-11D-2310-10,0,4,1,1,0,32,3,0,0,12,3,0
TCGA-KL-8342-01A-11D-2310-10,0,1,0,0,0,20,0,0,0,5,0,0
TCGA-KL-8343-01A-11D-2310-10,0,5,0,0,1,25,0,0,2,9,1,0
TCGA-KL-8344-01A-11D-2310-10,0,0,0,1,2,16,0,0,1,9,0,0
TCGA-KL-8345-01A-11D-2310-10,0,0,0,1,0,24,1,0,0,6,4,0
TCGA-KL-8346-01A-11D-2310-10,0,1,0,0,3,16,0,0,0,4,0,0
TCGA-KM-8438-01A-11D-2310-10,0,0,0,0,0,16,2,0,1,5,0,0
TCGA-KM-8439-01A-11D-2310-10,0,1,0,2,0,11,0,0,0,1,0,0
TCGA-KM-8440-01A-11D-2310-10,0,1,0,2,1,11,2,0,0,4,1,0
TCGA-KM-8441-01A-11D-2310-10,0,0,0,0,0,20,2,0,1,1,0,0
TCGA-KM-8442-01A-11D-2310-10,0,1,0,0,0,16,0,0,0,9,0,1
TCGA-KM-8443-01A-11D-2310-10,0,2,0,0,1,29,1,0,2,4,1,0
TCGA-KM-8476-01A-11D-2310-10,0,0,0,0,1,25,2,1,0,11,0,0
TCGA-KM-8477-01A-11D-2310-10,0,1,0,0,1,14,1,0,0,11,2,0
TCGA-KM-8639-01A-11D-2397-10,0,1,0,3,1,16,2,0,0,3,0,0
TCGA-KN-8418-01A-11D-2310-10,0,6,1,1,0,12,0,0,0,8,0,0
TCGA-KN-8419-01A-11D-2310-10,0,1,0,1,2,13,1,0,0,7,1,0
TCGA-KN-8421-01A-11D-2310-10,0,5,0,1,0,11,1,0,0,9,3,0
TCGA-KN-8422-01A-11D-2310-10,0,1,0,0,0,16,0,0,1,3,0,0
TCGA-KN-8423-01A-11D-2310-10,0,0,0,2,1,17,0,0,0,1,1,0
TCGA-KN-8424-01A-11D-2310-10,0,3,0,0,2,22,2,0,0,9,1,0
TCGA-KN-8425-01A-11D-2310-10,0,2,0,2,0,12,2,0,0,1,1,0
TCGA-KN-8426-01A-11D-2310-10,0,4,0,1,3,29,4,0,0,9,0,0
TCGA-KN-8427-01A-11D-2310-10,1,5,1,4,3,47,4,0,1,23,2,0
TCGA-KN-8428-01A-11D-2310-10,5,55,2,14,30,596,38,1,14,264,16,0
TCGA-KN-8429-01A-11D-2310-10,0,2,0,1,1,11,2,0,1,2,0,0
TCGA-KN-8430-01A-11D-2310-10,0,4,0,2,1,32,1,1,1,8,2,0
TCGA-KN-8431-01A-11D-2310-10,0,1,0,1,2,12,1,0,0,4,0,0
TCGA-KN-8432-01A-11D-2310-10,0,7,0,6,2,43,4,0,0,18,2,1
TCGA-KN-8433-01A-11D-2310-10,0,2,0,0,1,15,3,0,1,1,1,0
TCGA-KN-8434-01A-11D-2310-10,0,3,0,0,2,15,2,0,0,9,0,0
TCGA-KN-8435-01A-11D-2310-10,0,2,0,4,0,20,1,0,0,3,0,0
TCGA-KN-8436-01A-11D-2310-10,0,0,1,0,2,15,1,0,0,5,0,0
TCGA-KN-8437-01A-11D-2310-10,0,1,0,0,1,4,0,0,0,4,0,1
TCGA-KO-8403-01A-11D-2310-10,0,3,0,0,0,18,0,0,0,8,1,0
TCGA-KO-8404-01A-11D-2310-10,1,7,0,3,2,34,3,0,0,10,1,0
TCGA-KO-8405-01A-11D-2310-10,0,0,1,0,1,7,1,0,1,3,1,0
TCGA-KO-8406-01A-11D-2310-10,0,2,0,0,0,12,0,0,1,5,0,0
TCGA-KO-8407-01A-11D-2310-10,0,3,0,0,1,21,1,0,1,8,0,0
TCGA-KO-8408-01A-11D-2310-10,0,7,1,3,1,35,7,0,2,16,0,0
TCGA-KO-8409-01A-11D-2310-10,1,2,0,1,1,12,0,0,1,7,0,0
TCGA-KO-8410-01A-11D-2310-10,0,2,0,2,1,16,1,0,0,3,0,0
TCGA-KO-8411-01A-11D-2310-10,0,2,0,1,1,10,2,0,0,10,0,0
TCGA-KO-8413-01A-11D-2310-10,0,1,0,0,1,12,1,0,0,5,0,0
TCGA-KO-8414-01A-11D-2310-10,0,3,0,0,0,17,2,0,0,4,0,0
TCGA-KO-8415-01A-11D-2310-10,0,0,0,1,1,18,1,0,1,9,0,0
TCGA-KO-8416-01A-11D-2310-10,0,2,0,2,0,15,1,0,0,6,0,0
TCGA-KO-8417-01A-11D-2310-10,0,0,0,0,1,14,1,0,0,5,0,0
TCGA-KP-A3VZ-01A-11D-A228-09,2,29,1,2,4,63,3,0,2,33,5,0
TCGA-KP-A3W0-01A-21D-A228-09,0,1,1,0,0,31,3,0,2,4,1,0
TCGA-KP-A3W1-01A-11D-A228-09,1,10,0,1,3,35,1,0,2,11,2,0
TCGA-KP-A3W3-01A-11D-A228-09,1,9,0,1,2,28,1,0,3,15,1,0
TCGA-KP-A3W4-01A-11D-A228-09,1,10,1,2,1,36,6,0,3,8,0,1
TCGA-KQ-A41N-01A-11D-A339-08,1,7,1,11,11,184,22,0,5,62,10,1
TCGA-KQ-A41O-01A-12D-A34U-08,2,9,1,5,15,179,21,0,3,80,3,1
TCGA-KQ-A41P-01A-12D-A339-08,1,13,2,8,13,229,33,0,3,98,7,2
TCGA-KQ-A41Q-01A-11D-A339-08,2,6,0,5,6,110,10,0,3,53,3,0
TCGA-KQ-A41R-01A-21D-A34U-08,6,39,2,47,41,561,61,0,12,265,15,1
TCGA-KQ-A41S-01A-12D-A339-08,0,13,0,6,5,182,12,1,2,74,4,1
TCGA-KR-A7K0-01A-12D-A33Q-10,0,13,2,4,6,67,6,0,0,34,1,0
TCGA-KR-A7K2-01A-12D-A33Q-10,0,7,1,5,1,38,2,0,1,23,0,0
TCGA-KR-A7K7-01A-11D-A33K-10,0,4,1,5,2,51,6,0,2,14,0,0
TCGA-KR-A7K8-01A-11D-A33K-10,1,6,1,2,7,41,6,0,0,14,1,0
TCGA-KS-A41F-01A-11D-A23M-08,1,0,0,1,0,9,0,0,0,3,0,0
TCGA-KS-A41I-01A-11D-A23M-08,0,0,0,0,0,9,0,0,0,2,0,0
TCGA-KS-A41J-01A-11D-A23M-08,0,2,0,0,0,8,0,0,0,3,0,0
TCGA-KS-A41L-01A-11D-A23M-08,0,0,0,0,0,8,0,0,0,4,0,0
TCGA-KS-A4I1-01A-11D-A257-08,0,1,0,0,0,6,0,0,0,4,0,0
TCGA-KS-A4I3-01A-11D-A257-08,0,1,0,0,0,8,0,0,1,3,0,0
TCGA-KS-A4I5-01A-11D-A257-08,0,0,0,1,0,10,0,0,0,4,0,0
TCGA-KS-A4I7-01A-11D-A257-08,0,3,0,0,0,6,0,0,0,0,0,0
TCGA-KS-A4I9-01A-11D-A257-08,0,1,0,0,0,8,0,0,0,1,1,0
TCGA-KS-A4IB-01A-11D-A257-08,0,1,0,0,0,12,1,0,0,2,1,0
TCGA-KS-A4IC-01A-11D-A257-08,0,0,0,1,0,2,1,0,0,1,0,0
TCGA-KS-A4ID-01A-11D-A257-08,0,1,0,0,1,9,1,0,0,4,0,0
TCGA-KT-A74X-01A-11D-A32B-08,0,2,1,0,1,7,0,0,0,4,0,0
TCGA-KT-A7W1-01A-11D-A34A-08,0,3,0,1,3,33,4,0,0,15,0,0
TCGA-KU-A66S-01A-21D-A30E-08,1,15,1,12,18,420,18,0,9,127,11,1
TCGA-KU-A66T-01A-11D-A30E-08,1,6,0,3,3,80,8,1,0,34,2,0
TCGA-KU-A6H7-01A-11D-A31L-08,0,7,1,2,5,114,13,1,3,43,4,0
TCGA-KU-A6H8-01A-21D-A34J-08,0,0,0,0,0,19,1,0,0,6,1,0
TCGA-KV-A6GD-01A-11D-A31X-10,1,6,0,2,0,46,4,0,0,21,2,0
TCGA-KV-A6GE-01A-11D-A31X-10,0,9,0,4,1,31,2,0,1,11,1,0
TCGA-KV-A74V-01A-11D-A33Q-10,0,6,0,1,1,16,3,0,0,2,0,0
TCGA-L3-A4E7-01A-11D-A257-08,0,5,0,6,1,80,3,0,2,28,1,0
TCGA-L3-A524-01A-11D-A25L-08,2,21,1,9,8,258,15,0,6,100,13,1
TCGA-L4-A4E5-01A-11D-A24P-08,2,17,2,6,13,246,24,3,4,92,10,0
TCGA-L4-A4E6-01A-11D-A24D-08,0,2,0,0,0,9,0,0,0,9,0,0
TCGA-L5-A43C-01A-11D-A247-09,2,24,2,6,9,108,9,0,3,38,2,1
TCGA-L5-A43E-01A-11D-A247-09,3,26,2,6,4,123,5,0,6,46,2,0
TCGA-L5-A43H-01A-11D-A247-09,1,12,0,1,2,67,8,0,1,23,1,0
TCGA-L5-A43I-01A-11D-A247-09,4,39,1,11,18,144,9,0,5,64,6,0
TCGA-L5-A43J-01A-12D-A247-09,11,132,3,22,29,492,18,0,17,202,8,0
TCGA-L5-A43M-01A-11D-A247-09,0,7,0,3,2,36,2,0,2,13,1,1
TCGA-L5-A4OE-01A-11D-A27G-09,5,62,4,20,23,215,23,0,5,91,4,0
TCGA-L5-A4OF-01A-11D-A27G-09,1,6,1,6,4,57,5,0,2,21,2,1
TCGA-L5-A4OG-01A-11D-A27G-09,0,27,1,12,7,126,10,0,2,43,4,1
TCGA-L5-A4OH-01A-11D-A27G-09,2,17,1,3,5,95,4,0,2,23,4,0
TCGA-L5-A4OI-01A-11D-A27G-09,19,308,18,67,86,1103,46,0,38,492,23,3
TCGA-L5-A4OJ-01A-11D-A27G-09,3,33,3,8,11,170,9,2,8,66,2,0
TCGA-L5-A4OM-01A-11D-A27G-09,1,20,0,1,6,55,1,0,1,16,1,0
TCGA-L5-A4ON-01A-11D-A27G-09,3,33,3,9,6,121,5,0,5,51,1,0
TCGA-L5-A4OO-01A-11D-A27G-09,2,25,1,4,7,72,6,0,5,28,1,0
TCGA-L5-A4OP-01A-11D-A27G-09,2,24,0,3,6,89,5,0,2,23,1,0
TCGA-L5-A4OQ-01A-11D-A27G-09,2,16,2,3,3,44,3,0,1,17,1,0
TCGA-L5-A4OR-01A-11D-A27G-09,3,21,2,5,5,122,8,0,4,54,6,0
TCGA-L5-A4OS-01A-11D-A28B-09,2,23,0,5,7,67,3,0,1,32,1,0
TCGA-L5-A4OT-01A-11D-A28B-09,8,50,2,6,15,191,8,0,12,54,3,0
TCGA-L5-A4OU-01A-11D-A28B-09,3,51,2,6,11,134,6,0,7,61,1,0
TCGA-L5-A4OW-01A-11D-A28B-09,4,49,0,4,8,209,7,0,6,69,3,1
TCGA-L5-A4OX-01A-21D-A28B-09,2,39,0,10,7,103,5,0,5,40,1,0
TCGA-L5-A88S-01A-11D-A36J-09,1,18,1,3,1,67,2,0,4,22,1,0
TCGA-L5-A88T-01A-11D-A351-09,0,15,2,1,1,48,4,0,3,15,1,0
TCGA-L5-A88V-01A-11D-A351-09,4,43,5,8,12,122,14,0,5,43,2,0
TCGA-L5-A88W-01A-11D-A351-09,4,39,1,7,8,110,6,0,5,34,3,0
TCGA-L5-A88Y-01A-11D-A351-09,2,47,4,7,16,181,8,1,10,52,1,0
TCGA-L5-A88Z-01A-11D-A36J-09,0,21,0,3,4,52,6,0,0,26,1,0
TCGA-L5-A891-01A-11D-A36J-09,1,33,2,6,6,129,10,0,7,40,0,0
TCGA-L5-A893-01A-11D-A36J-09,3,26,2,2,8,101,5,0,3,43,2,1
TCGA-L5-A8NE-01A-11D-A37C-09,5,59,3,8,10,196,9,0,9,56,5,0
TCGA-L5-A8NF-01A-11D-A37C-09,2,26,1,8,8,84,12,0,3,40,0,0
TCGA-L5-A8NG-01A-11D-A37C-09,4,38,1,9,9,109,3,0,5,47,1,2
TCGA-L5-A8NH-01A-11D-A37C-09,2,26,0,4,9,106,4,0,4,29,1,0
TCGA-L5-A8NI-01A-11D-A37C-09,3,43,4,12,13,158,7,0,9,54,6,0
TCGA-L5-A8NJ-01A-11D-A36J-09,2,53,0,7,13,189,6,1,13,58,5,0
TCGA-L5-A8NK-01A-21D-A37C-09,4,45,3,10,11,146,12,0,6,56,1,0
TCGA-L5-A8NL-01A-12D-A37C-09,1,27,2,6,3,79,6,0,2,25,3,0
TCGA-L5-A8NM-01A-11D-A37C-09,24,250,17,64,70,1016,49,0,32,466,15,0
TCGA-L5-A8NN-01A-11D-A37C-09,2,23,3,8,6,87,6,1,2,32,0,0
TCGA-L5-A8NQ-01A-11D-A36J-09,4,49,4,20,8,181,13,0,3,63,7,1
TCGA-L5-A8NR-01A-11D-A37C-09,4,59,2,11,7,154,12,0,7,85,3,0
TCGA-L5-A8NS-01A-12D-A37C-09,13,100,3,23,18,308,19,0,15,87,7,0
TCGA-L5-A8NT-01A-11D-A37C-09,2,13,0,4,6,72,4,1,5,28,1,0
TCGA-L5-A8NU-01A-11D-A36J-09,1,9,1,1,4,42,2,0,3,22,1,0
TCGA-L5-A8NV-01A-11D-A37C-09,1,21,0,10,7,88,6,0,4,39,1,0
TCGA-L5-A8NW-01A-11D-A37C-09,1,36,2,7,3,120,5,0,4,52,1,0
TCGA-L6-A4EP-01A-11D-A257-08,1,0,0,0,0,13,0,0,0,1,0,0
TCGA-L6-A4EQ-01A-11D-A257-08,0,1,0,1,0,14,0,0,0,4,0,0
TCGA-L6-A4ET-01A-11D-A257-08,0,0,0,0,1,6,0,0,0,4,0,0
TCGA-L6-A4EU-01A-11D-A257-08,0,9,1,8,3,34,2,1,1,18,2,0
TCGA-L7-A56G-01A-21D-A27G-09,0,19,0,4,7,59,4,0,6,21,3,0
TCGA-L7-A6VZ-01A-12D-A33E-09,2,24,2,5,3,100,4,0,4,44,1,0
TCGA-L9-A443-01A-12D-A24D-08,1,14,1,12,6,195,17,1,1,50,9,0
TCGA-L9-A444-01A-21D-A24D-08,5,28,2,19,18,421,34,0,5,157,12,0
TCGA-L9-A50W-01A-12D-A397-08,0,0,0,0,0,26,3,0,0,5,2,0
TCGA-L9-A5IP-01A-21D-A397-08,0,10,1,4,8,221,10,0,3,83,12,0
TCGA-L9-A743-01A-43D-A397-08,0,8,0,3,4,105,7,0,0,39,2,0
TCGA-L9-A7SV-01A-11D-A397-08,4,64,5,44,62,1195,110,4,25,470,34,2
TCGA-L9-A8F4-01A-11D-A397-08,4,35,3,23,22,588,48,1,17,207,22,1
TCGA-LA-A446-01A-21D-A257-08,2,10,1,16,12,264,12,0,8,83,10,1
TCGA-LA-A7SW-01A-11D-A401-08,0,4,0,3,3,73,5,0,4,30,1,0
TCGA-LB-A7SX-01A-11D-A33T-08,3,7,0,2,8,71,7,0,5,37,1,0
TCGA-LB-A8F3-01A-11D-A36O-08,1,3,0,0,2,30,2,1,0,9,0,0
TCGA-LB-A9Q5-01A-11D-A397-08,0,2,0,0,0,20,2,0,0,3,0,0
TCGA-LC-A66R-01A-41D-A30E-08,1,17,1,3,5,104,11,1,1,40,1,0
TCGA-LD-A66U-01A-11D-A31U-09,3,5,0,0,1,25,1,0,0,8,1,0
TCGA-LD-A74U-01A-13D-A33E-09,3,50,6,15,18,161,17,0,4,73,5,0
TCGA-LD-A7W5-01A-22D-A351-09,0,8,0,3,3,34,3,0,2,11,1,0
TCGA-LD-A7W6-01A-81D-A351-09,0,7,0,2,3,20,3,1,1,7,2,0
TCGA-LD-A9QF-01A-32D-A41F-09,1,6,2,1,2,17,1,0,0,9,0,0
TCGA-LG-A6GG-01A-11D-A30V-10,2,15,1,10,8,154,6,1,3,57,13,0
TCGA-LG-A9QC-01A-11D-A36X-10,0,6,1,3,3,36,0,0,0,17,1,0
TCGA-LG-A9QD-01A-11D-A382-10,1,15,2,6,6,82,5,0,3,39,4,0
TCGA-LH-A9QB-06A-11D-A38G-08,2,23,2,4,6,184,14,0,5,116,3,0
TCGA-LI-A67I-01A-31D-A307-09,0,12,1,0,2,36,1,0,3,8,0,0
TCGA-LI-A9QH-01A-11D-A37C-09,0,24,1,4,6,63,4,0,7,29,6,0
TCGA-LK-A4NW-01A-11D-A34C-32,0,2,1,1,2,17,4,0,0,9,2,0
TCGA-LK-A4NY-01A-11D-A34C-32,0,3,0,4,1,39,2,0,0,11,1,0
TCGA-LK-A4NZ-01A-12D-A34C-32,0,4,0,0,1,22,1,0,2,7,0,0
TCGA-LK-A4O0-01A-11D-A34C-32,0,3,0,0,5,27,2,0,3,15,0,0
TCGA-LK-A4O2-01A-11D-A34C-32,0,0,0,1,2,19,2,0,0,9,1,0
TCGA-LK-A4O5-01A-11D-A34C-32,1,3,0,2,2,30,1,0,2,15,1,0
TCGA-LK-A4O6-01A-11D-A34C-32,0,0,0,2,3,21,2,0,0,4,2,0
TCGA-LK-A4O7-01A-11D-A34C-32,0,3,0,7,1,27,4,0,0,9,0,0
TCGA-LL-A440-01A-11D-A243-09,0,2,0,1,0,2,0,0,0,1,0,0
TCGA-LL-A50Y-01A-11D-A25Q-09,0,5,0,3,2,16,4,0,0,13,0,0
TCGA-LL-A5YL-01A-12D-A29N-09,1,12,0,4,3,47,3,0,2,18,3,0
TCGA-LL-A5YM-01A-11D-A28B-09,0,8,0,2,3,17,1,0,0,8,1,0
TCGA-LL-A5YN-01A-11D-A28B-09,0,9,0,1,4,25,0,0,1,3,0,0
TCGA-LL-A5YO-01A-21D-A28B-09,0,7,0,1,1,37,1,0,2,11,1,0
TCGA-LL-A5YP-01A-21D-A28B-09,2,14,0,6,5,52,6,0,2,16,2,0
TCGA-LL-A6FP-01A-11D-A31U-09,1,8,0,3,3,36,6,0,2,13,2,1
TCGA-LL-A6FQ-01A-11D-A31U-09,0,10,1,2,3,31,4,0,1,17,0,0
TCGA-LL-A6FR-01A-12D-A31U-09,5,10,2,0,4,26,1,0,5,10,0,0
TCGA-LL-A73Y-01A-11D-A33E-09,1,40,8,7,9,85,8,0,2,30,3,0
TCGA-LL-A73Z-01A-11D-A32I-09,0,7,0,1,2,29,1,0,2,6,0,0
TCGA-LL-A740-01A-21D-A32I-09,1,12,0,2,4,33,2,0,0,13,1,0
TCGA-LL-A7SZ-01A-32D-A351-09,2,8,0,1,1,51,1,0,0,11,0,0
TCGA-LL-A7T0-01A-31D-A351-09,2,17,1,2,3,35,4,0,0,13,0,0
TCGA-LL-A8F5-01A-11D-A36J-09,4,31,2,3,12,104,7,0,2,29,6,0
TCGA-LL-A9Q3-01A-11D-A41F-09,0,10,0,0,1,36,6,0,0,15,0,0
TCGA-LN-A49K-01A-11D-A247-09,0,21,1,7,5,60,2,1,5,18,1,0
TCGA-LN-A49L-01A-11D-A247-09,4,33,2,6,11,123,13,0,4,33,3,0
TCGA-LN-A49M-01A-21D-A27G-09,6,46,3,19,14,165,20,0,8,71,2,3
TCGA-LN-A49N-01A-11D-A247-09,1,8,1,2,2,36,3,0,1,15,0,0
TCGA-LN-A49O-01A-11D-A247-09,4,16,0,1,7,49,3,0,3,19,1,0
TCGA-LN-A49P-01A-11D-A247-09,3,23,1,5,6,54,6,0,0,17,2,0
TCGA-LN-A49R-01A-11D-A247-09,1,30,0,5,7,90,5,0,1,23,3,0
TCGA-LN-A49S-01A-11D-A247-09,1,33,2,12,5,112,6,0,6,49,2,1
TCGA-LN-A49U-01A-31D-A27G-09,3,46,0,9,8,103,7,0,9,43,3,0
TCGA-LN-A49V-01A-11D-A247-09,2,18,0,10,7,75,7,0,2,40,3,0
TCGA-LN-A49W-01A-11D-A27G-09,4,16,0,3,5,62,2,0,3,26,5,0
TCGA-LN-A49X-01A-31D-A27G-09,2,20,0,3,4,46,5,0,1,20,3,0
TCGA-LN-A49Y-01A-11D-A27G-09,3,43,2,13,14,189,18,1,8,81,3,0
TCGA-LN-A4A1-01A-21D-A27G-09,0,27,0,4,9,93,5,0,3,32,0,0
TCGA-LN-A4A2-01A-31D-A27G-09,3,29,0,5,9,106,9,0,5,38,2,0
TCGA-LN-A4A3-01A-11D-A27G-09,2,12,0,2,8,51,2,0,3,15,1,0
TCGA-LN-A4A4-01A-11D-A27G-09,3,21,1,3,5,72,9,1,5,24,2,0
TCGA-LN-A4A5-01A-21D-A27G-09,3,12,2,2,3,51,1,0,2,18,0,0
TCGA-LN-A4A6-01A-11D-A27G-09,2,21,0,2,4,78,6,0,2,27,1,0
TCGA-LN-A4A8-01A-32D-A27G-09,2,31,0,12,9,85,6,2,1,44,1,0
TCGA-LN-A4A9-01A-11D-A28B-09,5,64,2,11,13,163,11,1,7,61,1,0
TCGA-LN-A4MQ-01A-11D-A28B-09,1,19,1,4,2,56,5,0,2,21,0,1
TCGA-LN-A4MR-01A-11D-A28B-09,1,34,1,13,10,113,13,1,2,41,4,1
TCGA-LN-A5U5-01A-21D-A28B-09,2,9,0,2,3,39,3,0,2,20,0,0
TCGA-LN-A5U6-01A-11D-A28B-09,2,20,0,2,4,84,3,0,2,17,1,0
TCGA-LN-A5U7-01A-11D-A31U-09,4,34,1,5,11,90,4,0,3,32,5,0
TCGA-LN-A7HV-01A-21D-A351-09,1,17,0,6,3,83,0,0,0,27,2,0
TCGA-LN-A7HW-01A-22D-A351-09,0,29,2,1,7,73,2,1,2,27,1,0
TCGA-LN-A7HX-01A-11D-A33E-09,2,30,3,4,16,86,5,0,5,35,0,0
TCGA-LN-A7HY-01A-12D-A351-09,1,28,2,8,13,124,5,0,8,44,4,0
TCGA-LN-A7HZ-01A-31D-A351-09,1,27,0,2,7,43,2,0,1,24,0,0
TCGA-LN-A8HZ-01A-11D-A36J-09,4,20,0,3,7,77,4,0,1,18,1,0
TCGA-LN-A8I0-01A-11D-A36J-09,1,11,1,5,3,37,2,0,2,18,0,0
TCGA-LN-A8I1-01A-11D-A36J-09,1,28,1,5,5,67,3,0,5,17,3,0
TCGA-LN-A9FO-01A-11D-A387-09,2,26,0,5,3,75,5,0,6,30,2,0
TCGA-LN-A9FP-01A-31D-A387-09,4,68,6,22,16,326,31,0,21,119,13,1
TCGA-LN-A9FQ-01A-31D-A387-09,0,18,0,5,5,78,4,0,0,31,2,0
TCGA-LN-A9FR-01A-11D-A387-09,1,15,4,3,6,56,2,0,4,13,2,0
TCGA-LP-A4AU-01A-32D-A243-09,2,8,1,3,5,35,3,0,1,22,1,0
TCGA-LP-A4AV-01A-11D-A243-09,6,85,3,18,21,300,39,2,17,116,5,0
TCGA-LP-A4AW-01A-11D-A243-09,3,26,3,5,10,77,7,0,5,29,1,0
TCGA-LP-A4AX-01A-12D-A243-09,0,11,0,2,5,31,4,0,1,17,0,0
TCGA-LP-A5U2-01A-11D-A28B-09,4,43,2,10,11,167,12,0,10,55,2,1
TCGA-LP-A5U3-01A-11D-A28B-09,0,6,0,1,2,33,3,0,2,14,0,0
TCGA-LP-A7HU-01A-11D-A33O-09,3,41,0,11,14,112,10,0,3,58,3,0
TCGA-LT-A5Z6-01A-11D-A289-08,2,33,5,24,27,396,51,0,10,189,3,0
TCGA-LT-A8JT-01A-11D-A364-08,1,5,0,2,5,56,7,0,0,24,2,0
TCGA-M7-A71Y-01A-22D-A32B-08,0,2,0,0,0,12,1,0,0,7,0,0
TCGA-M7-A71Z-01A-12D-A32B-08,0,1,0,0,1,21,0,0,0,9,0,0
TCGA-M7-A720-01A-12D-A32B-08,0,0,0,0,0,5,0,0,0,4,0,0
TCGA-M7-A721-01A-12D-A32B-08,0,1,1,2,0,28,1,0,2,9,0,0
TCGA-M7-A722-01A-12D-A364-08,0,1,0,0,0,27,0,0,0,4,1,0
TCGA-M7-A723-01A-12D-A32B-08,0,0,0,0,0,3,0,0,0,3,0,0
TCGA-M7-A724-01A-12D-A32B-08,0,0,0,0,1,20,3,0,0,7,0,0
TCGA-M7-A725-01A-12D-A32B-08,0,0,0,1,2,24,1,0,0,8,1,0
TCGA-M8-A5N4-01A-11D-A26I-08,1,2,1,1,2,30,1,0,1,12,0,0
TCGA-M9-A5M8-01A-11D-A28B-09,1,19,0,7,4,56,4,0,2,23,4,0
TCGA-MA-AA3W-01A-11D-A387-09,0,10,1,5,1,50,7,0,2,16,1,0
TCGA-MA-AA3X-01A-22D-A42O-09,0,22,1,2,2,49,4,0,1,31,1,0
TCGA-MA-AA3Y-01A-11D-A387-09,2,44,1,11,12,127,13,0,5,54,2,0
TCGA-MA-AA3Z-01A-11D-A387-09,2,43,3,11,15,136,12,0,8,62,2,0
TCGA-MA-AA41-01A-11D-A387-09,17,137,4,26,29,363,43,0,14,161,6,0
TCGA-MA-AA42-01A-12D-A387-09,3,109,7,17,19,357,20,0,16,159,10,0
TCGA-MA-AA43-01A-11D-A42O-09,1,16,1,3,4,45,6,0,2,15,1,0
TCGA-MB-A5Y8-01A-11D-A29N-09,0,4,0,0,0,20,0,0,2,5,0,0
TCGA-MB-A5Y9-01A-11D-A29N-09,0,5,0,1,2,24,2,0,0,10,0,0
TCGA-MB-A5YA-01A-11D-A29N-09,0,12,1,1,0,23,2,0,1,9,0,0
TCGA-MB-A8JK-01A-11D-A36J-09,0,16,0,4,6,23,1,0,3,6,0,0
TCGA-MB-A8JL-01A-11D-A36J-09,1,8,0,1,1,28,1,0,2,6,0,0
TCGA-MF-A522-01A-11D-A25L-08,1,44,6,30,30,415,28,1,4,189,8,0
TCGA-MG-AAMC-01A-11D-A41K-08,0,0,1,0,0,20,1,0,0,4,0,0
TCGA-MH-A55W-01A-11D-A26P-10,0,4,0,2,2,57,4,0,0,25,3,0
TCGA-MH-A55Z-01A-11D-A26P-10,1,5,0,3,7,63,5,0,2,28,1,1
TCGA-MH-A560-01A-11D-A26P-10,0,2,0,2,1,38,3,0,1,14,2,0
TCGA-MH-A561-01A-11D-A26P-10,0,11,0,1,3,73,3,3,1,21,2,0
TCGA-MH-A562-01A-11D-A26P-10,0,5,0,1,5,41,1,0,0,24,0,0
TCGA-MH-A854-01A-11D-A34Z-10,1,14,0,5,9,100,3,0,2,25,0,0
TCGA-MH-A855-01A-11D-A34Z-10,0,2,0,3,0,26,1,0,0,6,0,0
TCGA-MH-A856-01A-11D-A34Z-10,0,9,0,6,9,48,0,0,0,16,1,0
TCGA-MH-A857-01A-11D-A34Z-10,0,2,0,2,0,16,1,0,1,7,0,0
TCGA-MI-A75C-01A-11D-A32G-10,1,14,1,13,8,90,7,0,3,28,1,0
TCGA-MI-A75E-01A-11D-A32G-10,0,21,4,4,4,103,4,0,2,38,1,0
TCGA-MI-A75G-01A-11D-A32G-10,3,27,1,9,10,190,10,1,3,56,4,0
TCGA-MI-A75H-01A-11D-A32G-10,1,13,1,8,7,100,9,0,4,40,3,0
TCGA-MI-A75I-01A-11D-A32G-10,1,16,0,4,12,133,8,0,2,46,7,1
TCGA-MJ-A68H-01A-11D-A307-09,3,6,0,2,5,33,1,0,0,16,0,0
TCGA-MJ-A68J-01A-11D-A307-09,0,5,0,1,1,9,0,0,0,3,0,0
TCGA-MJ-A850-01A-11D-A351-09,0,7,0,1,2,13,0,0,0,6,0,0
TCGA-MK-A4N6-01A-11D-A257-08,0,0,0,0,0,7,1,0,0,4,0,0
TCGA-MK-A4N7-01A-11D-A257-08,0,0,0,1,0,14,1,0,0,6,0,0
TCGA-MK-A4N9-01A-11D-A257-08,0,1,0,1,1,6,0,0,0,1,0,0
TCGA-MK-A84Z-01A-11D-A397-08,0,0,0,1,0,15,0,0,0,4,0,0
TCGA-MM-A563-01A-11D-A25V-10,0,3,0,1,4,36,3,0,0,4,3,0
TCGA-MM-A564-01A-11D-A25V-10,0,5,2,5,3,56,4,0,1,21,3,0
TCGA-MM-A84U-01A-11D-A36X-10,1,10,2,10,4,60,4,0,2,16,1,0
TCGA-MN-A4N1-01A-11D-A24P-08,1,31,1,13,17,350,27,2,12,123,10,1
TCGA-MN-A4N4-01A-12D-A24P-08,7,63,7,46,45,1147,102,1,27,388,37,2
TCGA-MN-A4N5-01A-11D-A24P-08,4,25,0,15,20,337,28,0,9,107,16,1
TCGA-MO-A47P-01A-11D-A24N-09,0,1,0,1,1,9,0,0,0,0,1,0
TCGA-MO-A47R-01A-11D-A24N-09,0,8,0,1,4,22,3,0,3,4,3,0
TCGA-MP-A4SV-01A-11D-A24P-08,3,17,0,9,19,257,16,0,8,99,12,0
TCGA-MP-A4SW-01A-21D-A24P-08,0,3,0,0,2,49,6,0,0,24,1,0
TCGA-MP-A4SY-01A-21D-A24P-08,1,9,1,7,4,139,10,0,5,35,5,1
TCGA-MP-A4T2-01A-11D-A24P-08,0,3,0,6,1,62,9,0,3,26,1,0
TCGA-MP-A4T4-01A-11D-A25L-08,1,15,1,11,9,310,23,1,5,101,8,0
TCGA-MP-A4T6-01A-32D-A25L-08,0,4,0,5,4,52,5,0,0,23,0,0
TCGA-MP-A4T7-01A-11D-A24P-08,0,4,0,5,0,110,10,0,2,26,2,0
TCGA-MP-A4T8-01A-11D-A24P-08,0,5,1,3,6,89,7,0,7,28,3,0
TCGA-MP-A4T9-01A-11D-A24P-08,0,2,0,0,0,26,2,0,0,16,0,0
TCGA-MP-A4TA-01A-21D-A24P-08,1,22,3,6,7,259,34,0,8,107,5,2
TCGA-MP-A4TC-01A-11D-A24P-08,1,18,2,6,10,191,20,0,3,71,5,0
TCGA-MP-A4TD-01A-32D-A25L-08,1,4,1,2,2,58,3,0,1,26,3,0
TCGA-MP-A4TE-01A-22D-A25L-08,0,9,0,3,3,106,6,0,4,36,5,1
TCGA-MP-A4TF-01A-11D-A25L-08,1,33,4,13,15,324,29,1,5,115,5,1
TCGA-MP-A4TH-01A-31D-A25L-08,0,8,0,3,1,85,12,0,3,23,4,0
TCGA-MP-A4TI-01A-21D-A24P-08,0,9,2,2,4,178,19,0,6,88,4,1
TCGA-MP-A4TJ-01A-51D-A25L-08,1,5,0,1,2,74,5,0,1,24,2,0
TCGA-MP-A4TK-01A-11D-A24P-08,2,19,1,12,10,267,21,0,3,94,13,0
TCGA-MP-A5C7-01A-11D-A25L-08,0,7,0,2,3,48,2,0,1,31,2,0
TCGA-MQ-A4KX-01A-11D-A34C-32,0,0,0,1,1,15,1,0,0,9,2,0
TCGA-MQ-A4LC-01A-31D-A34C-32,0,1,0,2,0,17,3,0,0,4,0,0
TCGA-MQ-A4LI-01A-11D-A34C-32,0,1,0,4,1,28,3,0,0,6,0,0
TCGA-MQ-A4LJ-01A-11D-A34C-32,0,0,1,2,1,13,2,0,0,7,0,0
TCGA-MQ-A4LM-01A-11D-A34C-32,0,2,0,1,1,26,2,0,0,14,2,0
TCGA-MQ-A4LP-01A-11D-A34C-32,0,2,0,3,3,36,3,0,1,15,0,0
TCGA-MQ-A4LV-01A-11D-A34C-32,0,2,0,0,3,39,2,0,0,7,2,0
TCGA-MQ-A6BL-01A-11D-A34C-32,2,1,0,1,3,29,4,0,1,14,0,1
TCGA-MQ-A6BQ-01A-11D-A34C-32,0,2,0,0,2,18,1,0,0,2,1,0
TCGA-MQ-A6BR-01A-11D-A34C-32,0,0,0,1,0,9,1,0,1,4,0,0
TCGA-MQ-A6BS-01A-12D-A34C-32,0,1,1,1,1,31,2,0,1,13,0,1
TCGA-MR-A520-01A-11D-A25V-10,0,3,0,1,1,16,0,0,0,11,1,0
TCGA-MR-A8JO-01A-12D-A35Z-10,0,3,0,3,0,27,2,0,1,5,1,0
TCGA-MT-A51W-01A-21D-A25Y-08,1,8,1,1,3,54,3,0,1,18,1,0
TCGA-MT-A51X-01A-11D-A25Y-08,0,2,0,1,2,39,5,0,0,20,2,0
TCGA-MT-A67A-01A-11D-A30E-08,1,3,1,5,2,79,8,1,0,30,0,1
TCGA-MT-A67D-01A-31D-A30E-08,0,4,0,1,1,77,5,0,6,32,1,0
TCGA-MT-A67F-01A-11D-A30E-08,1,19,1,4,9,244,27,2,8,77,2,1
TCGA-MT-A67G-01A-11D-A30E-08,0,3,0,4,0,50,0,0,0,20,0,0
TCGA-MT-A7BN-01A-12D-A34J-08,0,2,0,1,3,43,4,0,2,18,1,0
TCGA-MU-A5YI-01A-11D-A32I-09,1,17,0,5,2,47,4,0,2,26,0,0
TCGA-MU-A8JM-01A-11D-A36J-09,2,30,1,11,12,67,9,0,4,41,1,0
TCGA-MV-A51V-01A-11D-A26M-08,11,68,6,40,52,1238,124,7,18,398,19,1
TCGA-MW-A4EC-01A-11D-A25V-10,1,5,1,0,2,29,0,0,1,15,2,0
TCGA-MX-A5UG-01A-21D-A31L-08,0,1,0,3,0,37,1,0,0,12,2,0
TCGA-MX-A5UJ-01A-11D-A31L-08,2,54,4,27,27,907,45,0,10,435,23,0
TCGA-MX-A663-01A-11D-A31L-08,1,2,0,4,4,72,8,0,1,13,0,1
TCGA-MX-A666-01A-11D-A31L-08,0,10,0,0,2,88,4,0,3,31,3,0
TCGA-MY-A913-01A-11D-A37N-09,3,35,4,15,10,135,16,0,5,51,0,0
TCGA-MZ-A5BI-01A-31D-A34J-08,0,3,0,5,0,25,1,0,0,10,2,0
TCGA-MZ-A6I9-01A-11D-A31L-08,0,1,0,0,3,22,4,0,0,19,1,0
TCGA-MZ-A7D7-01A-21D-A34J-08,1,12,0,5,5,109,12,0,0,56,2,0
TCGA-N1-A6IA-01A-12D-A32I-09,0,11,1,1,2,23,3,0,1,10,0,0
TCGA-N5-A4R8-01A-11D-A28R-08,0,5,2,1,2,42,4,0,0,7,2,0
TCGA-N5-A4RA-01A-11D-A28R-08,1,3,2,1,1,33,1,0,2,10,0,0
TCGA-N5-A4RD-01A-11D-A28R-08,0,4,0,2,2,46,4,0,1,10,0,0
TCGA-N5-A4RF-01A-11D-A28R-08,1,7,0,3,3,57,5,0,2,15,1,0
TCGA-N5-A4RJ-01A-11D-A28R-08,0,1,1,0,0,44,3,0,0,9,1,0
TCGA-N5-A4RM-01A-11D-A28R-08,2,5,0,2,3,31,2,0,3,11,0,1
TCGA-N5-A4RN-01A-12D-A28R-08,0,5,0,2,2,54,4,0,1,19,4,0
TCGA-N5-A4RO-01A-11D-A28R-08,0,3,0,5,1,41,5,0,0,12,0,0
TCGA-N5-A4RS-01A-11D-A28R-08,0,5,0,0,0,20,1,0,1,6,1,0
TCGA-N5-A4RT-01A-11D-A28R-08,3,3,1,2,5,71,5,0,2,22,2,0
TCGA-N5-A4RU-01A-31D-A28R-08,1,6,0,3,2,55,0,0,1,12,2,0
TCGA-N5-A4RV-01A-21D-A28R-08,0,0,0,2,1,40,3,0,0,18,1,0
TCGA-N5-A59E-01A-11D-A28R-08,0,2,1,2,1,43,2,0,0,19,0,0
TCGA-N5-A59F-01A-11D-A28R-08,1,2,1,1,1,43,1,0,0,9,1,0
TCGA-N6-A4V9-01A-11D-A28R-08,0,2,0,3,1,26,3,0,1,9,0,1
TCGA-N6-A4VC-01A-11D-A28R-08,1,1,0,1,1,33,5,0,1,13,0,0
TCGA-N6-A4VD-01A-11D-A28R-08,1,2,1,4,7,65,4,0,1,26,1,0
TCGA-N6-A4VE-01A-11D-A28R-08,0,3,0,4,1,50,0,0,1,17,3,1
TCGA-N6-A4VF-01A-31D-A28R-08,0,1,0,2,4,33,2,0,2,10,1,0
TCGA-N6-A4VG-01A-31D-A28R-08,0,0,0,1,0,36,0,0,0,17,3,0
TCGA-N7-A4Y0-01A-12D-A28R-08,3,40,7,13,19,476,22,1,12,218,14,2
TCGA-N7-A4Y5-01A-12D-A28R-08,1,4,0,0,1,41,1,0,1,20,2,1
TCGA-N7-A4Y8-01A-11D-A28R-08,0,2,0,0,1,40,1,0,2,9,2,0
TCGA-N7-A59B-01A-11D-A28R-08,0,0,0,0,0,33,3,0,0,10,1,0
TCGA-N8-A4PI-01A-21D-A28R-08,0,3,0,1,1,30,6,0,1,16,3,0
TCGA-N8-A4PL-01A-11D-A28R-08,1,2,0,1,1,37,0,0,0,17,0,0
TCGA-N8-A4PM-01A-11D-A28R-08,0,0,0,1,1,37,2,0,2,17,2,0
TCGA-N8-A4PN-01A-11D-A28R-08,0,3,0,0,1,41,4,0,0,9,0,0
TCGA-N8-A4PO-01A-11D-A28R-08,0,7,0,2,2,45,4,0,3,16,2,1
TCGA-N8-A4PP-01A-11D-A28R-08,0,3,0,1,3,78,6,0,0,35,1,0
TCGA-N8-A4PQ-01A-11D-A28R-08,0,2,0,0,0,43,3,0,0,22,1,0
TCGA-N8-A56S-01A-11D-A28R-08,0,0,0,3,4,34,2,0,5,13,0,0
TCGA-N9-A4PZ-01A-22D-A28R-08,1,2,0,2,2,35,4,0,1,16,1,0
TCGA-N9-A4Q1-01A-11D-A28R-08,0,2,0,1,0,37,1,0,1,3,0,0
TCGA-N9-A4Q3-01A-11D-A28R-08,0,0,0,2,2,32,2,0,2,7,1,0
TCGA-N9-A4Q4-01A-11D-A28R-08,0,2,0,2,1,24,2,0,2,18,0,0
TCGA-N9-A4Q7-01A-11D-A28R-08,0,18,0,5,9,219,17,0,1,61,3,0
TCGA-N9-A4Q8-01A-31D-A28R-08,0,0,0,1,1,37,5,0,1,13,0,0
TCGA-NA-A4QV-01A-11D-A28R-08,0,0,0,1,4,34,2,0,1,12,1,0
TCGA-NA-A4QW-01A-11D-A28R-08,0,1,0,0,1,44,0,0,0,16,0,0
TCGA-NA-A4QX-01A-11D-A28R-08,0,1,0,1,0,21,1,0,1,12,0,0
TCGA-NA-A4QY-01A-11D-A28R-08,0,2,0,0,1,36,0,0,1,9,1,0
TCGA-NA-A4R0-01A-11D-A28R-08,0,2,0,3,4,37,0,0,2,18,1,0
TCGA-NA-A4R1-01A-11D-A28R-08,0,7,1,2,5,74,7,0,0,40,1,1
TCGA-NA-A5I1-01A-21D-A28R-08,0,4,1,2,1,31,3,0,0,10,1,0
TCGA-NC-A5HD-01A-11D-A26M-08,4,24,1,14,20,363,34,1,11,84,9,1
TCGA-NC-A5HE-01A-11D-A26M-08,0,5,0,11,5,159,12,0,2,54,4,1
TCGA-NC-A5HF-01A-11D-A26M-08,1,16,1,7,10,189,15,0,0,72,3,1
TCGA-NC-A5HG-01A-11D-A26M-08,4,38,3,11,25,453,37,2,10,191,11,1
TCGA-NC-A5HH-01A-11D-A26M-08,1,18,3,10,6,271,19,1,8,92,7,0
TCGA-NC-A5HI-01A-11D-A26M-08,3,21,0,16,10,315,32,1,13,121,11,1
TCGA-NC-A5HJ-01A-11D-A26M-08,5,12,1,12,6,327,13,1,8,109,9,2
TCGA-NC-A5HK-01A-11D-A26M-08,3,15,1,12,3,219,16,0,10,56,6,1
TCGA-NC-A5HL-01A-11D-A26M-08,0,12,1,5,11,159,7,0,9,63,3,0
TCGA-NC-A5HM-01A-12D-A26M-08,0,15,2,14,9,223,20,1,8,57,5,0
TCGA-NC-A5HN-01A-11D-A26M-08,2,27,4,17,14,450,20,0,11,178,17,0
TCGA-NC-A5HO-01A-11D-A26M-08,0,16,3,5,8,189,21,1,6,53,6,0
TCGA-NC-A5HP-01A-11D-A26M-08,2,21,3,18,22,278,34,0,6,115,8,3
TCGA-NC-A5HQ-01A-11D-A26M-08,0,14,3,7,16,262,18,0,11,86,11,0
TCGA-NC-A5HR-01A-21D-A26M-08,5,16,1,6,7,253,20,2,8,79,12,0
TCGA-NC-A5HT-01A-11D-A26M-08,1,15,1,6,8,261,16,1,5,92,8,0
TCGA-ND-A4W6-01A-11D-A28R-08,0,1,0,2,2,63,7,0,2,24,2,0
TCGA-ND-A4WA-01A-12D-A28R-08,1,2,0,1,3,38,4,0,0,9,2,0
TCGA-ND-A4WC-01A-21D-A28R-08,20,310,17,88,136,3109,429,10,66,836,63,2
TCGA-ND-A4WF-01A-11D-A28R-08,0,4,0,2,2,56,3,0,0,16,0,0
TCGA-NF-A4WU-01A-11D-A28R-08,0,0,0,0,1,26,2,0,1,11,0,0
TCGA-NF-A4WX-01A-11D-A28R-08,2,2,0,1,1,22,4,0,1,9,3,0
TCGA-NF-A4X2-01A-11D-A28R-08,0,4,0,4,2,73,5,0,1,21,2,0
TCGA-NF-A5CP-01A-12D-A28R-08,0,1,0,4,1,49,2,0,1,20,0,0
TCGA-NG-A4VU-01A-11D-A28R-08,0,2,0,0,0,28,2,0,1,11,2,0
TCGA-NG-A4VW-01A-11D-A28R-08,0,2,0,0,1,33,5,0,0,16,0,0
TCGA-NH-A50T-01A-11D-A28G-10,1,5,0,4,4,105,8,0,1,35,2,0
TCGA-NH-A50U-01A-33D-A36X-10,0,8,1,1,3,70,5,0,1,27,1,1
TCGA-NH-A50V-01A-11D-A28G-10,1,11,1,7,6,121,14,0,3,51,1,0
TCGA-NH-A5IV-01A-42D-A36X-10,13,245,16,91,88,1687,67,0,34,753,37,2
TCGA-NH-A6GA-01A-11D-A36X-10,0,9,0,5,6,70,10,0,0,30,0,1
TCGA-NH-A6GB-01A-11D-A36X-10,2,22,2,9,9,124,8,1,4,51,3,0
TCGA-NH-A6GC-01A-12D-A40P-10,0,13,0,5,5,93,8,0,3,26,2,1
TCGA-NH-A8F7-01A-11D-A40P-10,1,9,0,5,5,98,9,0,1,38,4,0
TCGA-NH-A8F8-01A-72D-A40P-10,0,17,1,9,5,82,8,0,2,32,4,0
TCGA-NI-A4U2-01A-11D-A28X-10,0,10,1,5,7,92,6,0,0,34,6,0
TCGA-NI-A8LF-01A-11D-A35Z-10,0,11,0,8,7,82,5,0,3,29,3,0
TCGA-NJ-A4YF-01A-12D-A25L-08,1,50,3,23,18,452,45,2,19,150,17,1
TCGA-NJ-A4YG-01A-22D-A25L-08,2,11,1,5,8,115,9,0,3,41,3,0
TCGA-NJ-A4YI-01A-11D-A25L-08,3,29,0,7,15,328,27,1,7,126,16,0
TCGA-NJ-A4YP-01A-11D-A25L-08,2,31,2,18,18,387,57,1,8,158,9,0
TCGA-NJ-A4YQ-01A-11D-A25L-08,5,57,5,25,29,843,77,2,29,289,29,1
TCGA-NJ-A55A-01A-11D-A25L-08,1,6,1,2,6,92,1,1,3,34,0,0
TCGA-NJ-A55O-01A-11D-A25L-08,0,1,0,4,5,107,11,0,2,34,1,0
TCGA-NJ-A55R-01A-11D-A25L-08,0,11,2,4,9,190,16,0,4,75,11,1
TCGA-NJ-A7XG-01A-12D-A397-08,0,0,0,1,0,22,1,0,0,18,0,0
TCGA-NK-A5CR-01A-11D-A26M-08,0,16,5,9,9,237,10,1,5,79,11,0
TCGA-NK-A5CT-01A-31D-A26M-08,4,13,0,4,9,257,17,0,5,95,2,1
TCGA-NK-A5CX-01A-11D-A26M-08,1,10,0,10,2,129,9,0,3,44,5,2
TCGA-NK-A5D1-01A-11D-A26M-08,1,5,0,3,1,95,8,0,1,45,1,0
TCGA-NK-A7XE-01A-12D-A401-08,0,9,0,2,8,84,4,0,0,23,2,0
TCGA-NQ-A57I-01A-11D-A34C-32,0,3,1,2,2,31,1,0,6,14,0,0
TCGA-NQ-A638-01A-11D-A34C-32,0,3,1,2,3,31,3,0,1,17,0,0
TCGA-O1-A52J-01A-11D-A25L-08,0,7,0,6,6,129,9,0,2,47,4,1
TCGA-O2-A52N-01A-11D-A26M-08,3,30,4,16,10,386,29,0,11,130,15,1
TCGA-O2-A52Q-01A-11D-A26M-08,2,35,4,33,35,754,65,0,17,252,28,0
TCGA-O2-A52S-01A-11D-A25L-08,1,27,3,11,20,274,31,0,7,88,8,1
TCGA-O2-A52V-01A-31D-A25L-08,2,19,1,12,6,192,11,2,4,77,5,1
TCGA-O2-A52W-01A-11D-A26M-08,2,2,2,5,2,70,7,0,0,35,5,0
TCGA-O2-A5IB-01A-11D-A27K-08,2,12,0,8,6,184,11,0,5,71,13,2
TCGA-O8-A75V-01A-11D-A32G-10,0,12,0,1,5,53,6,1,1,34,2,0
TCGA-O9-A75Z-01A-11D-A33Q-10,0,0,0,1,4,13,0,0,0,9,1,0
TCGA-OD-A75X-06A-12D-A32N-08,5,66,5,46,41,781,50,0,21,427,11,2
TCGA-OE-A75W-01A-12D-A32N-08,0,3,0,4,2,63,6,0,4,19,1,0
TCGA-OK-A5Q2-01A-11D-A27P-09,0,5,0,4,2,18,4,0,1,8,1,0
TCGA-OL-A5D6-01A-21D-A27P-09,0,9,0,3,3,29,0,0,0,13,0,0
TCGA-OL-A5D7-01A-11D-A27P-09,1,9,0,4,2,45,0,0,1,16,2,0
TCGA-OL-A5D8-01A-11D-A27P-09,2,9,0,1,0,17,3,0,0,7,0,0
TCGA-OL-A5DA-01A-11D-A27P-09,1,18,3,2,4,54,3,0,3,26,0,0
TCGA-OL-A5RU-01A-11D-A28B-09,2,6,0,2,1,29,1,0,0,4,1,0
TCGA-OL-A5RV-01A-12D-A28B-09,0,3,1,1,0,10,0,0,0,2,0,0
TCGA-OL-A5RW-01A-11D-A28B-09,7,43,0,10,17,129,9,0,6,32,0,0
TCGA-OL-A5RX-01A-11D-A28B-09,0,7,0,0,2,17,3,0,0,6,0,0
TCGA-OL-A5RY-01A-21D-A28B-09,1,2,0,2,0,7,0,0,0,1,0,0
TCGA-OL-A5RZ-01A-11D-A28B-09,2,16,2,3,7,82,2,0,1,37,0,0
TCGA-OL-A5S0-01A-11D-A28B-09,0,7,0,4,2,23,0,0,0,8,0,0
TCGA-OL-A66H-01A-11D-A29N-09,0,5,0,1,0,14,1,0,1,5,0,0
TCGA-OL-A66I-01A-21D-A29N-09,1,4,0,1,1,32,4,0,0,11,2,0
TCGA-OL-A66J-01A-11D-A29N-09,0,8,1,4,0,39,3,0,2,9,2,0
TCGA-OL-A66K-01A-11D-A29N-09,2,9,0,2,2,24,1,0,0,7,0,0
TCGA-OL-A66L-01A-12D-A31U-09,1,11,2,2,2,50,1,0,1,22,1,1
TCGA-OL-A66N-01A-12D-A31U-09,0,7,0,4,2,29,2,0,0,14,0,0
TCGA-OL-A66O-01A-11D-A31U-09,0,2,1,3,2,19,3,0,0,7,1,0
TCGA-OL-A66P-01A-11D-A31U-09,1,16,0,2,4,69,4,0,1,25,1,0
TCGA-OL-A6VO-01A-12D-A33E-09,0,8,1,3,1,15,0,0,2,7,1,0
TCGA-OL-A6VQ-01A-12D-A41F-09,2,14,1,4,3,34,3,0,1,20,0,0
TCGA-OL-A6VR-01A-32D-A33E-09,0,3,0,0,1,9,0,0,0,4,0,0
TCGA-OL-A97C-01A-32D-A41F-09,3,7,1,3,0,44,0,0,0,12,0,0
TCGA-OR-A5J1-01A-11D-A29I-10,0,2,0,0,3,19,0,0,0,14,1,0
TCGA-OR-A5J2-01A-11D-A29I-10,0,3,0,3,1,22,3,0,1,8,0,0
TCGA-OR-A5J3-01A-11D-A29I-10,0,3,0,0,2,9,1,0,0,4,0,0
TCGA-OR-A5J4-01A-11D-A29I-10,0,9,1,7,3,97,7,0,3,30,4,0
TCGA-OR-A5J5-01A-11D-A29I-10,3,25,0,9,13,299,14,0,5,127,1,0
TCGA-OR-A5J6-01A-31D-A29I-10,0,1,0,0,0,28,0,0,0,11,1,0
TCGA-OR-A5J7-01A-11D-A29I-10,1,2,0,2,2,41,2,0,0,8,0,0
TCGA-OR-A5J8-01A-11D-A29I-10,0,8,1,1,1,71,13,0,2,25,2,0
TCGA-OR-A5J9-01A-11D-A29I-10,0,3,1,0,1,29,0,0,1,6,0,0
TCGA-OR-A5JA-01A-11D-A29I-10,0,39,8,16,26,373,81,2,8,97,11,2
TCGA-OR-A5JB-01A-11D-A29I-10,3,25,3,12,8,238,26,0,10,85,8,1
TCGA-OR-A5JC-01A-11D-A29I-10,0,2,0,1,2,25,1,0,3,7,0,0
TCGA-OR-A5JD-01A-11D-A29I-10,0,2,0,0,1,24,1,0,1,6,0,0
TCGA-OR-A5JE-01A-11D-A29I-10,0,3,0,1,1,42,2,0,3,14,2,0
TCGA-OR-A5JF-01A-11D-A29I-10,1,6,0,2,2,60,2,0,0,17,4,0
TCGA-OR-A5JG-01A-11D-A29I-10,0,1,0,0,1,24,0,0,1,9,1,0
TCGA-OR-A5JH-01A-11D-A30A-10,0,0,0,0,0,4,1,0,0,4,1,0
TCGA-OR-A5JI-01A-11D-A29I-10,0,0,0,0,2,10,0,0,0,1,0,0
TCGA-OR-A5JJ-01A-11D-A29I-10,0,0,0,0,0,17,0,0,0,4,0,0
TCGA-OR-A5JK-01A-11D-A29I-10,0,2,0,2,1,20,3,0,1,6,0,0
TCGA-OR-A5JL-01A-11D-A29I-10,0,2,0,0,0,7,2,0,0,1,0,0
TCGA-OR-A5JM-01A-11D-A29I-10,0,4,0,8,6,42,1,0,1,17,4,0
TCGA-OR-A5JO-01A-11D-A29I-10,0,2,0,1,0,11,1,0,0,2,1,0
TCGA-OR-A5JP-01A-11D-A29I-10,1,4,0,6,4,53,3,0,2,19,1,0
TCGA-OR-A5JQ-01A-11D-A29I-10,0,0,0,0,0,5,0,0,0,3,1,0
TCGA-OR-A5JR-01A-11D-A29I-10,0,0,0,1,0,3,1,0,0,2,0,0
TCGA-OR-A5JS-01A-11D-A29I-10,0,3,0,2,1,23,2,0,0,16,2,0
TCGA-OR-A5JT-01A-11D-A29I-10,0,2,0,2,1,20,1,1,0,12,0,0
TCGA-OR-A5JU-01A-11D-A30A-10,0,0,0,0,3,19,1,1,0,5,2,0
TCGA-OR-A5JV-01A-11D-A29I-10,0,3,0,2,1,24,1,0,0,5,0,0
TCGA-OR-A5JW-01A-11D-A29I-10,0,0,0,1,0,23,2,0,0,8,1,0
TCGA-OR-A5JX-01A-11D-A29I-10,0,0,0,2,1,27,3,0,0,7,1,0
TCGA-OR-A5JY-01A-31D-A29I-10,0,6,1,6,1,61,3,0,1,18,1,0
TCGA-OR-A5JZ-01A-11D-A29I-10,0,1,0,1,1,13,0,0,0,4,0,0
TCGA-OR-A5K0-01A-11D-A29I-10,1,4,0,1,1,35,3,0,0,24,0,1
TCGA-OR-A5K1-01A-11D-A29I-10,0,0,2,0,2,10,0,0,0,1,1,0
TCGA-OR-A5K2-01A-11D-A29I-10,1,4,0,2,2,39,0,0,0,23,2,0
TCGA-OR-A5K3-01A-11D-A29I-10,0,0,0,1,0,14,0,0,1,4,0,0
TCGA-OR-A5K4-01A-11D-A29I-10,3,20,0,7,8,196,11,0,5,88,1,0
TCGA-OR-A5K5-01A-11D-A29I-10,1,12,1,3,3,93,6,0,2,32,2,0
TCGA-OR-A5K6-01A-11D-A29I-10,1,2,0,0,3,21,2,0,1,6,0,0
TCGA-OR-A5K8-01A-11D-A29I-10,0,5,0,0,3,22,1,0,0,3,0,0
TCGA-OR-A5K9-01A-11D-A29I-10,1,4,1,10,3,104,6,0,1,37,0,1
TCGA-OR-A5KB-01A-11D-A30A-10,10,181,17,92,90,1583,140,3,55,582,52,2
TCGA-OR-A5KO-01A-11D-A29I-10,0,3,0,3,0,24,1,0,0,8,0,0
TCGA-OR-A5KP-01A-11D-A30A-10,1,4,0,1,6,45,3,0,0,15,1,0
TCGA-OR-A5KQ-01A-11D-A30A-10,0,0,0,0,0,10,0,0,0,3,0,0
TCGA-OR-A5KS-01A-11D-A30A-10,0,0,0,1,1,14,2,0,0,3,0,0
TCGA-OR-A5KT-01A-11D-A29I-10,0,6,0,2,2,17,2,0,1,5,2,0
TCGA-OR-A5KU-01A-11D-A29I-10,0,3,0,0,0,16,1,0,0,10,0,0
TCGA-OR-A5KV-01A-11D-A29I-10,0,1,0,3,2,16,1,0,0,3,0,0
TCGA-OR-A5KW-01A-11D-A29I-10,0,1,0,1,1,17,2,0,1,11,1,0
TCGA-OR-A5KX-01A-11D-A29I-10,0,1,0,4,6,29,2,0,0,13,0,0
TCGA-OR-A5KY-01A-11D-A29I-10,0,1,0,1,1,21,4,0,0,9,1,0
TCGA-OR-A5KZ-01A-11D-A29I-10,1,3,0,0,1,19,2,0,1,4,0,0
TCGA-OR-A5L1-01A-11D-A30A-10,0,3,0,0,2,12,0,0,0,9,0,1
TCGA-OR-A5L2-01A-11D-A30A-10,2,9,0,5,6,111,14,0,2,43,0,0
TCGA-OR-A5L3-01A-11D-A29I-10,0,3,0,2,0,18,1,0,0,7,1,0
TCGA-OR-A5L4-01A-11D-A29I-10,0,0,0,0,0,20,1,0,0,8,1,0
TCGA-OR-A5L5-01A-11D-A29I-10,0,0,0,0,0,9,0,0,1,1,0,0
TCGA-OR-A5L6-01A-11D-A29I-10,0,1,0,3,4,34,0,0,0,10,0,0
TCGA-OR-A5L8-01A-11D-A29I-10,1,0,0,0,0,14,0,0,0,7,0,0
TCGA-OR-A5L9-01A-11D-A29I-10,0,4,0,0,0,6,0,0,0,1,0,0
TCGA-OR-A5LA-01A-11D-A29I-10,1,2,0,0,0,7,0,0,1,3,0,0
TCGA-OR-A5LB-01A-11D-A29I-10,4,22,0,8,6,138,9,0,4,60,2,0
TCGA-OR-A5LC-01A-11D-A29I-10,1,3,0,2,0,36,2,0,0,18,4,0
TCGA-OR-A5LD-01A-11D-A29I-10,0,5,0,6,4,42,6,0,3,17,0,0
TCGA-OR-A5LE-01A-11D-A29I-10,1,2,0,0,0,19,0,0,0,4,0,0
TCGA-OR-A5LF-01A-11D-A30A-10,0,0,0,1,1,16,2,0,0,6,0,0
TCGA-OR-A5LG-01A-11D-A29I-10,0,1,1,1,4,15,1,0,0,7,0,0
TCGA-OR-A5LH-01A-11D-A29I-10,0,0,0,0,0,7,0,0,0,1,0,0
TCGA-OR-A5LI-01A-11D-A30A-10,0,8,0,7,4,45,3,0,3,13,0,0
TCGA-OR-A5LJ-01A-11D-A29I-10,4,32,3,7,17,302,15,0,7,142,2,0
TCGA-OR-A5LK-01A-11D-A29I-10,0,4,1,2,4,36,2,0,2,14,1,1
TCGA-OR-A5LL-01A-11D-A29I-10,1,4,0,2,3,46,1,0,2,13,0,0
TCGA-OR-A5LM-01A-11D-A29I-10,0,3,0,1,0,20,1,0,0,6,1,0
TCGA-OR-A5LN-01A-11D-A29I-10,0,1,0,2,0,11,0,0,0,3,0,0
TCGA-OR-A5LO-01A-11D-A29I-10,0,10,2,1,6,53,2,1,0,21,1,0
TCGA-OR-A5LP-01A-11D-A29I-10,0,0,0,1,2,17,0,0,0,2,0,0
TCGA-OR-A5LR-01A-11D-A29I-10,0,1,0,0,0,11,0,0,0,1,0,1
TCGA-OR-A5LS-01A-11D-A29I-10,0,1,0,0,2,7,3,0,1,4,1,0
TCGA-OR-A5LT-01A-11D-A29I-10,0,0,0,1,0,14,2,0,0,7,2,0
TCGA-OU-A5PI-01A-12D-A29I-10,0,1,0,0,1,24,0,0,0,9,1,0
TCGA-OX-A56R-01A-11D-A33T-08,0,2,0,1,2,31,1,0,1,8,0,0
TCGA-OY-A56P-01A-12D-A403-09,0,6,2,2,0,27,0,0,1,10,1,1
TCGA-OY-A56Q-01A-11D-A403-09,3,14,0,2,1,43,1,0,1,16,2,0
TCGA-P3-A5Q5-01A-11D-A28R-08,0,16,2,5,12,218,16,0,0,80,3,0
TCGA-P3-A5Q6-01A-11D-A28R-08,0,7,1,6,4,95,7,0,3,39,2,0
TCGA-P3-A5QA-01A-11D-A28R-08,0,2,0,3,0,56,4,0,0,19,0,0
TCGA-P3-A5QE-01A-11D-A28R-08,0,2,0,3,2,31,3,0,0,9,0,0
TCGA-P3-A5QF-01A-11D-A28R-08,4,32,1,19,30,285,26,2,6,120,4,0
TCGA-P3-A6SW-01A-11D-A34J-08,0,4,0,1,2,70,9,0,0,25,1,0
TCGA-P3-A6SX-01A-11D-A34J-08,0,11,1,5,13,130,15,0,5,39,2,0
TCGA-P3-A6T0-01A-12D-A34J-08,0,4,0,1,2,65,8,0,1,27,0,0
TCGA-P3-A6T2-01A-11D-A34J-08,0,6,1,5,2,37,3,0,1,28,1,0
TCGA-P3-A6T3-01A-11D-A34J-08,0,6,0,6,4,83,11,0,1,27,0,0
TCGA-P3-A6T4-01A-11D-A34J-08,1,10,0,8,8,96,13,0,1,46,3,0
TCGA-P3-A6T5-01A-11D-A34J-08,0,11,1,4,8,175,7,0,3,83,7,0
TCGA-P3-A6T6-01A-11D-A34J-08,1,9,0,5,7,90,9,0,4,30,4,0
TCGA-P3-A6T7-01A-11D-A34J-08,2,8,1,5,4,101,5,0,3,42,2,0
TCGA-P3-A6T8-01A-11D-A34J-08,1,8,1,2,2,68,3,0,1,17,0,1
TCGA-P4-A5E6-01A-11D-A28G-10,0,9,0,3,2,68,3,0,2,17,0,0
TCGA-P4-A5E7-01A-31D-A28G-10,3,10,1,3,1,66,4,0,0,25,1,0
TCGA-P4-A5E8-01A-11D-A28G-10,0,5,0,1,0,26,1,0,2,9,0,0
TCGA-P4-A5EA-01A-11D-A28G-10,0,6,0,2,4,31,4,0,4,14,1,0
TCGA-P4-A5EB-01A-11D-A28G-10,1,15,2,8,10,95,8,0,3,37,3,0
TCGA-P4-A5ED-01A-11D-A28G-10,0,0,0,0,1,8,1,0,1,6,1,0
TCGA-P4-AAVL-01A-11D-A42J-10,0,5,1,4,1,57,2,0,2,17,0,0
TCGA-P4-AAVM-01A-11D-A42J-10,0,6,0,4,3,32,4,1,0,22,2,0
TCGA-P5-A5ET-01A-11D-A27K-08,0,1,1,1,0,14,1,0,1,4,1,0
TCGA-P5-A5EU-01A-11D-A27K-08,0,1,0,1,2,20,2,0,0,7,2,0
TCGA-P5-A5EV-01A-11D-A27K-08,0,7,0,6,2,79,2,0,3,17,2,0
TCGA-P5-A5EW-01A-11D-A27K-08,0,1,0,0,0,13,1,0,0,5,1,0
TCGA-P5-A5EX-01A-12D-A289-08,0,1,0,0,1,17,1,0,0,6,0,0
TCGA-P5-A5EY-01A-11D-A27K-08,0,0,0,0,0,1,0,0,0,1,0,0
TCGA-P5-A5EZ-01A-11D-A27K-08,0,3,0,0,0,34,1,0,2,11,0,0
TCGA-P5-A5F0-01A-11D-A289-08,0,1,1,0,0,23,3,0,0,6,1,0
TCGA-P5-A5F1-01A-11D-A289-08,0,2,0,2,2,14,3,0,3,4,0,0
TCGA-P5-A5F2-01A-11D-A289-08,0,1,0,0,0,23,1,0,1,7,1,1
TCGA-P5-A5F4-01A-11D-A289-08,0,0,0,1,0,28,1,0,0,12,0,0
TCGA-P5-A5F6-01A-11D-A289-08,0,1,0,0,0,1,0,0,1,1,0,0
TCGA-P5-A72U-01A-31D-A32B-08,0,4,0,1,1,42,3,0,1,18,2,0
TCGA-P5-A72W-01A-11D-A32B-08,0,0,0,0,0,33,1,0,0,7,0,0
TCGA-P5-A72X-01A-11D-A32B-08,0,0,0,0,0,10,0,0,0,1,1,0
TCGA-P5-A72Z-01A-11D-A32B-08,0,0,0,1,0,23,1,0,1,9,1,0
TCGA-P5-A730-01A-11D-A32B-08,0,0,0,0,0,15,4,0,0,4,0,0
TCGA-P5-A731-01A-11D-A32B-08,0,1,0,0,1,19,1,0,1,5,0,0
TCGA-P5-A733-01A-11D-A32B-08,0,3,0,1,1,31,1,0,1,9,0,0
TCGA-P5-A735-01A-11D-A32B-08,0,0,0,1,0,19,0,0,1,4,1,0
TCGA-P5-A736-01A-11D-A32B-08,0,1,0,0,0,19,2,0,0,8,0,0
TCGA-P5-A737-01A-11D-A32B-08,0,2,0,1,0,20,1,0,0,4,0,0
TCGA-P5-A77W-01A-11D-A32B-08,0,2,0,1,0,18,3,0,1,6,0,0
TCGA-P5-A77X-01A-11D-A32B-08,0,1,2,0,1,17,0,0,0,9,0,0
TCGA-P5-A780-01A-12D-A32B-08,0,2,0,3,0,39,4,0,1,19,0,0
TCGA-P5-A781-01A-11D-A32B-08,0,0,0,3,2,12,0,0,0,4,0,0
TCGA-P6-A5OF-01A-11D-A29I-10,0,2,1,1,1,21,3,0,0,10,1,0
TCGA-P6-A5OG-01A-22D-A29I-10,1,17,1,6,9,181,15,1,3,70,9,0
TCGA-P6-A5OH-01A-11D-A30A-10,0,8,0,5,4,100,6,0,1,33,1,0
TCGA-P7-A5NX-01A-11D-A35D-08,0,0,0,0,0,16,0,0,1,2,0,0
TCGA-P7-A5NY-01A-12D-A35D-08,0,0,0,0,0,6,0,0,0,0,0,0
TCGA-P8-A5KC-01A-11D-A35D-08,0,0,0,0,1,11,0,0,0,4,0,0
TCGA-P8-A5KD-01A-11D-A35D-08,0,0,0,0,1,5,1,0,0,3,0,0
TCGA-P8-A6RX-01A-11D-A35D-08,0,0,0,0,0,17,3,0,0,2,0,0
TCGA-P8-A6RY-01A-12D-A35D-08,0,0,0,0,0,4,0,0,0,4,0,0
TCGA-PA-A5YG-01A-11D-A29I-10,0,0,0,0,0,8,2,0,0,1,0,0
TCGA-PC-A5DK-01A-11D-A27P-09,0,1,0,0,0,14,0,0,0,4,1,0
TCGA-PC-A5DM-01A-11D-A27P-09,0,5,0,3,2,31,2,0,1,11,4,0
TCGA-PC-A5DN-01A-12D-A27P-09,0,7,0,0,4,42,2,0,2,8,0,0
TCGA-PD-A5DF-01A-11D-A27I-10,1,7,0,3,1,34,2,0,1,11,0,0
TCGA-PE-A5DC-01A-12D-A27P-09,1,22,4,6,6,69,3,0,2,35,6,0
TCGA-PE-A5DD-01A-12D-A27P-09,0,13,0,2,4,44,2,0,2,17,1,0
TCGA-PE-A5DE-01A-11D-A27P-09,5,98,1,16,29,347,24,2,8,152,5,2
TCGA-PG-A5BC-01A-12D-A27P-09,0,10,0,3,3,38,1,0,0,14,0,0
TCGA-PG-A6IB-01A-21D-A31U-09,3,75,2,8,12,313,17,0,18,148,13,0
TCGA-PG-A7D5-01A-11D-A34Q-09,2,13,1,2,1,22,0,0,1,11,1,1
TCGA-PG-A914-01A-11D-A37N-09,2,41,0,9,2,112,13,0,3,28,3,1
TCGA-PG-A915-01A-11D-A37N-09,0,18,0,5,2,66,2,0,5,14,1,0
TCGA-PG-A916-01A-11D-A37N-09,1,12,2,1,2,32,0,0,1,6,0,0
TCGA-PG-A917-01A-31D-A37N-09,13,161,9,31,43,490,38,1,24,219,18,3
TCGA-PJ-A5Z8-01A-11D-A28G-10,1,4,0,4,6,46,0,0,1,16,2,0
TCGA-PJ-A5Z9-01A-11D-A28G-10,0,6,1,5,5,44,0,0,1,15,0,0
TCGA-PJ-A8JU-01A-11D-A35Z-10,2,11,0,3,7,65,5,0,0,26,2,0
TCGA-PK-A5H8-01A-11D-A29I-10,0,2,0,1,1,15,0,0,0,8,1,0
TCGA-PK-A5H9-01A-11D-A29I-10,0,1,0,1,1,11,3,0,0,4,0,0
TCGA-PK-A5HA-01A-11D-A29I-10,0,3,0,4,5,42,4,0,0,13,1,0
TCGA-PK-A5HB-01A-11D-A29I-10,10,109,8,51,42,807,44,1,16,346,21,1
TCGA-PK-A5HC-01A-11D-A30A-10,0,7,2,1,4,50,1,0,1,17,2,0
TCGA-PL-A8LV-01A-21D-A41F-09,6,18,2,6,8,79,3,0,1,27,5,0
TCGA-PL-A8LX-01A-11D-A41F-09,0,10,1,0,1,26,1,0,0,10,0,0
TCGA-PL-A8LY-01A-11D-A41F-09,0,2,0,1,0,3,0,0,0,1,0,0
TCGA-PL-A8LZ-01A-31D-A36J-09,4,25,0,5,3,69,7,0,5,16,2,0
TCGA-PN-A8MA-01A-11D-A36J-09,8,32,1,7,5,118,9,0,3,44,2,0
TCGA-PQ-A6FI-01A-11D-A31L-08,3,10,1,6,8,121,8,1,2,38,2,0
TCGA-PQ-A6FN-01A-11D-A31L-08,0,4,0,3,2,57,5,0,2,23,6,0
TCGA-PR-A5PF-01A-11D-A35D-08,0,1,0,2,0,15,0,0,0,7,0,0
TCGA-PR-A5PG-01A-11D-A35D-08,0,2,0,1,0,14,0,0,0,5,0,0
TCGA-PR-A5PH-01A-11D-A35D-08,0,2,0,0,0,7,1,0,0,3,0,0
TCGA-PZ-A5RE-01A-11D-A32N-08,0,0,0,0,1,25,1,0,0,4,0,0
TCGA-Q1-A5R1-01A-11D-A28B-09,1,10,1,5,9,48,8,0,3,18,0,0
TCGA-Q1-A5R2-01A-11D-A28B-09,1,91,6,16,31,306,32,1,13,136,2,0
TCGA-Q1-A5R3-01A-11D-A28B-09,0,6,2,5,3,49,4,0,0,18,1,0
TCGA-Q1-A6DT-01A-11D-A32I-09,3,26,5,6,17,128,11,0,3,45,1,0
TCGA-Q1-A6DV-01A-11D-A32I-09,0,8,3,5,3,16,1,0,2,12,2,0
TCGA-Q1-A6DW-01A-11D-A32I-09,2,22,3,6,4,78,6,0,1,27,0,0
TCGA-Q1-A73O-01A-11D-A32I-09,22,402,18,83,117,1112,109,2,26,466,34,4
TCGA-Q1-A73P-01A-11D-A32I-09,4,63,7,28,24,176,24,1,6,69,5,0
TCGA-Q1-A73Q-01A-21D-A32I-09,2,17,0,3,6,50,1,0,1,24,0,0
TCGA-Q1-A73R-01A-11D-A33O-09,0,16,0,8,6,31,4,0,5,9,1,0
TCGA-Q1-A73S-01A-11D-A33O-09,0,10,1,2,0,14,2,0,2,6,1,0
TCGA-Q2-A5QZ-01A-11D-A28G-10,1,6,1,2,1,53,2,0,1,17,3,0
TCGA-Q3-A5QY-01A-12D-A32N-08,0,0,0,0,0,1,0,0,0,0,0,0
TCGA-Q3-AA2A-01A-11D-A377-08,0,0,2,1,0,17,1,0,1,6,0,0
TCGA-Q9-A6FU-01A-11D-A31U-09,0,31,1,6,10,122,10,0,12,44,6,0
TCGA-Q9-A6FW-01A-31D-A31U-09,4,34,3,5,6,168,9,0,6,52,2,0
TCGA-QA-A7B7-01A-11D-A32G-10,1,13,0,9,4,69,5,0,4,29,0,0
TCGA-QB-A6FS-06A-11D-A30X-08,5,52,11,39,35,873,57,0,24,497,11,0
TCGA-QB-AA9O-06A-11D-A397-08,8,83,3,39,63,1134,77,0,32,639,17,1
TCGA-QC-A6FX-01A-11D-A32I-09,1,14,0,4,4,29,3,0,2,14,2,0
TCGA-QC-A7B5-01A-11D-A33E-09,26,496,39,119,144,1598,94,0,64,896,24,2
TCGA-QC-AA9N-01A-11D-A38Z-09,0,9,0,0,2,28,1,1,2,13,2,0
TCGA-QD-A8IV-01A-11D-A397-08,0,0,0,0,0,5,2,0,0,5,0,0
TCGA-QF-A5YS-01A-11D-A31U-09,37,557,17,54,104,1271,240,0,78,390,21,0
TCGA-QF-A5YT-01A-11D-A31U-09,0,1,0,0,0,7,0,0,0,3,0,0
TCGA-QG-A5YV-01A-11D-A28G-10,1,12,0,3,3,143,6,0,3,53,3,0
TCGA-QG-A5YW-01A-11D-A28G-10,1,12,1,2,7,119,12,0,2,40,7,0
TCGA-QG-A5YX-01A-11D-A28G-10,0,10,0,2,4,65,3,0,2,31,1,0
TCGA-QG-A5Z1-01A-11D-A28G-10,0,5,0,7,1,77,8,0,2,33,0,0
TCGA-QG-A5Z2-01A-11D-A28G-10,6,69,2,25,31,747,43,1,8,341,17,0
TCGA-QH-A65R-01A-21D-A31L-08,0,1,0,0,0,29,1,0,0,6,0,0
TCGA-QH-A65S-01A-11D-A29Q-08,0,0,0,0,1,14,0,0,0,5,1,0
TCGA-QH-A65V-01A-11D-A29Q-08,0,3,0,2,1,18,1,0,1,3,0,0
TCGA-QH-A65X-01A-11D-A32B-08,0,3,0,1,1,15,2,0,0,5,0,0
TCGA-QH-A65Z-01A-11D-A29Q-08,0,3,0,1,0,17,0,0,0,7,0,1
TCGA-QH-A6CS-01A-11D-A31L-08,0,1,0,0,1,16,0,0,0,7,0,0
TCGA-QH-A6CU-01A-11D-A31L-08,0,0,0,0,0,11,1,0,0,3,0,0
TCGA-QH-A6CV-01A-11D-A31L-08,0,3,0,0,0,38,8,0,1,25,2,0
TCGA-QH-A6CW-01A-11D-A32B-08,0,1,0,0,1,32,1,0,1,6,1,0
TCGA-QH-A6CX-01A-11D-A32B-08,0,2,0,1,2,27,3,0,2,10,0,0
TCGA-QH-A6CY-01A-11D-A32B-08,0,2,0,0,0,14,1,0,0,5,0,0
TCGA-QH-A6CZ-01A-11D-A32B-08,0,1,0,1,0,26,4,0,1,10,1,0
TCGA-QH-A6X3-01A-21D-A32B-08,0,3,0,0,0,19,0,0,0,2,0,0
TCGA-QH-A6X4-01A-51D-A32B-08,1,1,0,1,1,20,1,0,0,6,0,0
TCGA-QH-A6X5-01A-12D-A32B-08,0,0,1,0,2,17,0,0,0,7,0,0
TCGA-QH-A6X8-01A-12D-A32B-08,0,0,0,2,0,21,0,0,1,12,2,0
TCGA-QH-A6X9-01A-12D-A32B-08,2,1,0,1,1,40,1,0,1,13,0,0
TCGA-QH-A6XA-01A-12D-A32B-08,1,0,0,0,0,8,0,0,0,5,0,0
TCGA-QH-A6XC-01A-12D-A32B-08,0,2,0,1,3,31,3,0,1,16,1,0
TCGA-QH-A86X-01A-11D-A36O-08,0,0,0,1,0,12,2,0,0,4,2,0
TCGA-QH-A870-01A-11D-A36O-08,0,0,0,0,0,13,2,0,0,7,2,0
TCGA-QK-A64Z-01A-11D-A30E-08,0,3,1,4,2,59,7,0,0,29,1,0
TCGA-QK-A652-01A-11D-A30E-08,1,3,0,1,2,38,3,0,0,8,1,0
TCGA-QK-A6IF-01A-11D-A31L-08,0,1,1,3,0,22,0,0,1,9,0,0
TCGA-QK-A6IG-01A-11D-A31L-08,0,5,0,4,7,92,16,0,1,29,1,0
TCGA-QK-A6IH-01A-11D-A31L-08,0,1,0,2,1,59,1,1,1,17,0,0
TCGA-QK-A6II-01A-11D-A31L-08,1,8,1,5,5,133,2,0,2,56,5,2
TCGA-QK-A6IJ-01A-11D-A31L-08,1,1,0,2,0,46,5,0,1,21,3,0
TCGA-QK-A6V9-01A-11D-A34J-08,0,4,0,2,4,51,6,0,1,28,0,0
TCGA-QK-A6VB-01A-12D-A34J-08,1,30,1,9,15,305,9,0,9,122,10,0
TCGA-QK-A6VC-01A-23D-A34J-08,1,12,0,2,5,165,9,0,0,52,1,0
TCGA-QK-A8Z7-01A-11D-A391-08,1,3,0,2,4,109,13,0,1,34,4,1
TCGA-QK-A8Z8-01A-11D-A391-08,1,27,2,7,16,276,28,1,9,117,5,1
TCGA-QK-A8Z9-01B-11D-A391-08,1,11,1,6,3,85,9,0,4,41,3,1
TCGA-QK-A8ZA-01A-11D-A391-08,1,6,1,2,8,91,6,0,2,37,0,0
TCGA-QK-A8ZB-01A-11D-A391-08,0,3,0,1,4,78,6,0,2,28,5,0
TCGA-QK-AA3J-01A-11D-A391-08,1,9,1,4,6,88,4,0,1,41,3,0
TCGA-QK-AA3K-01A-11D-A391-08,0,3,0,1,9,70,4,0,1,29,3,0
TCGA-QL-A97D-01A-12D-A40P-10,0,28,4,11,17,191,11,0,5,64,1,0
TCGA-QM-A5NM-01A-11D-A28R-08,0,0,0,3,2,43,1,0,3,12,2,0
TCGA-QN-A5NN-01A-11D-A28R-08,0,2,0,1,0,50,2,1,1,19,1,0
TCGA-QQ-A5V2-01A-11D-A32I-09,0,4,0,0,1,14,1,1,0,3,0,0
TCGA-QQ-A5V9-01A-11D-A32I-09,1,14,0,2,2,50,4,0,2,17,0,0
TCGA-QQ-A5VA-01A-12D-A32I-09,1,15,1,1,0,37,6,0,2,15,0,0
TCGA-QQ-A5VB-01A-11D-A36J-09,1,14,3,6,3,38,1,0,2,16,3,0
TCGA-QQ-A5VC-01A-31D-A32I-09,3,13,1,3,1,52,1,0,1,16,0,1
TCGA-QQ-A5VD-01A-21D-A32I-09,3,82,9,21,18,289,26,0,16,171,9,0
TCGA-QQ-A8VB-01A-11D-A37C-09,1,10,2,4,6,56,5,0,2,9,2,0
TCGA-QQ-A8VD-01A-42D-A38Z-09,0,9,0,0,0,9,1,0,0,5,0,0
TCGA-QQ-A8VF-01A-11D-A37C-09,11,120,6,21,32,576,26,0,20,257,7,0
TCGA-QQ-A8VG-01A-11D-A37C-09,2,95,6,13,25,309,23,0,19,186,1,2
TCGA-QQ-A8VH-01A-11D-A37C-09,1,17,1,3,2,40,5,0,1,7,1,0
TCGA-QR-A6GO-01A-11D-A35D-08,0,1,0,0,0,10,0,0,0,1,0,0
TCGA-QR-A6GR-01A-11D-A35D-08,0,1,0,0,1,11,0,0,1,2,1,0
TCGA-QR-A6GS-01A-11D-A35D-08,0,2,0,1,0,7,0,0,0,2,1,0
TCGA-QR-A6GT-01A-11D-A35D-08,0,0,0,1,1,17,2,0,1,9,0,0
TCGA-QR-A6GU-01A-11D-A35D-08,0,2,0,0,2,14,2,0,0,2,0,0
TCGA-QR-A6GW-01A-11D-A35D-08,0,2,0,0,1,13,1,0,0,2,0,0
TCGA-QR-A6GX-01A-11D-A35D-08,0,0,0,0,0,12,0,0,0,3,0,0
TCGA-QR-A6GY-01A-11D-A35D-08,0,0,0,0,1,15,0,0,0,6,0,0
TCGA-QR-A6GZ-01A-11D-A35D-08,0,0,0,0,0,4,0,0,1,2,0,0
TCGA-QR-A6H0-01A-11D-A35D-08,0,1,0,1,0,4,0,0,0,2,0,0
TCGA-QR-A6H1-01A-11D-A35D-08,1,0,0,0,0,11,0,0,1,2,1,0
TCGA-QR-A6H2-01A-11D-A35D-08,0,0,0,0,1,8,0,0,0,3,0,0
TCGA-QR-A6H3-01A-11D-A35D-08,0,1,0,0,0,3,0,0,0,3,0,0
TCGA-QR-A6H4-01A-11D-A35D-08,0,1,0,1,2,10,0,0,0,3,0,0
TCGA-QR-A6H5-01A-11D-A35D-08,0,0,0,0,0,6,0,0,0,1,1,0
TCGA-QR-A6H6-01A-11D-A35D-08,0,0,0,1,0,6,0,0,0,2,0,0
TCGA-QR-A6ZZ-01A-11D-A35D-08,0,0,0,0,0,12,1,0,0,2,0,0
TCGA-QR-A700-01A-11D-A35D-08,0,1,0,1,2,30,3,0,0,7,2,0
TCGA-QR-A702-01A-11D-A35D-08,0,1,0,1,0,6,0,0,0,3,0,0
TCGA-QR-A703-01A-11D-A35D-08,0,0,0,0,0,3,1,0,0,1,0,0
TCGA-QR-A705-01A-11D-A35D-08,0,0,0,2,0,6,0,0,0,4,1,0
TCGA-QR-A706-01A-11D-A35D-08,0,0,0,0,0,8,0,0,0,3,0,0
TCGA-QR-A707-01A-11D-A35D-08,0,1,0,0,0,9,0,0,0,3,0,0
TCGA-QR-A708-01A-11D-A35D-08,1,0,0,1,0,13,0,0,2,3,0,0
TCGA-QR-A70A-01A-11D-A35D-08,0,1,0,0,0,7,0,0,0,5,0,0
TCGA-QR-A70C-01A-21D-A35D-08,0,1,0,1,0,6,2,0,0,5,0,0
TCGA-QR-A70D-01A-11D-A35D-08,0,0,0,0,0,6,0,0,0,5,0,1
TCGA-QR-A70E-01A-11D-A35D-08,0,0,0,0,0,8,0,0,0,2,0,0
TCGA-QR-A70G-01B-11D-A35D-08,0,0,0,0,1,11,1,0,0,7,0,0
TCGA-QR-A70H-01A-12D-A35D-08,0,0,0,0,0,10,0,0,0,2,0,0
TCGA-QR-A70I-01A-11D-A35D-08,0,2,0,0,0,4,0,0,0,0,0,0
TCGA-QR-A70J-01A-11D-A35D-08,0,1,0,1,0,10,1,0,1,5,0,0
TCGA-QR-A70K-01A-12D-A35D-08,0,4,0,0,0,21,1,0,0,6,0,0
TCGA-QR-A70M-01A-11D-A35D-08,0,0,0,0,0,7,1,0,1,2,0,0
TCGA-QR-A70N-01A-12D-A35D-08,0,1,0,0,2,11,1,0,0,2,0,0
TCGA-QR-A70O-01A-11D-A35D-08,1,1,2,0,0,11,0,0,0,1,1,0
TCGA-QR-A70P-01A-11D-A35D-08,0,1,0,2,0,19,1,0,1,8,1,0
TCGA-QR-A70Q-01A-13D-A35D-08,0,1,0,1,0,8,0,0,0,0,1,0
TCGA-QR-A70R-01A-11D-A35D-08,0,2,0,1,0,7,1,0,1,2,0,0
TCGA-QR-A70T-01A-11D-A35D-08,0,0,0,0,0,8,0,0,1,6,0,0
TCGA-QR-A70U-01A-11D-A35D-08,0,0,0,0,0,13,2,0,0,4,1,0
TCGA-QR-A70V-01A-11D-A35D-08,0,0,1,0,0,11,1,0,0,2,0,0
TCGA-QR-A70W-01A-12D-A35D-08,0,0,0,0,0,3,0,0,0,1,1,0
TCGA-QR-A70X-01A-11D-A35D-08,0,1,0,0,1,5,0,0,0,3,0,0
TCGA-QR-A7IN-01A-11D-A35D-08,0,1,0,0,1,6,0,0,2,4,0,0
TCGA-QR-A7IP-01A-11D-A35D-08,0,0,0,0,0,10,1,0,1,2,0,0
TCGA-QS-A5YQ-01A-11D-A31U-09,27,345,7,32,54,754,153,2,38,230,8,1
TCGA-QS-A5YR-01A-31D-A31U-09,5,48,2,5,12,164,12,0,8,84,2,0
TCGA-QS-A744-01A-11D-A34Q-09,1,11,1,4,6,47,3,0,2,18,1,0
TCGA-QS-A8F1-01A-21D-A37N-09,0,16,2,3,6,50,4,0,1,19,1,0
TCGA-QT-A5XJ-01A-11D-A35D-08,0,3,0,1,2,16,2,0,0,7,1,0
TCGA-QT-A5XK-01A-11D-A35D-08,0,0,0,0,0,7,1,0,0,4,0,0
TCGA-QT-A5XL-01A-11D-A35D-08,0,0,0,0,1,4,0,0,0,3,0,0
TCGA-QT-A5XM-01A-11D-A35D-08,1,0,0,0,0,6,0,0,0,3,0,0
TCGA-QT-A5XN-01A-11D-A35D-08,0,0,0,0,2,7,0,0,0,6,0,1
TCGA-QT-A5XO-01A-11D-A35D-08,0,1,0,0,0,19,0,0,0,6,0,0
TCGA-QT-A5XP-01A-11D-A35D-08,0,0,0,1,2,12,0,0,0,5,1,0
TCGA-QT-A69Q-01A-11D-A35D-08,0,1,0,0,0,9,0,0,0,2,0,0
TCGA-QT-A7U0-01A-11D-A35D-08,0,1,0,0,0,3,0,0,0,3,0,0
TCGA-QU-A6IL-01A-11D-A31L-08,0,2,0,0,1,16,1,0,1,16,0,0
TCGA-QU-A6IM-01A-11D-A31L-08,0,1,0,0,2,54,2,0,0,15,2,0
TCGA-QU-A6IN-01A-11D-A31L-08,0,2,0,0,1,19,1,0,0,11,0,0
TCGA-QU-A6IO-01A-11D-A31L-08,0,3,0,4,2,23,0,0,1,11,0,0
TCGA-QU-A6IP-01A-11D-A31L-08,0,1,0,0,0,10,1,0,1,4,0,0
TCGA-R2-A69V-01A-11D-A32I-09,0,18,2,5,10,80,6,0,3,38,1,0
TCGA-R3-A69X-01A-22D-A30E-08,1,10,1,7,8,174,15,0,2,65,3,0
TCGA-R5-A7O7-01A-11D-A33T-08,1,6,1,1,2,93,6,0,5,34,2,0
TCGA-R5-A7ZE-01B-11D-A34U-08,1,0,0,3,4,132,7,0,6,46,2,0
TCGA-R5-A7ZF-01A-11D-A34U-08,0,4,1,1,2,50,5,0,1,20,1,0
TCGA-R5-A7ZI-01A-11D-A34U-08,3,27,3,11,21,558,32,0,10,254,12,1
TCGA-R5-A7ZR-01A-11D-A34U-08,0,5,1,2,3,51,5,1,1,21,0,0
TCGA-R5-A804-01A-11D-A364-08,0,0,0,0,1,53,10,0,1,28,0,0
TCGA-R5-A805-01A-11D-A364-08,1,3,0,5,1,111,2,0,5,28,2,0
TCGA-R6-A6DN-01B-11D-A31U-09,4,16,2,5,1,72,5,1,1,29,2,0
TCGA-R6-A6DQ-01B-11D-A31U-09,4,11,1,2,5,59,6,0,2,25,3,0
TCGA-R6-A6KZ-01A-11D-A31U-09,4,21,0,5,9,125,5,0,3,47,4,0
TCGA-R6-A6L4-01A-11D-A31U-09,0,23,2,3,5,96,6,0,1,26,1,0
TCGA-R6-A6L6-01B-11D-A33E-09,2,24,2,2,6,75,4,0,3,33,3,0
TCGA-R6-A6XG-01B-11D-A33E-09,2,46,3,8,10,146,7,0,8,62,2,0
TCGA-R6-A6XQ-01B-11D-A33E-09,1,13,1,6,3,60,4,0,3,23,0,0
TCGA-R6-A6Y0-01B-11D-A33E-09,4,53,2,10,11,130,9,0,7,39,3,0
TCGA-R6-A6Y2-01B-11D-A33E-09,2,22,1,6,8,79,11,0,5,32,1,1
TCGA-R6-A8W5-01B-11D-A37C-09,2,23,1,5,6,70,8,0,3,28,1,0
TCGA-R6-A8W8-01B-11D-A37C-09,5,28,2,3,10,107,4,0,2,44,1,0
TCGA-R6-A8WC-01A-11D-A37C-09,4,26,1,5,10,91,10,0,0,45,1,0
TCGA-R6-A8WG-01A-11D-A37C-09,0,22,0,11,6,80,3,0,6,32,2,0
TCGA-R8-A6MK-01A-11D-A32B-08,0,0,0,0,1,15,1,0,0,10,0,0
TCGA-R8-A6ML-01A-11D-A32B-08,0,1,0,1,0,16,0,0,0,3,0,0
TCGA-R8-A6MO-01A-11D-A33T-08,0,1,0,0,2,22,2,0,1,12,1,0
TCGA-R8-A6YH-01A-21D-A32B-08,0,1,0,0,0,7,0,0,1,4,0,0
TCGA-R8-A73M-01A-11D-A32B-08,0,1,0,2,0,23,0,0,0,8,1,0
TCGA-RA-A741-01A-11D-A33O-09,0,14,0,2,3,33,2,0,4,5,1,0
TCGA-RB-A7B8-01A-12D-A33T-08,0,2,0,2,4,32,2,0,1,17,0,0
TCGA-RB-AA9M-01A-11D-A397-08,0,0,0,1,0,16,1,0,0,10,0,0
TCGA-RC-A6M3-01A-11D-A32G-10,1,3,1,5,3,64,2,1,0,22,2,0
TCGA-RC-A6M4-01A-11D-A32G-10,1,21,2,6,13,135,7,0,2,58,8,1
TCGA-RC-A6M5-01A-11D-A32G-10,0,4,1,2,0,21,1,0,0,5,0,0
TCGA-RC-A6M6-01A-11D-A32G-10,0,24,1,3,7,144,7,0,1,40,4,0
TCGA-RC-A7S9-01A-11D-A33Q-10,0,6,1,4,2,47,1,0,1,17,3,0
TCGA-RC-A7SB-01A-21D-A34Z-10,0,4,0,2,2,45,2,0,0,24,3,0
TCGA-RC-A7SF-01A-11D-A34Z-10,0,2,2,0,2,65,2,0,0,23,1,0
TCGA-RC-A7SH-01A-11D-A382-10,0,7,1,4,1,50,5,1,0,19,1,1
TCGA-RC-A7SK-01A-11D-A34Z-10,2,16,0,11,6,116,4,0,2,48,5,0
TCGA-RD-A7BS-01A-11D-A32N-08,0,4,0,1,3,36,2,0,1,22,2,0
TCGA-RD-A7BT-01A-11D-A33T-08,1,12,0,0,6,194,6,2,1,59,2,0
TCGA-RD-A7BW-01A-11D-A32N-08,1,4,0,1,4,50,6,0,3,21,0,0
TCGA-RD-A7C1-01A-11D-A32N-08,1,14,0,5,3,229,11,0,2,69,3,0
TCGA-RD-A8MV-01A-11D-A364-08,0,4,0,1,1,62,7,0,0,10,0,0
TCGA-RD-A8MW-01A-11D-A364-08,0,0,0,3,1,61,1,0,2,25,0,0
TCGA-RD-A8N0-01A-12D-A364-08,0,0,0,0,0,1,1,0,0,0,0,0
TCGA-RD-A8N1-01A-12D-A364-08,0,5,0,3,3,87,4,0,1,24,3,0
TCGA-RD-A8N2-01A-12D-A364-08,0,0,0,0,0,1,0,0,0,0,1,0
TCGA-RD-A8N4-01A-21D-A364-08,0,2,0,0,1,4,0,0,0,2,0,0
TCGA-RD-A8N5-01A-12D-A364-08,0,1,0,2,1,29,2,0,0,8,0,0
TCGA-RD-A8N6-01A-11D-A364-08,0,7,0,3,5,109,13,0,2,52,2,0
TCGA-RD-A8N9-01A-12D-A397-08,2,5,0,0,1,89,4,0,2,52,2,0
TCGA-RD-A8NB-01A-12D-A397-08,3,21,1,15,12,429,28,0,6,203,14,1
TCGA-RE-A7BO-01A-11D-A33E-09,4,49,1,10,10,175,7,1,5,63,1,0
TCGA-RG-A7D4-01A-12D-A33Q-10,1,7,0,2,4,76,1,0,0,33,5,0
TCGA-RM-A68T-01A-11D-A35D-08,0,0,0,0,1,7,1,0,0,3,0,0
TCGA-RM-A68W-01A-11D-A35D-08,0,0,0,1,0,6,0,0,0,2,0,0
TCGA-RN-A68Q-01A-11D-A307-09,0,8,0,2,0,12,0,0,1,4,0,0
TCGA-RN-AAAQ-01A-21D-A38Z-09,1,10,3,5,2,30,2,0,2,9,2,0
TCGA-RP-A690-06A-11D-A30X-08,0,0,0,0,1,11,3,0,1,4,0,0
TCGA-RP-A693-06A-13D-A30X-08,1,44,2,27,25,611,38,0,9,322,12,0
TCGA-RP-A694-06A-11D-A30X-08,2,49,4,23,32,530,33,0,7,284,9,2
TCGA-RP-A695-06A-11D-A30X-08,4,49,5,21,25,656,40,0,18,352,12,3
TCGA-RP-A6K9-06A-41D-A34U-08,0,1,0,1,0,46,1,0,2,16,1,0
TCGA-RQ-A68N-01A-11D-A31X-10,2,20,2,16,7,166,14,0,5,63,4,1
TCGA-RQ-A6JB-01A-11D-A31X-10,1,7,0,5,2,90,2,1,1,29,1,0
TCGA-RQ-AAAT-01A-11D-A38X-10,2,12,4,14,6,147,4,0,2,62,10,1
TCGA-RR-A6KA-01A-21D-A33T-08,0,1,0,3,0,38,4,0,0,19,2,0
TCGA-RR-A6KB-01A-12D-A33T-08,0,1,0,2,0,37,2,0,0,14,4,0
TCGA-RR-A6KC-01A-31D-A33T-08,0,2,0,3,1,35,2,0,0,18,0,0
TCGA-RS-A6TO-01A-32D-A34J-08,0,11,0,3,4,122,11,0,1,55,3,0
TCGA-RS-A6TP-01A-12D-A34J-08,1,9,0,2,6,93,8,0,5,42,2,1
TCGA-RT-A6Y9-01A-12D-A35D-08,0,0,0,0,0,3,0,0,0,2,0,0
TCGA-RT-A6YA-01A-12D-A35D-08,0,1,0,0,0,20,0,0,0,3,0,0
TCGA-RT-A6YC-01A-12D-A35D-08,0,0,0,0,0,2,0,0,1,1,0,0
TCGA-RU-A8FL-01A-11D-A36X-10,1,12,1,8,14,108,6,0,5,50,2,0
TCGA-RW-A67V-01A-11D-A35D-08,0,2,0,0,0,10,1,0,0,2,0,0
TCGA-RW-A67W-01A-11D-A35D-08,0,1,0,0,0,8,0,0,0,2,0,0
TCGA-RW-A67X-01A-11D-A35D-08,0,0,0,1,0,7,2,0,0,4,0,0
TCGA-RW-A67Y-01A-11D-A35D-08,0,2,0,0,0,6,1,0,0,6,0,0
TCGA-RW-A680-01A-11D-A35D-08,0,0,0,1,4,19,0,0,1,8,1,0
TCGA-RW-A681-01A-11D-A35D-08,0,0,0,0,1,16,0,0,0,5,2,0
TCGA-RW-A684-01A-12D-A35D-08,0,1,0,0,0,7,1,0,0,9,0,0
TCGA-RW-A685-01A-11D-A35D-08,0,0,0,0,0,9,0,0,0,4,0,0
TCGA-RW-A686-01A-11D-A35D-08,0,1,0,0,0,8,0,0,0,0,0,0
TCGA-RW-A688-01A-11D-A35D-08,0,0,0,0,0,10,0,0,1,4,0,0
TCGA-RW-A689-01A-11D-A35D-08,0,1,0,1,1,6,1,0,1,3,1,0
TCGA-RW-A68A-01A-11D-A35D-08,0,1,0,0,0,4,0,0,0,4,0,0
TCGA-RW-A68B-01A-11D-A35D-08,1,0,0,0,1,5,0,0,0,0,0,0
TCGA-RW-A68C-01A-11D-A35D-08,0,0,0,0,1,10,0,0,0,2,0,0
TCGA-RW-A68D-01A-11D-A35D-08,0,1,0,1,1,8,2,0,0,2,0,0
TCGA-RW-A68F-01A-11D-A35D-08,0,1,0,0,0,8,0,0,0,7,0,0
TCGA-RW-A68G-01A-11D-A35D-08,0,0,0,0,0,4,0,0,0,0,0,0
TCGA-RW-A7CZ-01A-11D-A35D-08,1,0,0,0,0,8,1,0,1,7,0,0
TCGA-RW-A7D0-01A-11D-A35D-08,0,0,0,0,0,4,2,0,0,3,2,0
TCGA-RW-A8AZ-01A-11D-A35D-08,0,0,0,0,0,19,1,0,0,9,1,0
TCGA-RX-A8JQ-01A-11D-A35D-08,0,0,0,0,0,10,0,0,0,1,0,0
TCGA-RY-A83X-01A-11D-A36O-08,0,2,0,1,0,11,1,0,0,10,0,1
TCGA-RY-A83Y-01A-11D-A36O-08,0,1,0,1,0,20,5,0,1,8,0,0
TCGA-RY-A83Z-01A-11D-A36O-08,1,3,0,2,0,39,2,0,2,12,0,0
TCGA-RY-A840-01A-11D-A36O-08,0,1,0,1,3,11,1,0,0,6,0,0
TCGA-RY-A843-01A-11D-A36O-08,0,0,0,0,0,18,0,0,0,7,1,0
TCGA-RY-A845-01A-11D-A36O-08,1,0,0,0,0,23,1,0,0,8,0,0
TCGA-RY-A847-01A-11D-A36O-08,0,1,0,0,0,12,0,1,1,5,0,0
TCGA-RZ-AB0B-01A-11D-A39W-08,0,1,0,0,0,11,2,0,0,3,0,0
TCGA-S2-AA1A-01A-12D-A397-08,0,3,0,2,4,89,10,0,1,33,2,0
TCGA-S3-A6ZF-01A-32D-A32I-09,0,5,0,4,2,22,3,0,2,13,1,0
TCGA-S3-A6ZG-01A-22D-A32I-09,1,10,0,1,3,31,1,0,0,12,1,0
TCGA-S3-A6ZH-01A-22D-A32I-09,0,5,2,1,0,25,2,0,1,9,0,0
TCGA-S3-AA0Z-01A-11D-A41F-09,2,11,0,5,6,37,5,0,1,10,0,0
TCGA-S3-AA10-01A-21D-A41F-09,1,29,2,3,7,77,2,0,2,27,0,0
TCGA-S3-AA11-01A-31D-A41F-09,1,26,0,2,4,41,6,0,1,15,0,0
TCGA-S3-AA12-01A-11D-A41F-09,1,11,0,0,6,26,0,0,3,13,0,0
TCGA-S3-AA14-01A-11D-A41F-09,0,5,0,0,1,14,0,0,0,3,1,0
TCGA-S3-AA15-01A-11D-A41F-09,1,12,1,1,4,26,1,0,1,12,0,1
TCGA-S3-AA17-01A-11D-A41F-09,6,18,2,4,13,65,6,0,5,19,3,0
TCGA-S4-A8RM-01A-11D-A377-08,0,1,0,0,2,24,0,0,0,20,0,0
TCGA-S4-A8RO-01A-12D-A377-08,0,6,0,0,2,38,4,0,0,24,0,0
TCGA-S4-A8RP-01A-11D-A36O-08,1,3,1,1,1,23,1,0,1,8,0,0
TCGA-S5-A6DX-01A-11D-A31L-08,3,32,6,31,35,513,54,1,8,205,12,2
TCGA-S5-AA26-01A-11D-A38G-08,1,19,0,8,10,192,14,0,1,58,1,0
TCGA-S6-A8JW-01A-11D-A435-10,0,1,0,0,0,5,1,0,0,2,0,0
TCGA-S6-A8JX-01A-11D-A435-10,0,1,0,0,1,5,0,0,0,2,0,0
TCGA-S6-A8JY-01A-11D-A435-10,0,1,0,0,1,12,0,0,0,2,1,0
TCGA-S7-A7WL-01A-11D-A35I-08,0,1,0,0,1,8,0,0,0,4,0,0
TCGA-S7-A7WM-01A-12D-A35I-08,0,2,0,1,1,11,1,0,0,2,0,0
TCGA-S7-A7WN-01A-12D-A35I-08,0,0,0,0,0,4,0,0,0,3,1,0
TCGA-S7-A7WO-01A-11D-A35I-08,0,0,0,0,1,3,0,0,0,1,0,0
TCGA-S7-A7WP-01A-11D-A35I-08,0,0,0,0,0,3,0,0,0,1,0,0
TCGA-S7-A7WQ-01A-12D-A35I-08,2,0,0,0,0,8,1,0,0,3,0,0
TCGA-S7-A7WR-01A-11D-A35I-08,0,0,0,0,0,3,0,0,0,1,0,0
TCGA-S7-A7WT-01A-12D-A35I-08,0,0,0,0,0,11,1,0,0,6,2,0
TCGA-S7-A7WU-01A-11D-A35I-08,0,1,0,0,0,2,0,0,0,2,0,0
TCGA-S7-A7WV-01A-11D-A35I-08,0,0,0,0,0,5,0,0,0,1,0,0
TCGA-S7-A7WW-01A-11D-A35I-08,0,0,0,1,0,7,0,0,0,2,1,0
TCGA-S7-A7WX-01A-11D-A35I-08,1,0,0,0,0,2,2,1,0,3,0,0
TCGA-S7-A7X0-01A-12D-A35I-08,0,0,0,0,2,14,0,0,0,4,1,0
TCGA-S7-A7X1-01A-11D-A35I-08,0,0,0,0,0,7,0,0,0,1,0,0
TCGA-S7-A7X2-01A-12D-A35I-08,0,0,0,0,0,10,1,1,0,6,0,0
TCGA-S8-A6BV-01A-21D-A31U-09,0,28,5,7,6,99,6,1,6,40,1,0
TCGA-S8-A6BW-01A-11D-A31U-09,2,25,1,5,3,68,8,0,5,36,1,0
TCGA-S9-A6TS-01A-12D-A33T-08,0,4,0,1,1,57,3,0,0,17,3,1
TCGA-S9-A6TU-01A-12D-A32B-08,1,3,0,0,0,14,1,0,0,6,0,0
TCGA-S9-A6TV-01A-12D-A34J-08,0,1,0,0,1,30,1,0,0,5,1,0
TCGA-S9-A6TW-01A-12D-A32B-08,0,1,1,1,0,20,1,0,0,6,0,0
TCGA-S9-A6TX-01A-21D-A32B-08,0,0,0,2,0,31,0,0,0,8,1,0
TCGA-S9-A6TY-01A-12D-A32B-08,0,1,0,1,0,15,1,0,0,9,0,0
TCGA-S9-A6TZ-01A-21D-A32B-08,0,0,0,0,2,24,0,0,0,17,1,0
TCGA-S9-A6U0-01A-12D-A32B-08,0,0,0,0,1,33,1,0,1,10,0,0
TCGA-S9-A6U1-01A-21D-A33T-08,0,1,0,1,1,12,1,0,0,9,0,1
TCGA-S9-A6U2-01A-21D-A33T-08,0,1,0,1,0,20,1,0,0,7,1,0
TCGA-S9-A6U5-01A-12D-A33T-08,0,0,0,0,0,14,0,0,0,8,0,0
TCGA-S9-A6U6-01A-12D-A33T-08,0,1,0,2,1,30,1,0,0,5,1,0
TCGA-S9-A6U8-01A-21D-A33T-08,0,1,0,1,0,16,2,0,1,3,0,0
TCGA-S9-A6U9-01A-11D-A32B-08,0,0,1,0,0,13,0,0,0,10,1,0
TCGA-S9-A6UA-01A-12D-A33T-08,0,3,0,0,1,29,1,0,0,11,2,0
TCGA-S9-A6UB-01A-21D-A33T-08,0,1,0,0,2,17,1,0,0,10,0,1
TCGA-S9-A6WD-01A-12D-A33T-08,0,4,0,2,1,18,1,0,2,15,0,0
TCGA-S9-A6WE-01A-12D-A33T-08,0,1,0,1,0,7,0,0,0,3,1,0
TCGA-S9-A6WG-01A-11D-A33T-08,0,0,0,1,1,18,4,0,0,4,0,0
TCGA-S9-A6WH-01A-12D-A33T-08,0,4,0,1,3,59,4,0,0,20,2,1
TCGA-S9-A6WI-01A-21D-A33T-08,0,2,0,1,2,18,0,0,0,5,2,0
TCGA-S9-A6WL-01A-21D-A33T-08,0,1,1,0,0,32,4,0,1,11,0,0
TCGA-S9-A6WM-01A-12D-A33T-08,0,2,0,0,1,47,3,0,0,14,1,0
TCGA-S9-A6WN-01A-12D-A33T-08,0,4,0,1,0,26,0,0,2,4,0,0
TCGA-S9-A6WO-01A-21D-A34A-08,0,1,0,0,0,21,5,0,0,6,2,0
TCGA-S9-A6WP-01A-12D-A34A-08,0,1,0,1,1,18,2,0,2,7,1,0
TCGA-S9-A6WQ-01A-12D-A34A-08,0,0,0,1,0,31,3,0,1,9,0,0
TCGA-S9-A7IQ-01A-21D-A34A-08,0,0,0,1,2,14,1,0,0,1,0,0
TCGA-S9-A7IS-01A-11D-A34A-08,0,2,0,1,0,40,3,0,2,12,1,0
TCGA-S9-A7IX-01A-12D-A34A-08,0,2,0,0,0,22,2,0,0,9,1,0
TCGA-S9-A7IY-01A-11D-A34A-08,0,1,0,0,0,18,1,0,1,4,1,0
TCGA-S9-A7IZ-01A-11D-A34A-08,0,1,0,1,2,20,1,0,1,12,1,0
TCGA-S9-A7J0-01A-11D-A34A-08,0,1,0,1,1,28,3,0,0,14,2,0
TCGA-S9-A7J1-01A-21D-A34J-08,0,0,0,0,0,18,0,0,0,5,0,0
TCGA-S9-A7J2-01A-11D-A34A-08,0,0,0,0,1,7,1,0,1,2,0,0
TCGA-S9-A7J3-01A-21D-A34J-08,0,2,0,1,1,18,2,0,0,6,2,0
TCGA-S9-A7QW-01A-11D-A34A-08,0,0,0,0,0,23,2,0,0,19,0,0
TCGA-S9-A7QX-01A-11D-A34A-08,0,0,0,1,0,23,0,0,0,7,1,0
TCGA-S9-A7QY-01A-11D-A34A-08,0,3,0,1,2,31,2,0,1,15,2,0
TCGA-S9-A7QZ-01A-12D-A34J-08,0,0,0,0,1,30,1,0,0,12,1,1
TCGA-S9-A7R1-01A-12D-A34J-08,0,0,0,0,0,16,2,0,0,1,1,0
TCGA-S9-A7R2-01A-21D-A34J-08,0,2,2,1,2,30,5,0,0,14,0,0
TCGA-S9-A7R3-01A-11D-A34J-08,0,1,0,1,0,22,1,0,0,5,0,0
TCGA-S9-A7R4-01A-12D-A34J-08,0,0,0,0,1,21,1,0,2,7,0,0
TCGA-S9-A7R7-01A-11D-A34J-08,0,1,0,0,2,13,2,0,0,5,1,0
TCGA-S9-A7R8-01A-11D-A34J-08,0,1,1,0,0,27,2,0,1,10,0,0
TCGA-S9-A89V-01A-11D-A36O-08,0,1,0,0,1,32,1,0,1,12,3,0
TCGA-S9-A89Z-01A-11D-A36O-08,0,0,0,0,2,52,2,0,0,11,2,0
TCGA-SA-A6C2-01A-11D-A35I-08,0,1,0,0,0,18,1,0,0,6,0,0
TCGA-SB-A6J6-01A-11D-A435-10,0,1,0,1,0,13,2,0,0,4,1,0
TCGA-SB-A76C-01A-11D-A435-10,0,0,0,0,0,11,0,0,0,2,0,0
TCGA-SC-A6LM-01A-11D-A34C-32,0,2,0,4,1,25,3,0,0,8,0,0
TCGA-SC-A6LN-01A-11D-A34C-32,0,1,0,2,1,18,2,0,2,14,0,0
TCGA-SC-A6LP-01A-11D-A34C-32,0,2,0,4,3,10,2,0,0,4,3,0
TCGA-SC-A6LQ-01A-11D-A34C-32,0,2,0,4,1,23,2,0,0,6,1,0
TCGA-SC-A6LR-01A-11D-A34C-32,1,2,2,1,1,35,1,0,1,12,1,0
TCGA-SC-AA5Z-01A-21D-A39R-32,0,4,0,1,0,13,1,0,0,5,0,0
TCGA-SG-A6Z4-01A-22D-A33E-09,1,12,0,1,2,35,3,0,2,8,2,0
TCGA-SG-A6Z7-01A-12D-A32I-09,3,19,0,0,4,43,3,1,2,9,1,1
TCGA-SG-A849-01A-11D-A351-09,0,12,0,2,2,40,4,0,0,20,1,0
TCGA-SH-A7BC-01A-11D-A34C-32,0,1,2,0,2,22,0,0,0,8,1,1
TCGA-SH-A7BD-01A-11D-A34C-32,0,4,1,4,1,15,1,0,1,5,0,0
TCGA-SH-A7BH-01A-11D-A34C-32,0,2,0,2,4,40,1,0,3,14,1,0
TCGA-SH-A9CT-01A-11D-A39R-32,0,3,0,4,1,19,3,0,1,12,0,0
TCGA-SH-A9CU-01A-11D-A39R-32,1,3,0,4,4,26,1,0,0,11,1,1
TCGA-SI-A71O-01A-12D-A33E-09,0,5,1,3,2,26,2,0,2,7,1,0
TCGA-SI-A71P-01A-12D-A33E-09,0,5,0,2,4,28,0,0,1,6,0,0
TCGA-SI-A71Q-01A-12D-A33E-09,2,5,0,0,2,23,2,0,1,12,0,0
TCGA-SI-AA8B-01A-11D-A387-09,0,13,0,2,5,30,5,0,0,12,0,0
TCGA-SI-AA8C-01A-11D-A387-09,2,4,0,1,0,10,0,0,0,4,0,0
TCGA-SJ-A6ZI-01A-12D-A34Q-09,24,295,17,43,96,1129,71,1,38,542,23,1
TCGA-SJ-A6ZJ-01A-12D-A34Q-09,1,19,2,4,4,42,4,0,1,24,3,0
TCGA-SL-A6J9-01A-11D-A31U-09,0,4,0,1,5,39,3,0,1,18,1,0
TCGA-SL-A6JA-01A-11D-A31U-09,13,129,8,22,42,473,44,0,18,219,14,0
TCGA-SN-A6IS-01A-11D-A435-10,1,2,0,1,0,8,0,0,0,2,0,0
TCGA-SN-A84W-01A-11D-A435-10,0,1,0,1,0,9,0,0,1,10,0,0
TCGA-SN-A84X-01A-11D-A435-10,0,1,0,0,2,17,0,0,0,5,0,0
TCGA-SN-A84Y-01A-11D-A435-10,1,2,0,2,1,7,0,0,0,5,0,0
TCGA-SO-A8JP-01A-11D-A435-10,0,0,0,1,2,17,0,1,0,5,1,0
TCGA-SP-A6QC-01A-11D-A35I-08,0,0,0,2,1,8,0,0,0,2,0,0
TCGA-SP-A6QD-01A-12D-A35I-08,0,0,0,0,0,5,0,0,0,1,0,0
TCGA-SP-A6QF-01A-12D-A35I-08,0,1,0,0,0,12,0,0,0,5,0,0
TCGA-SP-A6QG-01A-12D-A35I-08,1,0,0,0,0,4,0,0,0,3,0,0
TCGA-SP-A6QH-01A-21D-A35I-08,0,0,0,0,0,7,0,0,2,4,0,0
TCGA-SP-A6QI-01A-12D-A35I-08,0,0,0,0,1,3,1,0,0,2,0,0
TCGA-SP-A6QJ-01A-11D-A35I-08,0,0,0,0,1,9,0,0,0,1,0,0
TCGA-SP-A6QK-01A-11D-A35I-08,0,0,0,0,1,7,0,0,0,3,0,0
TCGA-SQ-A6I4-01A-11D-A35I-08,0,0,0,0,0,4,0,0,0,1,0,0
TCGA-SQ-A6I6-01A-11D-A35I-08,0,0,0,0,0,11,0,0,0,5,0,1
TCGA-SR-A6MP-01A-11D-A35I-08,0,0,0,1,1,18,1,0,0,5,0,0
TCGA-SR-A6MQ-01A-11D-A35I-08,0,1,0,0,2,6,0,0,1,4,0,0
TCGA-SR-A6MR-01A-11D-A35I-08,0,0,0,0,0,8,1,0,0,0,0,0
TCGA-SR-A6MS-01A-11D-A35I-08,0,1,0,0,1,2,0,0,0,3,2,0
TCGA-SR-A6MT-01A-11D-A35I-08,0,1,0,0,0,5,2,0,0,3,0,0
TCGA-SR-A6MU-01A-11D-A35I-08,0,1,0,0,0,9,1,0,1,2,0,0
TCGA-SR-A6MV-01A-11D-A35I-08,0,1,0,0,0,7,0,0,0,1,2,0
TCGA-SR-A6MX-01A-11D-A35I-08,0,2,0,1,1,14,0,0,0,11,0,0
TCGA-SR-A6MY-01A-11D-A35I-08,0,0,0,0,0,5,0,0,0,2,0,0
TCGA-SR-A6MZ-01A-11D-A35I-08,0,0,0,0,0,2,0,0,1,3,1,0
TCGA-SR-A6N0-01A-11D-A35I-08,0,0,0,0,0,6,1,0,0,1,0,0
TCGA-SS-A7HO-01A-21D-A36X-10,1,15,1,4,5,125,12,0,3,52,3,0
TCGA-SU-A7E7-01A-22D-A33T-08,0,1,0,2,0,18,0,0,0,6,1,0
TCGA-SW-A7EA-01A-12D-A34U-08,1,23,2,18,17,389,27,1,13,184,12,0
TCGA-SW-A7EB-01A-11D-A34U-08,4,6,1,3,3,115,10,0,0,35,1,0
TCGA-SX-A71R-01A-12D-A33Q-10,0,6,1,0,5,33,3,0,0,12,0,0
TCGA-SX-A71S-01A-11D-A33Q-10,1,22,1,6,5,92,5,1,0,38,0,0
TCGA-SX-A71U-01A-12D-A33Q-10,3,10,0,3,9,53,8,0,2,27,4,1
TCGA-SX-A71V-01A-11D-A33Q-10,0,8,2,5,4,83,3,0,2,25,1,1
TCGA-SX-A71W-01A-12D-A34Z-10,0,5,0,6,1,28,1,0,0,9,1,0
TCGA-SX-A7SL-01A-11D-A34Z-10,0,8,0,8,6,65,2,1,0,22,1,1
TCGA-SX-A7SM-01A-11D-A34Z-10,0,5,0,1,10,51,0,0,0,20,1,0
TCGA-SX-A7SN-01A-11D-A34Z-10,0,9,1,7,4,80,7,0,0,22,2,0
TCGA-SX-A7SO-01A-11D-A34Z-10,0,1,0,1,2,34,5,0,0,11,0,0
TCGA-SX-A7SP-01A-11D-A34Z-10,0,12,0,2,4,56,2,0,0,22,2,0
TCGA-SX-A7SQ-01A-12D-A35Z-10,1,5,2,5,4,56,2,1,1,38,0,0
TCGA-SX-A7SR-01A-12D-A35Z-10,0,17,3,6,2,60,2,0,1,17,0,0
TCGA-SX-A7SS-01A-11D-A35Z-10,0,9,0,4,5,75,5,0,0,23,3,0
TCGA-SX-A7SU-01A-11D-A35Z-10,0,4,1,2,4,35,1,1,0,7,1,0
TCGA-SY-A9G0-01A-12D-A38G-08,1,4,0,1,1,37,7,0,2,14,1,0
TCGA-SY-A9G5-01A-11D-A38G-08,2,60,7,44,45,807,81,2,12,288,8,0
TCGA-T1-A6J8-01A-11D-A32G-10,1,5,0,5,2,66,1,0,1,27,2,0
TCGA-T2-A6WX-01A-12D-A34J-08,1,9,0,6,12,147,14,0,1,54,3,0
TCGA-T2-A6WZ-01A-21D-A34J-08,1,8,0,4,4,73,6,0,0,31,1,0
TCGA-T2-A6X0-01A-11D-A34J-08,0,2,0,2,1,45,5,0,0,22,0,0
TCGA-T2-A6X2-01A-12D-A34J-08,1,28,2,9,9,276,27,0,4,102,8,1
TCGA-T3-A92M-01A-31D-A391-08,2,20,3,14,19,256,34,1,7,88,4,0
TCGA-T3-A92N-01A-11D-A391-08,0,13,1,3,3,114,16,0,2,51,1,0
TCGA-T7-A92I-01A-11D-A36X-10,0,2,1,1,2,30,1,0,1,6,1,0
TCGA-T9-A92H-01A-11D-A36X-10,1,19,2,9,13,138,10,0,6,59,3,0
TCGA-TK-A8OK-01A-22D-A364-08,1,1,0,1,2,33,0,0,0,12,0,0
TCGA-TM-A7C3-01A-11D-A32B-08,0,3,0,0,1,47,6,0,0,18,0,0
TCGA-TM-A7C4-01A-11D-A32B-08,0,3,0,1,0,33,1,0,0,8,1,0
TCGA-TM-A7C5-01A-11D-A32B-08,0,4,0,2,1,20,4,0,0,4,0,0
TCGA-TM-A7CA-01A-21D-A33T-08,0,1,0,1,0,24,3,0,0,8,1,0
TCGA-TM-A7CF-01A-11D-A32B-08,0,0,0,0,1,31,0,0,2,4,2,0
TCGA-TM-A84B-01A-11D-A36O-08,0,0,0,1,0,26,1,0,1,16,1,0
TCGA-TM-A84C-01A-11D-A36O-08,0,1,0,0,0,15,0,0,0,3,0,0
TCGA-TM-A84F-01A-11D-A36O-08,0,0,0,0,0,13,0,0,0,3,0,0
TCGA-TM-A84G-01A-11D-A36O-08,0,3,0,2,1,21,3,0,0,7,0,0
TCGA-TM-A84H-01A-11D-A36O-08,0,3,1,0,1,36,2,0,0,4,0,0
TCGA-TM-A84I-01A-11D-A36O-08,1,2,0,0,2,32,1,0,0,4,0,0
TCGA-TM-A84J-01A-11D-A36O-08,0,1,0,0,3,32,0,0,1,15,1,0
TCGA-TM-A84L-01A-11D-A36O-08,0,1,0,0,1,16,1,0,0,4,1,0
TCGA-TM-A84M-01A-11D-A36O-08,0,2,0,0,2,23,1,0,1,6,0,0
TCGA-TM-A84O-01A-11D-A36O-08,0,0,0,0,0,20,1,0,0,9,1,0
TCGA-TM-A84Q-01A-11D-A36O-08,0,2,1,0,0,26,1,0,0,6,0,0
TCGA-TM-A84R-01A-21D-A36O-08,0,0,0,0,0,9,0,0,0,5,0,0
TCGA-TM-A84S-01A-11D-A36O-08,0,1,0,1,1,12,1,0,0,9,0,0
TCGA-TM-A84T-01A-11D-A36O-08,0,0,0,0,1,19,1,0,0,2,0,0
TCGA-TN-A7HI-01A-11D-A34J-08,0,6,0,3,1,42,4,0,2,13,2,0
TCGA-TN-A7HJ-01A-12D-A34J-08,1,12,0,1,7,86,5,0,2,28,2,0
TCGA-TN-A7HL-01A-11D-A34J-08,4,35,5,20,30,466,52,0,9,202,9,0
TCGA-TP-A8TT-01A-12D-A41K-08,0,1,0,1,1,19,1,0,1,7,1,0
TCGA-TP-A8TV-01A-11D-A41K-08,0,2,0,0,1,30,0,0,0,13,2,0
TCGA-TQ-A7RF-01A-11D-A33T-08,0,1,0,1,0,21,0,0,1,8,0,0
TCGA-TQ-A7RG-01A-11D-A33T-08,0,2,0,0,1,16,3,0,1,11,0,0
TCGA-TQ-A7RH-01A-12D-A34A-08,0,0,0,0,3,28,5,0,0,13,0,0
TCGA-TQ-A7RI-01A-11D-A33T-08,1,4,1,1,3,17,2,0,0,1,1,0
TCGA-TQ-A7RJ-01A-11D-A33T-08,0,5,0,0,1,34,3,0,1,15,1,0
TCGA-TQ-A7RK-01A-11D-A33T-08,1,1,0,1,2,13,2,0,0,7,1,0
TCGA-TQ-A7RM-01A-11D-A33T-08,0,6,0,3,1,52,2,0,0,13,0,0
TCGA-TQ-A7RN-01A-11D-A33T-08,0,1,0,2,1,25,0,0,2,6,0,0
TCGA-TQ-A7RO-01A-11D-A33T-08,0,0,0,2,0,17,0,0,1,6,0,0
TCGA-TQ-A7RP-01A-21D-A34A-08,0,0,0,0,0,31,7,0,0,13,1,0
TCGA-TQ-A7RQ-01A-11D-A33T-08,0,2,0,1,1,20,1,0,1,8,1,1
TCGA-TQ-A7RR-01A-21D-A34A-08,2,3,1,0,0,21,0,0,1,7,1,0
TCGA-TQ-A7RS-01A-12D-A33T-08,0,1,0,0,0,13,1,0,0,4,0,0
TCGA-TQ-A7RU-01A-21D-A34A-08,0,2,1,0,1,24,1,0,0,8,0,0
TCGA-TQ-A7RV-01A-21D-A34A-08,0,1,1,0,0,17,1,0,0,4,2,0
TCGA-TQ-A7RW-01A-11D-A33T-08,0,1,1,4,3,39,1,0,0,16,0,0
TCGA-TQ-A8XE-01A-11D-A36O-08,0,0,0,1,0,31,1,0,0,9,2,0
TCGA-TS-A7OU-01B-11D-A39R-32,1,1,0,1,2,26,1,0,1,12,0,1
TCGA-TS-A7OY-01A-11D-A34C-32,2,2,0,0,0,18,2,0,1,6,0,0
TCGA-TS-A7OZ-01A-21D-A39R-32,0,4,0,2,1,31,7,0,0,16,0,0
TCGA-TS-A7P0-01A-11D-A34C-32,1,4,0,2,1,40,4,0,2,11,3,0
TCGA-TS-A7P1-01A-41D-A39R-32,0,3,1,0,2,14,0,0,2,6,0,0
TCGA-TS-A7P3-01A-12D-A34C-32,0,3,0,0,1,14,2,0,0,10,1,0
TCGA-TS-A7P6-01A-21D-A34C-32,0,3,0,1,1,18,0,0,0,7,1,0
TCGA-TS-A7P8-01A-11D-A34C-32,0,1,0,0,1,36,1,0,1,12,1,0
TCGA-TS-A7PB-01A-11D-A34C-32,0,0,1,0,1,25,2,0,0,12,1,0
TCGA-TS-A8AI-01A-11D-A39R-32,1,4,0,3,1,19,3,0,1,14,0,0
TCGA-TS-A8AS-01A-21D-A39R-32,0,3,0,1,0,15,1,0,1,4,1,0
TCGA-TS-A8AV-01A-12D-A39R-32,0,0,0,0,0,6,1,0,0,2,0,0
TCGA-TS-A8AY-01A-21D-A39R-32,0,1,0,0,1,11,0,0,0,5,0,0
TCGA-TT-A6YJ-01A-11D-A35I-08,0,1,0,0,0,6,0,0,0,1,0,0
TCGA-TT-A6YK-01A-11D-A35I-08,0,2,0,0,0,8,0,0,0,6,0,0
TCGA-TT-A6YN-01A-12D-A35I-08,0,0,0,0,0,3,0,0,0,3,0,0
TCGA-TT-A6YO-01A-11D-A35I-08,0,0,0,0,0,1,0,0,0,0,0,0
TCGA-TT-A6YP-01A-21D-A35I-08,0,0,0,0,0,6,0,0,0,5,0,0
TCGA-UB-A7MA-01A-11D-A33Q-10,0,4,0,1,3,61,0,0,0,38,2,0
TCGA-UB-A7MB-01A-11D-A33Q-10,8,184,6,65,60,1137,67,3,22,430,74,0
TCGA-UB-A7MC-01A-11D-A33Q-10,1,11,0,7,3,50,2,1,0,16,1,0
TCGA-UB-A7MD-01A-12D-A34Z-10,1,12,1,3,7,92,1,1,0,32,3,0
TCGA-UB-A7ME-01A-11D-A33K-10,0,12,2,3,4,67,3,1,2,26,3,0
TCGA-UB-A7MF-01A-11D-A33K-10,1,13,2,6,7,79,4,0,0,25,5,1
TCGA-UB-AA0U-01A-11D-A382-10,0,7,0,4,3,56,4,0,1,30,1,1
TCGA-UB-AA0V-01A-11D-A382-10,0,4,1,3,1,33,3,0,1,18,0,0
TCGA-UC-A7PD-01A-11D-A351-09,0,10,0,5,3,26,3,0,2,13,0,0
TCGA-UC-A7PF-01A-11D-A351-09,9,104,6,33,37,295,38,2,21,152,4,1
TCGA-UC-A7PG-01A-11D-A42O-09,6,60,0,15,15,213,21,0,13,82,3,1
TCGA-UC-A7PI-01A-11D-A42O-09,0,11,1,3,3,40,4,0,0,17,1,1
TCGA-UD-AABZ-01A-12D-A39R-32,0,4,0,2,3,31,6,0,1,5,1,0
TCGA-UD-AAC1-01A-11D-A39R-32,1,21,0,5,12,218,9,1,2,117,1,0
TCGA-UD-AAC4-01A-11D-A39R-32,1,2,0,2,1,24,2,0,1,7,2,0
TCGA-UD-AAC5-01A-11D-A39R-32,1,0,0,1,1,16,0,0,0,9,3,1
TCGA-UD-AAC6-01A-11D-A39R-32,0,1,0,2,2,24,1,0,0,10,1,0
TCGA-UD-AAC7-01A-11D-A39R-32,0,3,0,0,2,10,1,0,0,8,2,0
TCGA-UE-A6QT-01A-12D-A32I-09,0,1,0,1,0,13,0,0,0,6,0,0
TCGA-UE-A6QU-01A-12D-A32I-09,2,9,2,3,3,44,2,0,6,19,0,0
TCGA-UF-A718-01A-22D-A34J-08,0,7,1,2,1,45,2,0,2,13,3,0
TCGA-UF-A719-01A-12D-A34J-08,1,3,1,5,2,88,5,0,0,35,3,1
TCGA-UF-A71A-01A-22D-A34J-08,1,10,1,5,12,145,7,0,3,64,7,2
TCGA-UF-A71B-01A-12D-A34J-08,1,8,1,3,0,108,9,0,2,51,2,0
TCGA-UF-A71D-01A-12D-A34J-08,1,30,2,10,11,312,36,0,10,145,10,0
TCGA-UF-A71E-01A-31D-A34J-08,1,18,0,5,10,121,3,0,1,57,3,0
TCGA-UF-A7J9-01A-12D-A34J-08,2,10,2,9,4,188,16,0,4,73,4,0
TCGA-UF-A7JA-01A-12D-A34J-08,1,8,1,3,7,173,12,1,6,51,1,0
TCGA-UF-A7JC-01A-21D-A34J-08,0,2,0,0,0,44,1,0,1,15,2,0
TCGA-UF-A7JD-01A-11D-A34J-08,0,7,1,2,2,85,3,0,2,28,4,0
TCGA-UF-A7JF-01A-11D-A34J-08,1,16,0,6,3,73,7,0,5,31,3,0
TCGA-UF-A7JH-01A-21D-A34J-08,0,8,0,0,4,49,5,0,3,24,2,0
TCGA-UF-A7JJ-01A-11D-A34J-08,0,0,0,0,0,69,5,0,2,17,2,0
TCGA-UF-A7JK-01A-11D-A34J-08,0,4,0,1,1,77,7,0,5,43,2,0
TCGA-UF-A7JO-01A-11D-A34J-08,1,7,0,2,1,135,9,0,2,56,4,0
TCGA-UF-A7JS-01A-11D-A34J-08,1,3,0,3,4,50,1,0,0,20,1,0
TCGA-UF-A7JT-01A-11D-A34J-08,1,5,0,3,6,152,10,0,3,56,3,0
TCGA-UF-A7JV-01A-11D-A34J-08,0,6,1,1,3,52,8,0,1,24,2,0
TCGA-UL-AAZ6-01A-11D-A41F-09,3,21,2,9,8,63,3,0,4,24,3,0
TCGA-UN-AAZ9-01A-11D-A382-10,0,5,0,1,1,15,4,0,0,4,1,0
TCGA-UP-A6WW-01A-12D-A34J-08,0,1,0,1,1,31,1,0,0,12,1,0
TCGA-US-A774-01A-21D-A32N-08,0,2,0,1,0,12,2,0,1,7,1,0
TCGA-US-A776-01A-13D-A33T-08,0,5,0,3,1,75,4,0,2,21,0,0
TCGA-US-A779-01A-11D-A32N-08,0,3,0,1,0,22,1,0,1,8,0,1
TCGA-US-A77E-01A-11D-A32N-08,0,6,1,1,0,64,6,0,1,13,0,0
TCGA-US-A77G-01A-11D-A32N-08,0,2,0,1,0,21,2,0,1,11,0,0
TCGA-UT-A88C-01B-11D-A39R-32,0,2,0,2,4,12,2,0,0,10,2,0
TCGA-UT-A88D-01B-11D-A39R-32,0,1,0,2,2,22,3,0,1,7,0,0
TCGA-UT-A88E-01B-11D-A39R-32,0,3,1,2,1,35,2,0,0,17,1,0
TCGA-UT-A88G-01B-11D-A39R-32,1,0,0,2,1,20,1,0,1,8,2,0
TCGA-UT-A97Y-01A-21D-A39R-32,0,3,0,0,1,16,0,0,1,15,2,0
TCGA-UU-A93S-01A-21D-A41F-09,1,34,0,4,6,97,8,1,3,39,3,0
TCGA-UY-A78K-01A-11D-A339-08,0,38,1,19,27,647,58,1,11,221,25,0
TCGA-UY-A78L-01A-12D-A339-08,0,17,2,5,8,154,14,0,1,71,2,0
TCGA-UY-A78M-01A-21D-A34U-08,0,3,3,3,4,119,17,0,0,46,2,0
TCGA-UY-A78N-01A-12D-A339-08,1,9,0,8,11,191,9,0,3,72,5,0
TCGA-UY-A78O-01A-12D-A339-08,1,5,1,4,8,161,3,0,1,53,2,0
TCGA-UY-A78P-01A-12D-A364-08,1,14,2,2,12,219,24,0,7,97,5,0
TCGA-UY-A8OB-01A-12D-A42E-08,0,14,0,5,10,270,18,1,7,72,4,0
TCGA-UY-A8OC-01A-11D-A364-08,0,9,1,2,2,77,7,0,0,28,0,0
TCGA-UY-A8OD-01A-11D-A364-08,0,5,0,3,2,73,7,0,3,33,0,1
TCGA-UY-A9PA-01A-11D-A38G-08,2,8,0,3,5,137,8,0,2,55,6,1
TCGA-UY-A9PB-01A-11D-A38G-08,3,29,3,12,24,426,35,0,8,201,11,0
TCGA-UY-A9PD-01A-11D-A38G-08,1,15,2,8,12,226,19,0,4,89,3,0
TCGA-UY-A9PE-01A-11D-A38G-08,0,15,5,14,10,165,23,1,3,60,4,0
TCGA-UY-A9PF-01A-11D-A38G-08,4,28,3,34,33,364,28,0,6,160,4,1
TCGA-UY-A9PH-01A-11D-A38G-08,0,22,2,20,14,278,32,0,4,133,5,2
TCGA-UZ-A9PJ-01A-11D-A382-10,0,11,2,7,1,40,0,0,1,20,3,0
TCGA-UZ-A9PK-01A-11D-A382-10,0,9,1,7,2,49,4,0,1,18,1,0
TCGA-UZ-A9PL-01A-11D-A382-10,0,6,1,5,6,46,5,0,0,20,1,0
TCGA-UZ-A9PM-01A-21D-A382-10,1,6,0,5,4,44,0,0,3,16,4,0
TCGA-UZ-A9PN-01A-11D-A382-10,1,10,0,3,7,43,1,1,2,13,2,1
TCGA-UZ-A9PO-01A-11D-A382-10,0,11,0,7,5,69,3,0,3,19,3,0
TCGA-UZ-A9PP-01A-11D-A42J-10,0,5,0,7,8,62,4,0,1,15,2,0
TCGA-UZ-A9PR-01A-11D-A42J-10,0,12,0,6,5,77,6,0,1,25,1,1
TCGA-UZ-A9PS-01A-11D-A42J-10,1,18,3,3,12,101,4,0,4,43,1,0
TCGA-UZ-A9PU-01A-11D-A42J-10,0,4,0,2,2,40,1,0,2,8,1,0
TCGA-UZ-A9PV-01A-11D-A42J-10,0,4,0,2,2,39,2,0,0,15,2,0
TCGA-UZ-A9PX-01A-11D-A42J-10,1,9,0,7,6,75,2,0,0,27,3,0
TCGA-UZ-A9PZ-01A-11D-A42J-10,0,5,0,5,3,33,3,0,0,16,0,1
TCGA-UZ-A9Q0-01A-12D-A42J-10,0,6,1,2,2,42,2,0,2,15,1,0
TCGA-UZ-A9Q1-01A-11D-A42J-10,1,4,2,5,4,49,4,0,0,32,2,0
TCGA-V1-A8MF-01A-11D-A364-08,0,1,0,1,0,24,3,0,2,3,0,0
TCGA-V1-A8MG-01A-11D-A364-08,0,0,0,0,0,22,0,0,1,6,0,0
TCGA-V1-A8MJ-01A-11D-A364-08,0,0,0,0,0,15,0,0,0,5,0,0
TCGA-V1-A8MK-01A-11D-A364-08,0,0,0,0,0,8,1,0,0,1,0,0
TCGA-V1-A8ML-01A-11D-A377-08,0,0,0,0,0,6,2,0,0,4,1,0
TCGA-V1-A8MM-01A-11D-A377-08,0,1,0,0,2,11,0,0,2,7,0,0
TCGA-V1-A8MU-01A-11D-A377-08,1,1,0,0,2,15,1,0,0,12,1,0
TCGA-V1-A8WL-01A-11D-A377-08,0,0,0,1,1,21,1,0,0,6,1,0
TCGA-V1-A8WN-01A-11D-A377-08,0,1,0,1,1,10,0,0,0,6,0,1
TCGA-V1-A8WS-01A-11D-A377-08,0,0,1,0,0,22,1,0,1,6,0,0
TCGA-V1-A8WV-01A-11D-A377-08,0,2,0,1,2,32,0,0,1,8,1,0
TCGA-V1-A8WW-01A-11D-A377-08,0,2,0,0,2,26,3,0,0,8,1,0
TCGA-V1-A8X3-01A-11D-A377-08,0,0,0,0,2,17,4,0,2,8,0,0
TCGA-V1-A9O5-01A-11D-A41K-08,0,2,0,0,1,27,2,0,0,9,1,0
TCGA-V1-A9O7-01A-21D-A41K-08,0,2,0,2,3,18,1,0,1,9,1,0
TCGA-V1-A9O9-01A-11D-A41K-08,0,0,0,0,0,21,0,0,1,12,1,0
TCGA-V1-A9OA-01A-11D-A41K-08,0,0,1,0,0,15,0,0,0,3,0,0
TCGA-V1-A9OF-01A-11D-A41K-08,0,2,0,1,0,9,0,0,1,1,1,0
TCGA-V1-A9OH-01A-11D-A41K-08,0,1,0,0,1,41,3,0,1,14,0,0
TCGA-V1-A9OL-01A-11D-A41K-08,0,1,0,3,1,22,4,0,0,12,1,0
TCGA-V1-A9OQ-01A-11D-A41K-08,0,1,0,1,0,38,3,1,0,10,1,0
TCGA-V1-A9OT-01A-11D-A41K-08,0,7,0,1,0,18,0,0,0,8,1,0
TCGA-V1-A9OX-01A-11D-A41K-08,0,0,0,0,0,18,0,0,1,11,0,0
TCGA-V1-A9OY-01A-11D-A41K-08,0,2,0,1,1,12,0,0,0,5,2,0
TCGA-V1-A9Z7-01A-11D-A41K-08,0,2,0,1,0,20,0,0,0,9,1,0
TCGA-V1-A9Z8-01A-11D-A41K-08,0,1,0,0,1,19,1,0,0,8,1,0
TCGA-V1-A9Z9-01A-21D-A41K-08,0,0,0,0,0,20,2,0,0,9,0,0
TCGA-V1-A9ZG-01A-11D-A41K-08,0,0,0,1,0,21,1,0,0,9,0,0
TCGA-V1-A9ZI-01A-11D-A41K-08,0,2,0,0,1,19,2,0,0,8,0,0
TCGA-V1-A9ZK-01A-11D-A41K-08,0,0,1,0,0,17,3,0,1,3,0,0
TCGA-V1-A9ZR-01A-11D-A41K-08,1,3,0,0,3,29,1,0,2,7,2,0
TCGA-V3-A9ZX-01A-11D-A39W-08,0,0,0,0,2,4,1,0,2,2,0,0
TCGA-V3-A9ZY-01A-11D-A39W-08,0,0,0,0,0,13,0,0,1,3,0,0
TCGA-V4-A9E5-01A-11D-A39W-08,0,0,0,1,0,9,1,0,0,4,0,0
TCGA-V4-A9E7-01A-11D-A39W-08,0,1,0,0,0,13,0,0,0,3,0,0
TCGA-V4-A9E8-01A-11D-A39W-08,0,1,0,0,1,9,1,0,0,4,0,0
TCGA-V4-A9E9-01A-11D-A39W-08,0,1,0,1,0,10,0,0,0,2,0,0
TCGA-V4-A9EA-01A-11D-A39W-08,0,1,0,0,1,11,0,0,0,2,0,0
TCGA-V4-A9EC-01A-11D-A39W-08,0,1,0,0,0,16,0,0,0,4,0,0
TCGA-V4-A9ED-01A-11D-A39W-08,0,2,0,1,2,5,1,0,0,3,0,0
TCGA-V4-A9EE-01A-11D-A39W-08,0,1,0,0,1,12,0,0,0,8,0,0
TCGA-V4-A9EF-01A-21D-A39W-08,0,0,0,0,0,6,1,0,0,1,0,0
TCGA-V4-A9EH-01A-11D-A39W-08,0,0,0,0,1,7,1,0,0,3,0,0
TCGA-V4-A9EI-01A-11D-A39W-08,0,0,0,1,1,19,0,0,0,5,0,0
TCGA-V4-A9EJ-01A-11D-A39W-08,0,3,0,0,1,20,0,0,0,4,1,0
TCGA-V4-A9EK-01A-11D-A39W-08,0,0,0,0,3,12,1,0,0,2,0,0
TCGA-V4-A9EL-01A-11D-A39W-08,0,0,0,1,0,3,1,0,0,2,1,0
TCGA-V4-A9EM-01A-11D-A39W-08,0,0,0,1,0,14,1,0,0,3,0,0
TCGA-V4-A9EO-01A-12D-A39W-08,0,0,0,2,0,12,1,0,0,5,0,0
TCGA-V4-A9EQ-01A-11D-A39W-08,0,0,0,0,0,9,0,0,0,4,0,0
TCGA-V4-A9ES-01A-11D-A39W-08,0,0,0,0,0,12,0,0,0,0,0,0
TCGA-V4-A9ET-01A-11D-A39W-08,0,0,0,1,0,7,0,0,0,5,0,0
TCGA-V4-A9EU-01A-11D-A39W-08,0,0,0,0,1,8,1,0,0,2,0,0
TCGA-V4-A9EV-01A-11D-A39W-08,0,0,0,1,1,4,3,0,1,2,0,0
TCGA-V4-A9EW-01A-11D-A39W-08,0,1,0,0,0,7,0,0,0,4,1,0
TCGA-V4-A9EX-01A-11D-A39W-08,0,0,0,0,0,5,1,0,1,7,0,0
TCGA-V4-A9EY-01A-11D-A39W-08,0,1,0,0,1,14,0,0,0,1,0,0
TCGA-V4-A9EZ-01A-11D-A39W-08,0,0,0,0,1,15,0,0,1,9,0,0
TCGA-V4-A9F0-01A-11D-A39W-08,0,1,0,0,1,6,1,0,0,1,0,0
TCGA-V4-A9F1-01A-11D-A39W-08,0,0,0,0,0,6,1,0,0,3,0,0
TCGA-V4-A9F2-01A-11D-A39W-08,0,1,1,0,0,5,0,0,0,2,0,0
TCGA-V4-A9F3-01A-11D-A39W-08,0,1,0,0,0,7,0,0,0,3,0,0
TCGA-V4-A9F4-01A-11D-A39W-08,0,1,0,0,0,17,0,0,0,3,0,0
TCGA-V4-A9F5-01A-11D-A39W-08,0,1,0,0,0,6,1,0,0,3,0,0
TCGA-V4-A9F7-01A-11D-A39W-08,0,2,0,0,0,11,2,0,0,3,0,0
TCGA-V4-A9F8-01A-11D-A39W-08,0,0,0,1,0,14,2,0,1,6,0,0
TCGA-V5-A7RB-01A-11D-A351-09,5,62,4,6,10,188,9,0,9,54,3,0
TCGA-V5-A7RC-01B-11D-A403-09,3,26,2,5,10,76,3,0,4,28,4,0
TCGA-V5-A7RE-01A-11D-A351-09,5,24,1,5,7,125,4,2,9,48,2,0
TCGA-V5-AASV-01A-11D-A387-09,2,21,1,5,7,77,9,0,2,29,2,0
TCGA-V5-AASW-01A-11D-A403-09,3,31,1,7,8,102,3,0,3,50,3,0
TCGA-V5-AASX-01A-11D-A387-09,3,60,2,13,22,219,13,0,5,86,3,0
TCGA-V7-A7HQ-01A-11D-A33E-09,2,4,0,1,1,16,2,0,0,5,0,0
TCGA-V9-A7HT-01A-11D-A33Q-10,0,8,1,3,1,60,0,0,1,17,0,0
TCGA-VB-A8QN-01A-11D-A382-10,0,15,3,7,14,113,17,0,2,64,6,0
TCGA-VD-A8K7-01B-11D-A39W-08,0,0,0,1,0,3,1,0,0,2,0,0
TCGA-VD-A8K8-01A-11D-A39W-08,0,0,0,0,0,11,1,0,0,2,0,0
TCGA-VD-A8K9-01A-11D-A39W-08,0,0,0,1,1,6,0,0,0,4,0,0
TCGA-VD-A8KA-01B-11D-A39W-08,1,0,0,1,0,14,0,0,0,0,0,0
TCGA-VD-A8KB-01A-11D-A39W-08,0,2,0,0,0,14,1,0,0,6,0,0
TCGA-VD-A8KD-01A-11D-A39W-08,0,1,0,0,1,15,1,0,0,6,0,0
TCGA-VD-A8KE-01A-11D-A39W-08,1,0,0,0,0,13,0,0,0,8,1,0
TCGA-VD-A8KF-01A-11D-A39W-08,0,0,0,1,0,5,1,0,0,2,0,0
TCGA-VD-A8KG-01A-11D-A39W-08,0,0,0,0,0,12,3,0,0,4,1,0
TCGA-VD-A8KH-01A-11D-A39W-08,0,0,0,0,0,12,1,0,0,7,0,0
TCGA-VD-A8KI-01A-11D-A39W-08,0,0,0,0,0,18,1,0,0,7,0,0
TCGA-VD-A8KJ-01A-11D-A39W-08,0,0,0,0,0,10,1,0,1,1,0,0
TCGA-VD-A8KK-01A-11D-A39W-08,0,0,0,0,0,11,1,0,0,3,1,0
TCGA-VD-A8KL-01A-11D-A39W-08,0,1,1,0,0,16,1,0,0,2,0,0
TCGA-VD-A8KM-01A-11D-A39W-08,0,0,0,0,2,9,0,0,1,6,1,0
TCGA-VD-A8KN-01A-11D-A39W-08,0,0,0,1,0,9,1,0,1,2,0,0
TCGA-VD-A8KO-01A-11D-A39W-08,0,1,0,0,0,5,0,0,1,3,0,0
TCGA-VD-AA8M-01A-11D-A39W-08,0,1,0,0,0,21,0,0,1,3,0,0
TCGA-VD-AA8N-01A-11D-A39W-08,0,0,0,0,1,5,1,0,0,2,0,0
TCGA-VD-AA8O-01A-11D-A39W-08,0,0,0,0,1,13,1,0,0,4,0,0
TCGA-VD-AA8P-01A-11D-A39W-08,1,0,0,0,1,10,1,0,0,2,2,1
TCGA-VD-AA8Q-01A-11D-A39W-08,0,2,0,0,0,15,0,0,0,4,0,0
TCGA-VD-AA8R-01A-11D-A39W-08,0,0,0,0,0,10,1,0,0,4,0,0
TCGA-VD-AA8S-01B-11D-A39W-08,0,0,0,0,1,6,1,0,0,0,0,0
TCGA-VD-AA8T-01A-11D-A39W-08,0,2,0,0,2,6,1,0,0,6,0,0
TCGA-VF-A8A8-01A-11D-A435-10,0,6,0,3,2,28,3,1,0,9,0,0
TCGA-VF-A8AB-01A-31D-A435-10,1,0,0,1,0,11,0,0,0,3,1,0
TCGA-VF-A8AC-01A-11D-A435-10,0,1,0,1,1,9,1,0,0,1,1,0
TCGA-VF-A8AD-01A-11D-A435-10,0,1,0,6,1,5,3,1,1,6,1,0
TCGA-VF-A8AE-01A-11D-A435-10,0,2,0,3,2,9,1,0,0,3,0,0
TCGA-VG-A8LO-01A-11D-A403-09,1,18,1,3,3,58,2,0,1,16,1,1
TCGA-VM-A8C8-01A-11D-A36O-08,0,2,0,2,1,30,2,0,0,14,0,0
TCGA-VM-A8C9-01A-11D-A36O-08,0,1,0,0,0,4,0,0,0,2,0,0
TCGA-VM-A8CA-01A-11D-A36O-08,0,0,0,0,0,21,2,0,2,6,0,0
TCGA-VM-A8CB-01A-11D-A36O-08,0,2,0,0,1,23,0,0,0,6,0,0
TCGA-VM-A8CD-01A-11D-A36O-08,0,1,0,0,0,18,0,1,2,8,0,0
TCGA-VM-A8CE-01A-11D-A36O-08,1,0,0,0,1,14,0,0,2,3,0,0
TCGA-VM-A8CF-01A-11D-A36O-08,0,1,0,0,0,29,0,0,0,16,1,0
TCGA-VM-A8CH-01A-12D-A36O-08,0,1,0,0,1,6,0,0,0,7,0,0
TCGA-VN-A88I-01A-11D-A34U-08,0,0,0,0,0,12,1,0,0,3,0,0
TCGA-VN-A88K-01A-11D-A34U-08,0,1,0,0,0,20,2,0,0,4,0,0
TCGA-VN-A88L-01A-11D-A34U-08,1,0,0,0,0,12,2,0,1,13,0,0
TCGA-VN-A88M-01A-11D-A34U-08,0,0,0,0,2,15,0,0,0,8,1,0
TCGA-VN-A88N-01A-11D-A364-08,0,1,0,0,0,18,1,0,0,5,1,0
TCGA-VN-A88O-01A-11D-A34U-08,0,2,0,1,2,23,2,0,0,11,1,0
TCGA-VN-A88P-01A-11D-A34U-08,0,3,1,2,1,29,2,0,0,11,0,0
TCGA-VN-A88Q-01A-11D-A34U-08,0,1,0,2,1,28,1,0,1,11,1,0
TCGA-VN-A88R-01A-11D-A364-08,0,1,0,0,2,16,3,0,0,3,2,0
TCGA-VN-A943-01A-11D-A41K-08,0,3,0,0,1,19,0,0,0,7,2,0
TCGA-VP-A872-01A-11D-A34U-08,0,0,0,2,0,20,1,0,0,5,0,0
TCGA-VP-A875-01A-31D-A34U-08,0,4,0,2,2,24,1,0,0,16,0,0
TCGA-VP-A876-01A-11D-A34U-08,0,0,0,0,0,19,1,0,0,7,0,0
TCGA-VP-A878-01A-31D-A34U-08,0,1,0,0,0,21,2,0,0,9,1,0
TCGA-VP-A879-01A-11D-A34U-08,0,2,2,1,0,36,2,0,0,9,0,0
TCGA-VP-A87B-01A-11D-A34U-08,1,1,0,0,0,33,2,0,0,4,1,0
TCGA-VP-A87C-01A-11D-A34U-08,0,0,0,1,2,17,0,0,0,4,0,0
TCGA-VP-A87D-01A-11D-A34U-08,0,1,0,1,2,43,4,0,0,12,1,0
TCGA-VP-A87E-01A-31D-A34U-08,0,1,0,2,0,19,1,0,1,5,0,0
TCGA-VP-A87H-01A-11D-A34U-08,0,1,1,0,1,23,0,0,0,6,0,0
TCGA-VP-A87J-01A-11D-A34U-08,0,4,0,0,3,24,3,0,0,8,0,0
TCGA-VP-A87K-01A-11D-A34U-08,0,0,0,0,1,23,4,0,0,8,1,0
TCGA-VP-AA1N-01A-31D-A41K-08,0,1,0,0,4,23,1,0,0,9,0,0
TCGA-VQ-A8DL-01A-11D-A364-08,0,5,0,1,0,40,3,0,0,19,0,0
TCGA-VQ-A8DT-01A-11D-A364-08,0,6,0,4,3,156,12,1,4,43,2,0
TCGA-VQ-A8DU-01A-11D-A364-08,1,5,0,1,4,123,8,0,3,28,1,0
TCGA-VQ-A8DV-01A-12D-A364-08,1,1,0,0,3,47,4,0,1,18,2,0
TCGA-VQ-A8DZ-01A-11D-A364-08,1,1,0,5,3,66,2,0,5,22,1,1
TCGA-VQ-A8E0-01A-11D-A410-08,1,9,1,2,0,76,8,0,3,22,0,1
TCGA-VQ-A8E2-01A-11D-A364-08,0,4,0,2,3,105,2,0,2,28,1,0
TCGA-VQ-A8E3-01A-11D-A397-08,5,42,3,9,20,477,24,0,6,196,16,1
TCGA-VQ-A8E7-01B-11D-A410-08,0,6,0,2,1,79,6,0,1,45,0,0
TCGA-VQ-A8P2-01A-11D-A364-08,30,303,26,137,195,5270,429,2,85,2320,135,3
TCGA-VQ-A8P3-01A-11D-A364-08,1,15,1,12,3,241,7,1,2,75,3,0
TCGA-VQ-A8P5-01A-11D-A397-08,1,13,0,5,4,175,10,0,3,49,2,0
TCGA-VQ-A8P8-01A-11D-A397-08,0,1,0,1,2,80,6,0,1,37,2,0
TCGA-VQ-A8PB-01A-11D-A397-08,2,33,4,18,27,522,27,0,8,242,6,0
TCGA-VQ-A8PC-01A-11D-A397-08,1,8,0,3,0,110,4,0,0,32,2,0
TCGA-VQ-A8PD-01A-11D-A410-08,0,1,0,2,3,69,4,0,4,20,1,0
TCGA-VQ-A8PE-01A-11D-A410-08,0,1,2,2,2,94,11,0,2,36,2,1
TCGA-VQ-A8PF-01A-11D-A410-08,0,4,0,2,1,92,6,0,1,27,2,0
TCGA-VQ-A8PH-01A-12D-A410-08,0,12,1,2,9,152,9,1,6,42,7,0
TCGA-VQ-A8PJ-01A-11D-A410-08,1,3,1,3,6,115,5,2,5,41,3,1
TCGA-VQ-A8PK-01A-12D-A410-08,0,0,0,2,4,82,2,0,2,24,0,0
TCGA-VQ-A8PM-01A-21D-A410-08,0,2,0,1,0,42,2,1,1,16,1,0
TCGA-VQ-A8PO-01A-11D-A410-08,1,41,3,20,18,539,11,1,9,240,18,1
TCGA-VQ-A8PP-01A-21D-A410-08,6,56,4,26,35,936,42,2,15,421,23,2
TCGA-VQ-A8PQ-01A-11D-A410-08,0,0,0,1,0,10,1,0,0,5,0,0
TCGA-VQ-A8PS-01A-11D-A410-08,1,4,2,1,2,28,3,0,2,16,0,0
TCGA-VQ-A8PT-01A-11D-A410-08,4,70,3,21,37,831,45,1,15,386,20,0
TCGA-VQ-A8PU-01A-12D-A410-08,1,4,1,6,3,92,3,0,3,42,1,0
TCGA-VQ-A8PX-01A-12D-A410-08,3,23,2,11,14,393,12,0,10,204,18,0
TCGA-VQ-A8PY-01A-11D-A410-08,1,7,0,1,4,65,7,0,1,27,1,0
TCGA-VQ-A8PZ-01A-11D-A410-08,0,6,0,1,3,67,1,0,0,28,1,0
TCGA-VQ-A91A-01A-11D-A410-08,0,6,1,6,8,103,3,0,2,27,1,0
TCGA-VQ-A91D-01A-11D-A410-08,8,96,7,50,49,1584,72,0,24,704,27,0
TCGA-VQ-A91E-01A-31D-A410-08,2,33,2,19,13,529,26,1,6,218,10,1
TCGA-VQ-A91K-01A-11D-A410-08,2,58,6,32,31,844,48,0,21,413,14,0
TCGA-VQ-A91N-01A-11D-A410-08,0,7,0,4,5,87,6,0,2,43,1,0
TCGA-VQ-A91Q-01A-12D-A410-08,0,4,0,8,1,83,6,0,3,30,2,0
TCGA-VQ-A91S-01A-11D-A410-08,0,10,1,3,9,207,5,1,4,70,2,0
TCGA-VQ-A91U-01A-11D-A410-08,1,6,0,4,1,109,9,0,2,54,3,0
TCGA-VQ-A91V-01A-11D-A410-08,1,14,0,6,5,198,7,0,4,62,1,0
TCGA-VQ-A91W-01A-11D-A410-08,0,1,0,1,1,32,2,0,0,12,0,0
TCGA-VQ-A91X-01A-12D-A410-08,1,7,1,3,6,169,8,0,3,53,4,0
TCGA-VQ-A91Y-01A-11D-A410-08,0,1,0,0,4,33,4,0,2,12,0,0
TCGA-VQ-A91Z-01A-11D-A410-08,0,8,1,2,3,104,7,1,1,40,4,0
TCGA-VQ-A922-01A-11D-A410-08,0,9,2,7,5,131,7,0,3,41,2,0
TCGA-VQ-A923-01A-11D-A410-08,0,4,0,3,1,64,10,0,1,41,2,1
TCGA-VQ-A924-01A-11D-A410-08,4,53,3,27,29,778,40,0,17,353,18,1
TCGA-VQ-A925-01A-11D-A410-08,1,9,1,4,1,100,3,0,2,33,1,0
TCGA-VQ-A927-01A-12D-A410-08,0,3,1,0,1,46,1,0,1,14,0,0
TCGA-VQ-A928-01A-11D-A410-08,0,2,0,2,1,47,1,0,2,21,0,0
TCGA-VQ-A92D-01A-11D-A410-08,0,8,1,1,7,91,8,0,2,43,2,0
TCGA-VQ-A94O-01A-11D-A410-08,1,2,0,0,3,48,2,0,0,22,1,0
TCGA-VQ-A94P-01A-13D-A410-08,0,2,0,0,1,72,0,1,2,22,0,0
TCGA-VQ-A94R-01A-11D-A410-08,1,13,1,12,10,232,12,0,4,85,2,0
TCGA-VQ-A94T-01A-11D-A410-08,0,7,1,4,1,53,4,0,1,27,2,0
TCGA-VQ-A94U-01A-12D-A410-08,2,6,0,7,2,115,7,0,3,48,3,0
TCGA-VQ-AA64-01A-11D-A410-08,0,13,2,6,11,181,15,0,6,70,5,0
TCGA-VQ-AA68-01A-11D-A410-08,0,6,1,8,7,139,7,0,1,39,0,0
TCGA-VQ-AA69-01A-11D-A410-08,0,2,0,0,2,49,4,0,4,20,0,0
TCGA-VQ-AA6A-01A-11D-A410-08,0,3,1,1,4,75,3,0,0,33,2,0
TCGA-VQ-AA6B-01A-11D-A410-08,0,1,2,1,1,65,6,0,2,20,2,0
TCGA-VQ-AA6D-01A-11D-A410-08,6,30,3,10,17,580,27,3,10,217,7,0
TCGA-VQ-AA6F-01A-31D-A410-08,0,2,1,0,1,44,3,0,0,10,1,0
TCGA-VQ-AA6G-01A-11D-A410-08,0,6,2,6,4,102,7,0,3,35,1,0
TCGA-VQ-AA6I-01A-11D-A410-08,2,9,0,3,4,70,4,0,3,29,2,0
TCGA-VQ-AA6J-01A-11D-A410-08,1,4,2,1,1,114,3,2,1,46,1,0
TCGA-VQ-AA6K-01A-11D-A410-08,0,4,0,2,2,63,5,0,0,16,0,0
TCGA-VR-A8EO-01A-11D-A36J-09,1,14,0,1,4,37,1,1,0,13,2,0
TCGA-VR-A8EP-01A-31D-A403-09,1,26,4,4,14,76,3,0,2,22,2,0
TCGA-VR-A8EQ-01A-11D-A36J-09,4,39,0,3,8,130,9,0,4,50,0,0
TCGA-VR-A8ER-01A-11D-A36J-09,2,18,0,4,5,45,3,1,4,12,0,0
TCGA-VR-A8ET-01A-11D-A403-09,0,5,0,1,0,13,1,0,0,4,1,0
TCGA-VR-A8EU-01A-11D-A36J-09,2,30,1,7,2,74,7,0,3,33,0,1
TCGA-VR-A8EW-01A-11D-A36J-09,1,25,1,4,6,85,5,0,3,29,2,0
TCGA-VR-A8EX-01A-11D-A36J-09,2,25,1,2,10,99,11,1,5,28,1,0
TCGA-VR-A8EY-01A-11D-A36J-09,3,21,0,9,4,72,4,1,4,24,3,0
TCGA-VR-A8EZ-01A-11D-A36J-09,4,37,3,10,15,119,11,0,9,43,1,0
TCGA-VR-A8Q7-01A-11D-A37C-09,2,26,1,6,8,70,5,0,6,21,2,0
TCGA-VR-AA4D-01A-11D-A37C-09,0,25,2,2,7,72,3,0,3,27,1,0
TCGA-VR-AA4G-01A-11D-A37C-09,1,17,1,3,4,48,1,0,0,21,1,0
TCGA-VR-AA7B-01A-31D-A403-09,3,41,3,6,8,128,15,0,5,40,2,0
TCGA-VR-AA7D-01A-11D-A403-09,0,32,2,3,10,68,6,0,3,30,2,1
TCGA-VR-AA7I-01A-11D-A403-09,2,39,1,6,5,78,4,0,3,31,1,0
TCGA-VS-A8EB-01A-11D-A36J-09,2,15,1,7,7,56,3,1,1,23,0,0
TCGA-VS-A8EC-01A-11D-A36J-09,3,23,0,11,8,103,2,0,6,52,5,0
TCGA-VS-A8EG-01A-11D-A36J-09,0,6,1,1,3,31,2,0,2,13,0,0
TCGA-VS-A8EH-01A-11D-A36J-09,0,20,1,3,4,52,5,0,2,25,0,0
TCGA-VS-A8EI-01A-11D-A37N-09,2,22,2,6,9,93,14,0,3,33,2,0
TCGA-VS-A8EJ-01A-11D-A37N-09,4,35,0,8,7,100,10,0,5,33,2,0
TCGA-VS-A8EK-01A-12D-A37N-09,7,45,4,13,14,170,12,1,8,76,4,1
TCGA-VS-A8EL-01A-11D-A37N-09,8,60,2,21,22,277,17,0,3,105,2,1
TCGA-VS-A8Q8-01A-11D-A37N-09,4,22,1,4,9,63,4,0,0,29,2,0
TCGA-VS-A8Q9-01A-12D-A37N-09,0,12,1,2,3,30,1,0,0,25,1,0
TCGA-VS-A8QA-01A-11D-A37N-09,4,46,4,11,14,144,8,0,10,58,1,0
TCGA-VS-A8QC-01A-11D-A37N-09,3,30,2,6,8,110,12,0,1,49,2,1
TCGA-VS-A8QF-01A-21D-A37N-09,3,20,1,7,8,90,10,1,4,33,0,1
TCGA-VS-A8QH-01A-11D-A37N-09,2,31,3,2,9,100,7,0,6,23,2,0
TCGA-VS-A8QM-01A-11D-A37N-09,1,20,2,7,5,87,5,0,1,30,2,0
TCGA-VS-A94W-01A-12D-A37N-09,0,24,3,4,4,53,8,0,3,19,0,0
TCGA-VS-A94X-01A-11D-A387-09,3,69,3,19,26,216,30,0,14,82,5,0
TCGA-VS-A94Y-01A-11D-A387-09,1,7,1,1,3,38,2,0,0,19,0,0
TCGA-VS-A94Z-01A-11D-A387-09,10,132,4,43,40,511,37,1,20,219,9,0
TCGA-VS-A950-01A-11D-A42O-09,3,17,2,4,4,80,9,0,2,35,0,1
TCGA-VS-A952-01A-11D-A387-09,0,28,5,11,7,89,8,0,3,43,2,0
TCGA-VS-A953-01A-11D-A387-09,7,97,7,21,41,286,25,1,18,138,4,0
TCGA-VS-A954-01A-11D-A387-09,1,20,0,7,8,53,6,0,2,43,2,0
TCGA-VS-A957-01A-11D-A42O-09,1,15,1,4,0,49,4,0,5,20,3,0
TCGA-VS-A958-01A-11D-A42O-09,16,230,9,54,61,657,58,2,19,246,14,1
TCGA-VS-A959-01A-11D-A42O-09,4,69,2,12,11,200,19,0,5,92,2,0
TCGA-VS-A9U5-01A-11D-A42O-09,2,25,1,4,6,62,4,0,1,35,2,0
TCGA-VS-A9U6-01A-11D-A42O-09,8,78,5,26,26,308,23,0,7,160,9,0
TCGA-VS-A9U7-01A-11D-A42O-09,3,46,4,13,13,127,15,1,6,51,1,1
TCGA-VS-A9UA-01A-11D-A42O-09,6,45,0,12,17,130,16,1,5,61,3,0
TCGA-VS-A9UB-01A-22D-A42O-09,3,24,2,6,8,84,4,0,4,29,3,0
TCGA-VS-A9UC-01A-11D-A42O-09,1,40,2,12,14,130,20,1,6,46,3,0
TCGA-VS-A9UD-01A-11D-A42O-09,3,45,5,4,13,132,15,0,4,78,1,0
TCGA-VS-A9UH-01A-11D-A42O-09,5,57,3,9,12,167,18,1,5,58,3,1
TCGA-VS-A9UI-01A-11D-A42O-09,3,24,1,9,4,105,10,0,5,52,3,0
TCGA-VS-A9UJ-01A-11D-A42O-09,2,71,3,10,9,218,18,0,7,97,12,0
TCGA-VS-A9UL-01A-11D-A42O-09,1,29,5,6,14,102,7,0,5,43,0,1
TCGA-VS-A9UM-01A-11D-A42O-09,3,19,1,3,6,44,5,0,3,25,3,0
TCGA-VS-A9UO-01A-11D-A42O-09,2,8,0,2,2,38,3,0,0,15,3,0
TCGA-VS-A9UP-01A-11D-A42O-09,5,49,4,7,12,142,23,0,6,57,4,0
TCGA-VS-A9UQ-01A-21D-A42O-09,1,14,0,1,2,20,1,0,0,6,0,0
TCGA-VS-A9UR-01A-11D-A42O-09,1,33,0,13,5,86,10,0,5,35,2,1
TCGA-VS-A9UT-01A-11D-A42O-09,0,11,0,0,2,17,4,0,1,12,0,0
TCGA-VS-A9UU-01A-11D-A42O-09,3,12,0,2,2,50,5,0,1,21,2,0
TCGA-VS-A9UV-01A-11D-A42O-09,3,18,0,5,7,65,7,0,6,30,1,0
TCGA-VS-A9UY-01A-11D-A42O-09,0,32,2,7,9,82,12,0,4,43,1,1
TCGA-VS-A9UZ-01A-11D-A42O-09,6,46,5,20,21,128,14,0,5,55,2,1
TCGA-VS-A9V0-01A-11D-A42O-09,1,9,0,2,5,36,0,0,2,18,0,0
TCGA-VS-A9V1-01A-11D-A42O-09,3,51,3,9,10,123,10,0,3,56,7,0
TCGA-VS-A9V2-01A-11D-A42O-09,0,8,0,2,2,35,0,0,1,15,0,0
TCGA-VS-A9V3-01A-11D-A42O-09,6,37,3,12,20,123,12,0,7,50,3,0
TCGA-VS-A9V4-01A-12D-A42O-09,1,27,3,2,11,95,6,0,2,34,2,0
TCGA-VS-A9V5-01A-11D-A42O-09,2,35,4,17,10,99,10,1,1,41,2,0
TCGA-VS-AA62-01A-11D-A42O-09,3,31,3,6,3,81,3,0,6,25,1,0
TCGA-VT-A80G-01A-11D-A36J-09,2,25,0,6,1,61,2,0,3,22,0,0
TCGA-VT-A80J-01A-11D-A36J-09,0,10,2,7,6,34,2,0,1,16,2,0
TCGA-VT-AB3D-01A-12D-A417-09,2,13,1,3,3,32,2,0,0,18,1,0
TCGA-VV-A829-01A-21D-A36O-08,0,1,0,0,1,27,1,0,1,5,0,0
TCGA-VV-A86M-01A-11D-A36O-08,0,1,0,0,0,11,0,0,0,3,1,0
TCGA-VW-A7QS-01A-12D-A33T-08,0,3,0,0,1,27,2,0,2,12,0,0
TCGA-VW-A8FI-01A-11D-A36O-08,0,1,1,1,1,44,2,0,1,20,1,0
TCGA-W2-A7H5-01B-11D-A35I-08,0,0,0,0,1,3,0,0,0,3,0,0
TCGA-W2-A7H7-01A-11D-A35I-08,0,0,0,0,0,9,1,0,0,5,0,0
TCGA-W2-A7HA-01B-11D-A35I-08,0,1,0,1,1,16,0,0,0,9,0,0
TCGA-W2-A7HB-01A-11D-A35I-08,0,0,0,0,0,6,2,0,0,3,0,0
TCGA-W2-A7HC-01A-11D-A35I-08,0,1,0,1,0,16,0,0,0,4,0,0
TCGA-W2-A7HD-01A-11D-A35I-08,1,2,0,1,0,13,0,0,0,2,0,0
TCGA-W2-A7HE-01A-11D-A35I-08,0,0,0,0,0,3,0,0,0,2,0,0
TCGA-W2-A7HF-01A-11D-A35I-08,0,1,0,0,0,5,0,0,0,0,0,0
TCGA-W2-A7HH-01A-11D-A35I-08,0,0,1,0,0,9,0,0,0,3,0,0
TCGA-W2-A7UY-01A-11D-A35I-08,0,3,0,0,0,14,1,0,0,7,0,0
TCGA-W3-A824-06A-21D-A34U-08,4,95,2,41,57,1075,78,1,27,635,15,1
TCGA-W3-A825-06A-11D-A34U-08,6,65,7,36,48,834,54,0,20,473,7,4
TCGA-W3-A828-06A-11D-A34U-08,6,65,7,46,56,1018,72,1,20,526,30,4
TCGA-W3-AA1O-06A-11D-A38G-08,3,48,1,30,25,580,34,0,17,305,5,0
TCGA-W3-AA1Q-06A-11D-A38G-08,4,54,7,31,36,692,43,0,24,366,8,4
TCGA-W3-AA1R-06A-11D-A397-08,6,80,12,43,62,1290,87,1,32,749,23,6
TCGA-W3-AA1V-06B-11D-A401-08,20,278,26,146,162,4116,270,2,93,2324,47,5
TCGA-W3-AA1W-06A-11D-A38G-08,3,27,5,14,25,522,28,0,11,316,8,0
TCGA-W3-AA21-06A-11D-A38G-08,4,36,3,11,9,379,29,0,12,214,5,1
TCGA-W4-A7U4-01A-12D-A435-10,0,2,0,1,0,1,1,0,0,2,0,0
TCGA-W5-AA2G-01A-11D-A417-09,2,16,1,1,5,25,4,0,0,16,0,0
TCGA-W5-AA2H-01A-31D-A417-09,0,3,0,0,0,4,0,0,0,0,0,0
TCGA-W5-AA2I-01A-32D-A417-09,1,8,0,2,3,40,3,0,1,6,0,0
TCGA-W5-AA2O-01A-11D-A417-09,0,6,2,1,2,17,3,0,0,8,2,0
TCGA-W5-AA2Q-01A-11D-A417-09,1,6,1,4,1,33,3,0,1,8,0,0
TCGA-W5-AA2R-01A-11D-A417-09,0,9,0,3,1,16,1,0,0,4,2,0
TCGA-W5-AA2T-01A-12D-A417-09,0,14,1,2,0,27,2,0,1,14,0,0
TCGA-W5-AA2U-01A-11D-A417-09,1,25,0,3,6,51,8,0,2,13,1,0
TCGA-W5-AA2W-01A-11D-A417-09,0,7,0,1,1,19,1,0,2,3,2,0
TCGA-W5-AA2X-01A-11D-A417-09,0,9,2,2,4,36,6,0,0,10,2,0
TCGA-W5-AA2Z-01A-11D-A417-09,1,6,1,3,1,18,3,0,0,4,2,0
TCGA-W5-AA30-01A-31D-A417-09,2,12,0,2,6,41,2,0,0,20,1,0
TCGA-W5-AA31-01A-11D-A417-09,2,9,1,2,0,33,2,0,0,8,1,0
TCGA-W5-AA33-01A-11D-A417-09,2,6,1,1,4,19,4,0,0,7,1,0
TCGA-W5-AA34-01A-11D-A417-09,0,9,2,5,2,30,0,0,0,8,0,0
TCGA-W5-AA36-01A-11D-A417-09,1,11,0,2,2,35,5,0,2,9,0,0
TCGA-W5-AA38-01A-11D-A417-09,1,13,1,1,2,18,4,0,1,6,2,0
TCGA-W5-AA39-01A-11D-A417-09,16,258,15,61,64,554,21,2,26,185,9,2
TCGA-W6-AA0S-01A-11D-A417-09,0,6,1,4,2,26,2,0,1,9,1,0
TCGA-W8-A86G-01A-21D-A36J-09,2,6,1,2,3,10,0,0,1,8,2,0
TCGA-W9-A837-01A-11D-A36O-08,0,0,0,0,0,22,1,0,0,8,1,0
TCGA-WA-A7GZ-01A-11D-A34J-08,5,9,1,2,4,156,14,0,6,61,2,0
TCGA-WA-A7H4-01A-21D-A34J-08,0,4,0,2,0,59,0,0,2,18,0,0
TCGA-WB-A80K-01A-11D-A35I-08,0,2,1,0,1,12,0,0,0,1,0,0
TCGA-WB-A80L-01A-11D-A35I-08,0,0,0,0,0,0,0,0,0,2,0,0
TCGA-WB-A80M-01A-11D-A35I-08,0,0,0,0,1,6,0,0,0,2,1,0
TCGA-WB-A80N-01A-11D-A35I-08,0,1,0,0,1,10,0,0,0,2,0,0
TCGA-WB-A80O-01A-11D-A35I-08,0,0,0,0,0,9,0,0,0,3,0,0
TCGA-WB-A80P-01A-11D-A35I-08,0,0,0,0,1,3,0,0,0,1,1,0
TCGA-WB-A80Q-01A-11D-A35I-08,0,0,1,1,0,13,0,0,0,3,0,0
TCGA-WB-A80V-01A-12D-A35I-08,0,1,0,0,0,15,2,0,0,3,0,0
TCGA-WB-A80Y-01A-11D-A35I-08,0,0,0,1,0,6,0,0,0,1,0,0
TCGA-WB-A814-01A-11D-A35I-08,0,0,0,0,0,8,1,0,0,0,0,0
TCGA-WB-A815-01A-11D-A35I-08,0,0,0,0,0,15,1,0,0,6,0,0
TCGA-WB-A816-01A-11D-A35I-08,0,0,0,0,0,9,1,0,0,1,1,0
TCGA-WB-A817-01A-11D-A35I-08,0,1,0,0,0,7,0,0,0,2,0,0
TCGA-WB-A818-01A-11D-A35I-08,0,0,0,0,1,7,0,0,0,0,1,0
TCGA-WB-A819-01A-11D-A35I-08,0,0,0,0,0,6,0,0,0,3,0,0
TCGA-WB-A81A-01A-11D-A35I-08,0,0,0,0,0,6,0,0,0,4,0,0
TCGA-WB-A81D-01A-11D-A35I-08,0,2,0,0,0,13,0,0,0,4,0,0
TCGA-WB-A81E-01A-11D-A35I-08,0,0,0,0,1,15,0,0,0,3,1,0
TCGA-WB-A81F-01A-11D-A35I-08,0,0,0,1,0,4,0,0,0,1,0,0
TCGA-WB-A81G-01A-11D-A35I-08,0,0,0,0,0,7,0,0,1,4,1,0
TCGA-WB-A81H-01A-11D-A35I-08,0,3,0,0,0,8,0,0,0,3,0,0
TCGA-WB-A81I-01A-11D-A35I-08,0,0,0,0,0,7,0,0,0,4,1,0
TCGA-WB-A81J-01A-11D-A35I-08,0,0,0,0,1,8,0,0,0,0,2,0
TCGA-WB-A81K-01A-11D-A35I-08,0,2,0,1,1,6,0,0,0,1,0,0
TCGA-WB-A81M-01A-11D-A35I-08,0,1,0,0,0,7,0,0,1,4,1,0
TCGA-WB-A81N-01A-11D-A35I-08,0,0,0,0,1,2,0,0,1,3,0,0
TCGA-WB-A81P-01A-11D-A35I-08,0,0,0,1,1,18,1,0,0,3,1,0
TCGA-WB-A81Q-01A-11D-A35I-08,0,1,0,0,2,17,1,0,0,5,0,0
TCGA-WB-A81R-01A-11D-A35I-08,0,0,1,2,1,7,0,0,1,3,0,0
TCGA-WB-A81S-01A-11D-A35I-08,0,0,0,0,1,7,0,1,0,5,1,0
TCGA-WB-A81T-01A-11D-A35I-08,0,2,0,0,0,14,0,0,0,5,1,0
TCGA-WB-A81V-01A-11D-A35I-08,0,0,0,1,1,6,1,0,0,7,0,0
TCGA-WB-A81W-01A-11D-A35I-08,0,0,0,0,0,13,0,0,2,6,0,0
TCGA-WB-A820-01A-11D-A35I-08,0,2,0,0,0,9,0,0,0,6,0,0
TCGA-WB-A821-01A-11D-A35I-08,0,2,0,0,1,23,0,0,0,5,1,0
TCGA-WB-A822-01A-11D-A35I-08,0,0,0,0,0,4,0,0,0,3,0,0
TCGA-WC-A87T-01A-11D-A39W-08,0,0,0,0,0,9,1,0,0,1,1,1
TCGA-WC-A87U-01A-11D-A39W-08,0,1,0,0,0,13,0,0,0,5,0,0
TCGA-WC-A87W-01A-11D-A39W-08,1,1,0,0,0,5,0,0,0,3,0,0
TCGA-WC-A87Y-01A-11D-A39W-08,0,0,0,0,0,9,0,0,0,3,0,0
TCGA-WC-A880-01A-11D-A39W-08,0,1,0,1,0,9,0,0,0,2,0,0
TCGA-WC-A881-01A-12D-A39W-08,0,1,0,0,0,9,0,0,0,3,1,0
TCGA-WC-A882-01A-11D-A39W-08,0,0,0,0,2,9,1,0,0,3,0,0
TCGA-WC-A883-01A-12D-A39W-08,0,1,0,0,0,8,0,0,1,2,1,0
TCGA-WC-A884-01A-11D-A39W-08,0,0,0,2,0,9,0,0,0,2,0,0
TCGA-WC-A885-01A-11D-A39W-08,0,0,0,0,0,13,2,0,0,8,0,0
TCGA-WC-A888-01A-11D-A39W-08,0,1,0,0,0,11,0,0,0,3,0,0
TCGA-WC-A88A-01A-11D-A39W-08,0,0,0,0,0,14,1,0,0,2,0,0
TCGA-WC-AA9A-01A-11D-A39W-08,0,0,0,2,1,10,1,0,0,0,0,0
TCGA-WC-AA9E-01A-11D-A39W-08,0,1,0,0,1,13,0,0,1,6,1,0
TCGA-WD-A7RX-01A-12D-A417-09,4,9,0,0,2,26,1,0,1,14,0,0
TCGA-WE-A8JZ-06A-11D-A372-08,0,14,2,6,5,152,9,0,1,89,2,1
TCGA-WE-A8K1-06A-21D-A372-08,0,17,2,9,3,258,17,0,4,148,2,0
TCGA-WE-A8K4-01A-12D-A372-08,2,39,5,29,22,615,48,0,12,383,4,0
TCGA-WE-A8K5-06A-11D-A372-08,6,61,10,41,48,859,49,0,28,474,12,2
TCGA-WE-A8K6-06A-11D-A372-08,2,24,0,5,9,189,13,0,8,113,3,0
TCGA-WE-A8ZM-06A-11D-A372-08,0,5,1,1,1,61,6,0,1,25,1,1
TCGA-WE-A8ZN-06A-11D-A372-08,1,5,3,0,4,123,6,0,4,76,3,0
TCGA-WE-A8ZO-06A-11D-A372-08,1,12,3,10,13,277,19,0,7,141,4,0
TCGA-WE-A8ZQ-06A-41D-A372-08,0,16,1,8,7,138,8,0,7,64,0,1
TCGA-WE-A8ZR-06A-11D-A372-08,0,2,0,0,1,24,1,0,0,7,1,0
TCGA-WE-A8ZT-06A-11D-A372-08,1,23,7,10,20,352,21,0,6,181,4,3
TCGA-WE-A8ZX-06A-11D-A372-08,6,36,5,16,15,426,24,0,13,251,7,1
TCGA-WE-A8ZY-06A-11D-A372-08,3,19,3,7,8,179,4,0,8,106,8,1
TCGA-WE-AA9Y-06A-12D-A38G-08,0,2,1,2,3,58,2,0,0,34,2,0
TCGA-WE-AAA0-06A-11D-A38G-08,10,73,8,49,58,1106,66,1,30,565,13,3
TCGA-WE-AAA3-06A-11D-A38G-08,1,30,2,8,12,268,19,0,8,177,4,1
TCGA-WE-AAA4-06A-12D-A38G-08,1,9,2,2,6,184,11,0,5,87,5,0
TCGA-WH-A86K-01A-11D-A36O-08,0,0,0,0,0,31,3,0,3,14,0,0
TCGA-WJ-A86L-01A-12D-A45V-10,0,16,3,10,6,100,7,0,1,33,2,0
TCGA-WK-A8XO-01A-11D-A37C-09,0,8,0,3,1,28,1,0,0,14,1,0
TCGA-WK-A8XQ-01A-11D-A37C-09,0,8,1,0,3,16,2,0,2,7,0,0
TCGA-WK-A8XS-01A-11D-A37C-09,0,14,0,5,2,35,1,0,2,12,0,0
TCGA-WK-A8XT-01A-11D-A37C-09,0,8,0,2,5,39,2,0,3,14,0,0
TCGA-WK-A8XX-01A-11D-A37C-09,0,10,0,1,1,38,1,0,1,18,2,0
TCGA-WK-A8XY-01A-11D-A37C-09,2,18,0,2,3,36,5,0,3,11,1,0
TCGA-WK-A8XZ-01A-11D-A37C-09,0,12,0,2,3,25,0,0,1,10,2,1
TCGA-WK-A8Y0-01A-11D-A417-09,1,5,0,4,2,30,4,0,6,16,0,0
TCGA-WL-A834-01A-11D-A351-09,2,13,2,5,4,79,3,0,2,31,1,0
TCGA-WN-A9G9-01A-12D-A36X-10,0,5,0,5,3,39,4,0,1,19,1,0
TCGA-WN-AB4C-01A-11D-A42J-10,1,12,0,6,7,63,6,0,1,24,3,0
TCGA-WP-A9GB-01A-11D-A37C-09,3,31,3,7,8,109,7,0,5,23,2,0
TCGA-WQ-A9G7-01A-11D-A36X-10,7,37,4,19,19,333,16,0,8,182,10,0
TCGA-WQ-AB4B-01A-11D-A40P-10,0,12,1,2,2,54,1,0,2,21,2,0
TCGA-WR-A838-01A-12D-A403-09,0,8,1,1,2,20,2,0,2,14,0,0
TCGA-WS-AB45-01A-11D-A40P-10,13,174,8,88,100,1888,95,1,31,894,37,0
TCGA-WT-AB41-01A-11D-A41F-09,0,12,1,2,1,34,1,0,0,9,1,1
TCGA-WT-AB44-01A-11D-A41F-09,2,16,1,2,4,22,3,0,1,8,1,0
TCGA-WW-A8ZI-01A-11D-A377-08,0,0,0,0,2,24,0,0,1,9,1,0
TCGA-WX-AA44-01A-11D-A38X-10,1,11,1,6,4,60,3,0,2,27,2,0
TCGA-WX-AA46-01A-11D-A38X-10,1,6,0,4,5,50,7,0,0,15,2,0
TCGA-WX-AA47-01A-11D-A38X-10,0,4,0,3,4,31,3,0,0,10,0,0
TCGA-WY-A858-01A-11D-A36O-08,0,0,0,1,1,22,1,0,0,9,1,0
TCGA-WY-A859-01A-12D-A36O-08,0,0,0,2,0,27,0,0,1,5,1,0
TCGA-WY-A85A-01A-21D-A36O-08,0,0,0,0,0,9,0,0,0,6,1,0
TCGA-WY-A85B-01A-11D-A36O-08,0,1,0,0,0,12,0,0,1,3,0,0
TCGA-WY-A85C-01A-11D-A36O-08,0,3,0,0,0,18,5,0,3,5,0,0
TCGA-WY-A85D-01A-11D-A36O-08,0,1,0,1,1,27,2,0,2,11,1,0
TCGA-WY-A85E-01A-11D-A36O-08,0,6,0,0,1,46,7,0,0,19,1,0
TCGA-WZ-A7V3-01A-11D-A435-10,0,3,0,0,1,10,1,0,0,6,0,0
TCGA-WZ-A7V5-01A-11D-A435-10,0,4,0,1,2,33,2,0,0,5,2,0
TCGA-WZ-A8D5-01A-11D-A435-10,1,1,0,1,0,4,2,0,2,2,1,0
TCGA-X2-A95T-01A-11D-A37C-09,0,8,0,3,1,27,0,0,3,15,3,0
TCGA-X3-A8G4-01A-11D-A435-10,0,2,0,2,0,19,4,0,0,10,1,0
TCGA-X4-A8KQ-01A-12D-A364-08,0,2,0,0,2,30,3,0,2,11,1,0
TCGA-X4-A8KS-01A-12D-A364-08,0,2,0,1,1,20,0,0,0,3,1,0
TCGA-X6-A7W8-01A-21D-A351-09,2,15,0,3,3,41,2,0,1,25,0,0
TCGA-X6-A7WA-01A-12D-A351-09,3,4,2,1,2,46,7,0,0,12,1,0
TCGA-X6-A7WB-01A-11D-A351-09,1,16,1,5,4,40,4,0,4,16,0,0
TCGA-X6-A7WC-01A-12D-A351-09,0,16,0,6,7,60,3,0,1,27,2,0
TCGA-X6-A7WD-01A-21D-A351-09,1,12,1,6,5,30,1,0,0,16,0,0
TCGA-X6-A8C2-01A-11D-A36J-09,1,17,0,6,7,55,3,1,2,15,1,0
TCGA-X6-A8C3-01A-11D-A36J-09,0,17,2,3,2,41,1,0,1,21,2,0
TCGA-X6-A8C4-01A-11D-A36J-09,3,17,0,5,3,57,0,0,4,15,4,0
TCGA-X6-A8C5-01A-11D-A36J-09,2,8,2,4,6,48,3,0,3,16,0,0
TCGA-X6-A8C6-01A-11D-A36J-09,1,19,2,1,4,48,4,0,4,13,2,0
TCGA-X6-A8C7-01A-11D-A36J-09,0,5,0,3,4,9,1,0,0,3,2,0
TCGA-X7-A8D6-01A-11D-A423-09,1,1,0,0,1,9,0,0,0,2,0,0
TCGA-X7-A8D7-01A-11D-A423-09,0,4,0,1,1,3,0,0,0,0,0,0
TCGA-X7-A8D8-01A-11D-A423-09,1,7,0,1,0,13,0,0,0,5,0,0
TCGA-X7-A8D9-01A-11D-A423-09,0,5,0,0,0,14,1,0,0,5,0,0
TCGA-X7-A8DB-01A-11D-A423-09,0,2,0,0,0,3,0,0,0,1,0,0
TCGA-X7-A8DC-01A-11D-A423-09,0,5,2,0,0,9,0,0,1,7,1,0
TCGA-X7-A8DD-01A-11D-A423-09,0,2,1,1,0,9,1,0,0,3,2,0
TCGA-X7-A8DE-01A-11D-A423-09,0,2,0,2,1,8,2,0,0,5,0,0
TCGA-X7-A8DF-01A-11D-A423-09,1,3,0,1,1,2,0,0,0,1,0,0
TCGA-X7-A8DG-01A-11D-A423-09,1,0,0,0,0,3,0,0,0,0,0,0
TCGA-X7-A8DI-01A-11D-A423-09,0,5,0,0,0,7,1,0,1,3,0,0
TCGA-X7-A8DJ-01A-11D-A423-09,0,1,0,0,1,10,0,1,0,2,0,0
TCGA-X7-A8M0-01A-11D-A423-09,0,6,1,0,1,9,0,0,3,3,1,0
TCGA-X7-A8M1-01A-11D-A423-09,0,3,0,1,1,10,1,0,0,7,0,0
TCGA-X7-A8M3-01A-11D-A423-09,0,12,0,2,0,19,7,1,3,8,0,0
TCGA-X7-A8M4-01A-11D-A423-09,0,5,0,0,0,4,0,0,0,1,0,0
TCGA-X7-A8M5-01A-11D-A423-09,0,5,0,0,1,22,0,0,0,12,1,0
TCGA-X7-A8M6-01A-11D-A423-09,0,0,0,1,0,7,0,0,0,1,0,0
TCGA-X7-A8M8-01A-11D-A423-09,0,0,0,0,1,4,0,0,0,2,0,0
TCGA-X8-AAAR-01A-11D-A403-09,4,34,1,0,6,81,2,0,6,31,2,0
TCGA-X9-A971-01A-11D-A387-09,0,16,1,2,3,37,1,0,0,8,1,0
TCGA-X9-A973-01A-11D-A387-09,0,11,0,3,4,23,2,0,0,9,0,0
TCGA-XA-A8JR-01A-11D-A364-08,0,1,0,0,1,11,3,0,0,8,1,0
TCGA-XC-AA0X-01A-32D-A401-08,1,8,0,3,6,141,12,0,4,53,2,1
TCGA-XD-AAUG-01A-61D-A40W-08,0,1,0,0,0,15,1,0,0,8,0,0
TCGA-XD-AAUH-01A-42D-A40W-08,0,0,0,0,0,11,3,0,0,7,0,0
TCGA-XD-AAUI-01A-42D-A40W-08,0,1,0,1,2,29,6,0,2,9,0,0
TCGA-XD-AAUL-01A-21D-A397-08,0,1,0,2,0,22,3,0,1,13,0,0
TCGA-XE-A8H1-01A-11D-A435-10,0,2,0,2,0,6,0,0,0,2,0,0
TCGA-XE-A8H4-01A-31D-A435-10,0,0,0,0,1,9,0,0,0,4,0,0
TCGA-XE-A8H5-01A-11D-A435-10,0,1,0,1,0,24,3,0,0,8,0,0
TCGA-XE-A9SE-01A-21D-A435-10,0,3,0,1,0,11,1,0,1,2,1,0
TCGA-XE-AANI-01A-11D-A435-10,0,2,0,1,0,14,3,0,0,11,1,0
TCGA-XE-AANJ-01A-11D-A435-10,0,0,0,0,2,9,2,0,1,7,0,0
TCGA-XE-AANR-01A-11D-A435-10,0,1,0,3,0,12,0,0,0,3,0,0
TCGA-XE-AANV-01A-11D-A435-10,0,2,0,0,0,9,1,0,0,3,0,0
TCGA-XE-AAO3-01A-11D-A435-10,1,1,0,0,1,9,0,0,1,3,0,0
TCGA-XE-AAO4-01A-11D-A435-10,1,5,1,0,2,30,1,0,1,5,0,0
TCGA-XE-AAO6-01A-31D-A435-10,0,1,0,2,3,12,1,0,0,7,0,0
TCGA-XE-AAOB-01A-11D-A435-10,0,1,0,0,1,9,0,0,0,3,0,0
TCGA-XE-AAOC-01A-11D-A435-10,0,0,0,2,0,15,0,0,0,6,1,0
TCGA-XE-AAOD-01A-11D-A435-10,0,0,1,0,0,5,1,0,0,5,0,0
TCGA-XE-AAOF-01A-11D-A435-10,0,0,0,1,2,17,0,0,0,3,1,0
TCGA-XE-AAOJ-01A-12D-A435-10,1,1,0,2,0,11,2,0,1,6,0,0
TCGA-XE-AAOL-01A-11D-A435-10,0,3,0,1,2,10,0,0,0,4,1,0
TCGA-XF-A8HB-01A-11D-A364-08,1,7,0,3,1,67,1,0,0,16,2,0
TCGA-XF-A8HC-01A-11D-A364-08,1,15,1,4,13,96,11,0,3,57,3,0
TCGA-XF-A8HD-01A-11D-A364-08,0,27,3,11,23,383,32,0,4,148,5,0
TCGA-XF-A8HE-01A-11D-A364-08,0,30,1,10,25,326,30,1,8,126,6,0
TCGA-XF-A8HF-01A-11D-A364-08,0,5,0,6,3,126,8,0,0,44,6,0
TCGA-XF-A8HG-01A-11D-A364-08,2,18,1,10,10,236,17,0,1,108,2,0
TCGA-XF-A8HH-01A-11D-A38G-08,0,10,0,6,4,71,8,0,2,50,2,0
TCGA-XF-A8HI-01A-11D-A38G-08,0,5,0,1,2,53,7,0,1,35,0,0
TCGA-XF-A9SG-01A-12D-A42E-08,0,9,2,5,10,155,15,0,1,63,1,0
TCGA-XF-A9SH-01A-11D-A391-08,0,1,0,3,2,34,1,0,0,15,1,0
TCGA-XF-A9SI-01A-11D-A391-08,1,13,1,10,17,285,29,1,3,104,6,0
TCGA-XF-A9SJ-01A-11D-A391-08,0,13,3,7,7,225,21,1,3,104,4,1
TCGA-XF-A9SK-01A-11D-A42E-08,0,13,1,7,8,118,11,0,2,37,1,0
TCGA-XF-A9SL-01A-11D-A391-08,0,3,0,1,8,76,8,0,3,21,0,0
TCGA-XF-A9SM-01A-11D-A42E-08,1,13,0,9,15,189,17,0,0,73,2,0
TCGA-XF-A9SP-01A-11D-A391-08,1,9,1,10,14,237,26,0,1,111,7,0
TCGA-XF-A9ST-01A-11D-A42E-08,0,28,0,21,32,427,31,0,7,152,24,1
TCGA-XF-A9SU-01A-31D-A391-08,0,1,0,0,2,52,0,0,1,11,1,0
TCGA-XF-A9SV-01A-21D-A42E-08,0,4,0,2,4,48,4,0,1,26,4,1
TCGA-XF-A9SW-01A-11D-A42E-08,0,7,0,2,2,41,1,0,1,25,2,0
TCGA-XF-A9SX-01A-21D-A391-08,1,5,0,4,4,81,12,0,2,27,1,1
TCGA-XF-A9SY-01A-21D-A42E-08,2,18,1,7,16,356,33,0,2,135,4,0
TCGA-XF-A9SZ-01A-11D-A391-08,1,12,1,4,5,177,11,0,1,57,2,0
TCGA-XF-A9T0-01A-11D-A391-08,6,40,4,42,40,575,55,0,10,274,14,0
TCGA-XF-A9T2-01A-11D-A42E-08,1,9,0,4,4,63,8,0,1,27,2,0
TCGA-XF-A9T3-01A-11D-A42E-08,1,21,1,18,21,307,21,1,2,143,12,1
TCGA-XF-A9T4-01A-11D-A391-08,1,3,0,1,2,31,2,0,1,10,1,0
TCGA-XF-A9T5-01A-11D-A42E-08,2,37,7,26,37,542,55,1,14,201,13,1
TCGA-XF-A9T6-01A-11D-A42E-08,1,16,1,12,11,245,14,0,4,88,8,4
TCGA-XF-A9T8-01A-11D-A391-08,5,32,1,18,31,560,66,0,8,221,1,1
TCGA-XF-AAME-01A-12D-A42E-08,0,0,0,0,0,20,0,0,0,3,1,0
TCGA-XF-AAMF-01A-21D-A42E-08,0,5,0,2,3,62,2,0,0,20,1,0
TCGA-XF-AAMG-01A-11D-A42E-08,2,60,2,34,34,775,75,2,7,283,20,1
TCGA-XF-AAMH-01A-11D-A42E-08,0,1,0,2,4,42,7,0,0,23,0,0
TCGA-XF-AAMJ-01A-11D-A42E-08,0,3,0,1,0,34,1,0,0,14,1,0
TCGA-XF-AAML-01A-11D-A42E-08,0,25,2,17,24,377,43,0,7,161,12,0
TCGA-XF-AAMQ-01A-11D-A42E-08,3,11,0,9,11,143,18,0,4,74,2,0
TCGA-XF-AAMR-01A-31D-A42E-08,1,5,1,7,2,80,2,0,0,30,5,0
TCGA-XF-AAMT-01A-11D-A42E-08,1,5,2,2,5,79,2,0,0,30,3,0
TCGA-XF-AAMW-01A-11D-A42E-08,0,2,1,3,1,20,2,0,0,11,1,0
TCGA-XF-AAMX-01A-11D-A42E-08,0,18,3,10,11,255,19,0,5,96,6,1
TCGA-XF-AAMY-01A-11D-A42E-08,0,2,0,3,1,92,6,0,2,36,2,0
TCGA-XF-AAMZ-01A-11D-A42E-08,2,11,2,6,8,234,21,1,2,64,2,0
TCGA-XF-AAN0-01A-11D-A42E-08,1,27,2,10,16,336,32,4,7,119,3,0
TCGA-XF-AAN1-01A-31D-A42E-08,0,2,1,1,3,63,2,0,1,35,1,1
TCGA-XF-AAN2-01A-11D-A42E-08,3,31,3,17,24,348,30,1,12,144,10,0
TCGA-XF-AAN3-01A-11D-A42E-08,1,6,0,9,5,120,6,2,5,57,0,0
TCGA-XF-AAN4-01A-11D-A42E-08,0,0,0,1,1,40,2,0,2,10,0,0
TCGA-XF-AAN5-01A-11D-A42E-08,3,11,3,4,16,238,31,0,9,82,7,0
TCGA-XF-AAN7-01A-11D-A42E-08,0,4,1,4,3,112,10,0,4,44,1,0
TCGA-XF-AAN8-01A-11D-A42E-08,0,0,0,0,0,1,0,0,0,1,0,0
TCGA-XG-A823-01A-11D-A35I-08,0,0,0,0,1,5,0,0,0,5,0,1
TCGA-XH-A853-01A-11D-A423-09,1,4,0,0,1,8,0,0,0,4,0,0
TCGA-XJ-A83F-01A-11D-A34U-08,0,0,0,0,0,27,0,0,0,8,0,0
TCGA-XJ-A83G-01A-11D-A34U-08,0,1,0,2,2,17,1,0,1,6,0,0
TCGA-XJ-A83H-01A-11D-A34U-08,0,1,1,0,2,27,1,0,1,7,1,0
TCGA-XJ-A9DI-01A-11D-A377-08,0,1,0,0,1,15,2,0,1,4,0,0
TCGA-XJ-A9DK-01A-11D-A377-08,0,0,0,0,0,4,0,0,0,1,0,0
TCGA-XJ-A9DQ-01A-11D-A377-08,0,0,0,0,0,8,1,0,0,2,0,0
TCGA-XJ-A9DX-01A-11D-A377-08,0,1,0,2,2,47,5,0,3,12,0,0
TCGA-XK-AAIR-01A-11D-A41K-08,0,0,0,1,1,21,0,0,0,8,0,0
TCGA-XK-AAIV-01A-11D-A41K-08,0,2,1,2,1,39,3,0,2,6,0,0
TCGA-XK-AAIW-01A-11D-A41K-08,32,328,19,98,220,5558,337,0,94,2585,102,7
TCGA-XK-AAJ3-01A-11D-A41K-08,0,2,1,3,2,39,2,0,1,11,3,0
TCGA-XK-AAJA-01A-11D-A41K-08,0,3,0,1,2,36,0,0,0,13,1,0
TCGA-XK-AAJP-01A-11D-A41K-08,0,1,0,4,1,29,2,0,0,11,0,0
TCGA-XK-AAJR-01A-11D-A41K-08,0,0,0,0,0,15,2,0,0,13,1,0
TCGA-XK-AAJT-01A-11D-A41K-08,0,1,0,0,1,23,1,0,0,7,0,0
TCGA-XK-AAK1-01A-11D-A41K-08,0,0,1,0,2,26,2,0,1,12,1,0
TCGA-XM-A8R8-01A-11D-A423-09,1,4,0,1,0,6,0,0,1,2,0,0
TCGA-XM-A8R9-01A-31D-A423-09,0,3,0,3,0,7,1,0,1,2,1,0
TCGA-XM-A8RB-01A-11D-A423-09,0,2,0,0,1,2,0,0,2,1,0,0
TCGA-XM-A8RC-01A-11D-A423-09,0,4,0,1,0,19,0,0,0,9,1,0
TCGA-XM-A8RD-01A-11D-A423-09,0,3,0,0,1,6,1,0,0,2,0,0
TCGA-XM-A8RE-01A-11D-A423-09,0,5,0,0,0,5,0,0,0,2,0,0
TCGA-XM-A8RF-01A-11D-A423-09,0,10,0,1,2,25,2,0,0,6,3,0
TCGA-XM-A8RG-01A-11D-A423-09,0,5,0,1,1,21,0,0,0,3,0,0
TCGA-XM-A8RH-01A-11D-A423-09,0,3,0,0,0,5,0,0,0,2,0,0
TCGA-XM-A8RI-01A-12D-A423-09,0,4,0,0,2,10,2,0,1,10,0,0
TCGA-XM-A8RL-01A-11D-A423-09,0,2,1,1,0,1,0,0,0,2,0,0
TCGA-XM-AAZ1-01A-11D-A423-09,0,3,0,0,1,13,0,0,1,2,0,0
TCGA-XM-AAZ2-01A-11D-A423-09,1,5,0,0,0,15,1,0,0,6,0,0
TCGA-XM-AAZ3-01A-11D-A423-09,0,6,0,2,2,17,1,0,1,2,0,1
TCGA-XN-A8T3-01A-11D-A36O-08,0,1,1,3,1,35,2,0,0,10,0,0
TCGA-XN-A8T5-01A-12D-A36O-08,0,0,0,2,1,8,1,0,3,6,0,0
TCGA-XP-A8T6-01A-11D-A36J-09,2,17,1,6,1,64,4,1,4,28,1,0
TCGA-XP-A8T7-01A-11D-A36J-09,4,18,2,2,7,61,4,0,3,25,2,0
TCGA-XP-A8T8-01A-11D-A36J-09,4,15,1,5,2,85,4,0,3,23,1,0
TCGA-XQ-A8TA-01A-11D-A364-08,0,3,0,2,4,95,7,0,0,26,2,0
TCGA-XQ-A8TB-01A-11D-A364-08,0,1,0,1,0,21,0,0,0,10,0,0
TCGA-XR-A8TC-01A-11D-A35Z-10,0,4,0,4,3,46,3,0,0,12,1,0
TCGA-XR-A8TD-01A-12D-A38X-10,0,0,0,2,1,46,2,0,2,17,1,0
TCGA-XR-A8TE-01A-11D-A35Z-10,1,3,0,1,1,10,0,0,1,6,1,0
TCGA-XR-A8TF-01A-11D-A35Z-10,0,17,1,7,5,111,7,0,5,40,7,0
TCGA-XR-A8TG-01A-11D-A35Z-10,0,11,1,6,4,63,6,0,0,29,3,0
TCGA-XS-A8TJ-01A-11D-A36J-09,2,17,1,5,7,65,10,0,2,34,1,0
TCGA-XT-AASU-01A-11D-A39R-32,0,6,0,5,4,37,1,0,0,8,0,0
TCGA-XU-A92O-01A-11D-A423-09,0,3,1,0,1,22,2,0,0,11,0,0
TCGA-XU-A92Q-01A-11D-A423-09,2,3,0,0,1,21,0,0,1,2,0,0
TCGA-XU-A92R-01A-11D-A423-09,1,6,0,0,1,16,2,0,0,5,0,0
TCGA-XU-A92T-01A-11D-A423-09,1,6,0,2,0,23,2,0,1,3,1,0
TCGA-XU-A92U-01A-11D-A423-09,1,8,0,0,1,11,0,0,2,5,0,0
TCGA-XU-A92V-01A-11D-A423-09,0,8,0,0,0,34,2,0,1,4,0,0
TCGA-XU-A92W-01A-11D-A423-09,0,3,0,0,2,11,0,0,0,5,0,0
TCGA-XU-A92X-01A-11D-A423-09,0,4,1,2,1,4,1,0,1,2,0,0
TCGA-XU-A92Y-01A-11D-A423-09,0,5,0,0,0,9,0,0,0,3,0,0
TCGA-XU-A92Z-01A-11D-A423-09,0,8,0,1,0,19,1,0,4,2,0,0
TCGA-XU-A930-01A-11D-A423-09,1,5,1,5,3,19,3,0,0,5,0,0
TCGA-XU-A931-01A-11D-A423-09,0,4,0,1,2,9,0,0,1,5,0,0
TCGA-XU-A932-01A-11D-A423-09,0,1,0,0,0,8,0,0,1,8,0,0
TCGA-XU-A933-01A-11D-A423-09,1,9,1,3,4,27,3,0,1,10,0,0
TCGA-XU-A936-01A-11D-A428-09,0,8,0,1,0,20,2,0,0,8,0,0
TCGA-XU-AAXW-01A-11D-A428-09,0,1,0,1,0,3,0,0,0,4,0,0
TCGA-XU-AAXX-01A-11D-A428-09,0,0,0,1,1,5,1,0,1,3,0,0
TCGA-XU-AAXY-01A-11D-A428-09,2,1,0,0,0,2,0,0,0,1,0,0
TCGA-XU-AAXZ-01A-11D-A428-09,0,3,0,0,1,5,0,0,1,2,0,0
TCGA-XU-AAY0-01A-11D-A428-09,0,8,0,0,0,12,0,0,2,1,0,0
TCGA-XU-AAY1-01A-11D-A428-09,0,2,0,0,0,6,0,0,2,2,0,0
TCGA-XV-A9VZ-01A-11D-A38G-08,0,0,0,1,0,13,2,0,0,2,0,0
TCGA-XV-A9W2-01A-11D-A397-08,0,1,0,1,2,30,2,0,1,16,3,0
TCGA-XV-A9W5-01A-11D-A38G-08,0,7,0,1,5,66,3,0,4,46,2,1
TCGA-XV-AAZV-01A-11D-A401-08,0,6,1,4,3,90,3,0,0,52,0,0
TCGA-XV-AAZW-01A-12D-A401-08,1,6,1,5,4,119,7,0,0,69,0,2
TCGA-XV-AAZY-01A-12D-A401-08,1,5,1,4,6,131,9,0,5,75,1,1
TCGA-XX-A899-01A-11D-A36J-09,0,7,1,2,1,30,3,0,0,16,0,0
TCGA-XX-A89A-01A-11D-A36J-09,1,38,4,12,13,137,8,1,5,46,0,0
TCGA-XY-A89B-01A-11D-A435-10,0,1,0,0,1,23,0,0,1,8,3,0
TCGA-XY-A8S2-01A-11D-A435-10,0,6,0,3,0,46,3,0,0,10,2,0
TCGA-XY-A8S3-01B-11D-A435-10,0,3,0,0,1,6,0,0,0,2,0,0
TCGA-XY-A9T9-01A-11D-A435-10,0,1,0,0,0,8,0,0,0,3,0,0
TCGA-Y6-A8TL-01A-21D-A377-08,0,1,0,1,1,22,3,0,0,4,0,0
TCGA-Y6-A9XI-01A-11D-A41K-08,0,2,0,0,1,35,1,0,0,13,1,0
TCGA-Y8-A894-01A-11D-A35Z-10,0,14,0,6,4,50,7,0,1,20,2,0
TCGA-Y8-A895-01A-11D-A35Z-10,2,16,2,6,7,63,8,0,2,24,2,0
TCGA-Y8-A896-01A-11D-A35Z-10,1,8,4,8,1,75,3,0,1,24,3,0
TCGA-Y8-A897-01A-11D-A35Z-10,1,11,1,9,3,46,4,0,1,16,2,0
TCGA-Y8-A898-01A-11D-A34Z-10,0,3,0,1,2,54,3,0,0,15,4,0
TCGA-Y8-A8RY-01A-11D-A36X-10,0,6,2,8,2,42,3,0,2,20,0,0
TCGA-Y8-A8RZ-01A-11D-A36X-10,0,5,1,4,2,50,4,0,1,13,3,0
TCGA-Y8-A8S0-01A-11D-A36X-10,0,3,1,4,2,28,3,0,0,11,0,0
TCGA-Y8-A8S1-01A-11D-A36X-10,0,1,0,1,3,45,2,0,3,12,0,0
TCGA-YA-A8S7-01A-11D-A36X-10,1,16,0,4,6,60,1,0,1,24,1,0
TCGA-YB-A89D-01A-12D-A36O-08,1,1,0,1,1,22,2,0,0,7,0,0
TCGA-YC-A89H-01A-11D-A364-08,12,78,11,107,88,1156,120,0,15,646,28,6
TCGA-YC-A8S6-01A-31D-A38G-08,1,0,1,1,3,80,9,0,1,22,4,0
TCGA-YC-A9TC-01A-22D-A391-08,1,8,1,0,2,101,4,0,2,28,1,0
TCGA-YD-A89C-06A-11D-A372-08,4,126,16,47,66,1273,86,0,42,720,22,3
TCGA-YD-A9TA-06A-11D-A397-08,11,194,23,93,127,2549,125,0,55,1422,36,1
TCGA-YD-A9TB-06A-12D-A401-08,1,21,0,5,11,258,9,0,3,157,3,0
TCGA-YF-AA3L-01A-11D-A38G-08,2,19,0,15,16,237,16,0,6,83,7,0
TCGA-YF-AA3M-01A-11D-A42E-08,1,8,2,7,5,113,12,1,5,73,0,0
TCGA-YG-AA3N-01A-11D-A38G-08,7,107,12,63,66,1507,102,0,51,856,23,2
TCGA-YG-AA3O-06A-11D-A38G-08,5,58,16,17,47,851,48,0,26,442,15,2
TCGA-YG-AA3P-06A-11D-A38G-08,0,9,0,0,3,59,0,0,0,26,1,0
TCGA-YH-A8SY-01A-11D-A377-08,0,4,0,2,0,30,9,0,2,20,1,0
TCGA-YJ-A8SW-01A-11D-A377-08,0,2,1,4,0,47,2,0,1,16,1,0
TCGA-YL-A8HJ-01A-11D-A364-08,0,0,0,0,1,27,0,0,1,9,1,0
TCGA-YL-A8HK-01A-11D-A364-08,0,1,0,0,0,13,2,0,0,8,0,0
TCGA-YL-A8HL-01A-11D-A364-08,0,0,0,0,3,16,1,0,1,5,0,0
TCGA-YL-A8HM-01A-11D-A364-08,0,4,0,3,0,29,1,0,0,12,0,0
TCGA-YL-A8HO-01A-11D-A364-08,0,1,0,1,2,23,3,0,0,13,1,0
TCGA-YL-A8S8-01A-11D-A377-08,0,3,1,0,0,27,7,0,2,7,1,0
TCGA-YL-A8S9-01A-11D-A377-08,0,2,0,0,1,24,1,1,2,8,0,0
TCGA-YL-A8SA-01A-21D-A377-08,0,0,0,0,0,23,1,0,1,10,0,0
TCGA-YL-A8SB-01A-31D-A377-08,0,1,0,2,1,19,2,0,0,6,0,0
TCGA-YL-A8SC-01A-11D-A377-08,1,1,0,1,1,29,4,0,0,12,1,0
TCGA-YL-A8SF-01A-11D-A377-08,0,1,0,0,1,13,0,0,0,5,0,0
TCGA-YL-A8SH-01B-11D-A377-08,0,0,0,0,1,31,0,0,0,6,0,0
TCGA-YL-A8SI-01A-11D-A41K-08,0,0,0,0,0,19,1,0,1,4,0,0
TCGA-YL-A8SJ-01B-11D-A377-08,0,0,0,0,0,22,2,0,0,11,0,0
TCGA-YL-A8SK-01B-21D-A377-08,1,0,0,2,0,26,2,0,1,11,0,0
TCGA-YL-A8SL-01B-21D-A377-08,0,0,0,1,0,34,2,0,0,8,0,0
TCGA-YL-A8SO-01B-31D-A377-08,0,1,1,0,0,26,3,0,0,14,0,0
TCGA-YL-A8SP-01B-11D-A377-08,0,1,0,2,0,18,1,0,0,10,0,0
TCGA-YL-A8SQ-01B-11D-A377-08,0,3,0,0,0,28,0,0,0,10,0,0
TCGA-YL-A8SR-01B-11D-A377-08,0,1,0,1,1,21,2,0,0,3,0,0
TCGA-YL-A9WH-01A-11D-A377-08,0,1,0,2,0,41,3,0,0,21,3,0
TCGA-YL-A9WI-01A-11D-A377-08,0,2,0,0,1,32,1,0,2,12,0,0
TCGA-YL-A9WJ-01A-11D-A377-08,0,0,0,0,0,18,3,0,0,5,0,0
TCGA-YL-A9WK-01A-11D-A377-08,0,1,0,0,2,23,2,0,0,7,0,0
TCGA-YL-A9WL-01A-11D-A41K-08,0,2,0,2,0,21,0,0,0,5,2,0
TCGA-YL-A9WX-01A-21D-A41K-08,0,0,0,1,0,4,0,0,0,7,1,0
TCGA-YL-A9WY-01A-11D-A41K-08,0,1,0,1,0,29,0,0,0,10,0,0
TCGA-YR-A95A-01A-12D-A417-09,1,9,0,0,3,22,0,0,0,10,0,0
TCGA-YS-A95B-01A-11D-A39R-32,0,1,0,3,0,12,1,0,0,10,0,0
TCGA-YS-A95C-01A-11D-A39R-32,2,0,0,1,2,18,0,0,0,5,0,0
TCGA-YS-AA4M-01A-11D-A39R-32,0,0,0,1,2,15,1,0,0,5,1,0
TCGA-YT-A95D-01A-11D-A428-09,0,4,0,2,1,15,0,0,0,3,0,0
TCGA-YT-A95E-01A-11D-A428-09,1,4,1,0,0,9,0,0,0,2,1,0
TCGA-YT-A95F-01A-11D-A428-09,0,6,0,3,0,16,4,0,0,2,0,0
TCGA-YT-A95G-01A-11D-A428-09,0,1,1,1,0,9,1,0,1,3,2,0
TCGA-YT-A95H-01A-11D-A428-09,1,4,0,0,1,9,0,0,1,4,0,0
TCGA-YU-A90P-01A-11D-A435-10,0,3,0,0,0,7,2,0,0,2,0,0
TCGA-YU-A90Q-01A-11D-A435-10,0,0,0,1,0,4,0,0,0,2,1,0
TCGA-YU-A90S-01A-11D-A435-10,0,1,0,0,0,0,0,0,0,0,0,0
TCGA-YU-A90W-01A-11D-A435-10,0,4,0,3,0,14,1,0,0,7,1,0
TCGA-YU-A90Y-01A-11D-A435-10,0,0,0,1,0,10,3,0,0,3,0,0
TCGA-YU-A912-01A-11D-A435-10,0,2,0,3,0,12,0,0,0,2,0,0
TCGA-YU-A94D-01A-11D-A435-10,0,4,0,2,0,15,2,0,0,4,0,0
TCGA-YU-A94I-01A-11D-A435-10,0,5,0,1,2,34,4,0,2,8,1,0
TCGA-YU-AA4L-01A-11D-A435-10,0,5,0,3,0,8,1,0,0,4,0,0
TCGA-YU-AA61-01A-11D-A435-10,0,1,0,0,1,10,0,0,0,2,1,0
TCGA-YY-A8LH-01A-11D-A36O-08,1,3,0,3,2,44,4,0,1,23,1,0
TCGA-YZ-A980-01A-11D-A39W-08,0,1,0,0,0,5,0,0,0,6,0,0
TCGA-YZ-A982-01A-11D-A39W-08,0,1,1,0,0,20,1,0,1,1,0,0
TCGA-YZ-A983-01A-11D-A39W-08,0,0,0,0,0,17,0,0,0,5,0,0
TCGA-YZ-A984-01A-11D-A39W-08,0,0,0,0,0,6,1,0,0,2,0,0
TCGA-YZ-A985-01A-11D-A39W-08,0,10,2,5,7,354,22,0,7,160,3,0
TCGA-Z2-A8RT-06A-11D-A372-08,21,205,16,98,109,2200,130,1,64,1199,26,6
TCGA-Z2-AA3S-06A-11D-A397-08,2,7,4,6,11,154,10,0,3,93,3,0
TCGA-Z2-AA3V-06A-11D-A397-08,2,23,1,6,9,322,24,1,11,190,3,1
TCGA-Z4-A8JB-01A-23D-A37C-09,0,7,0,0,0,15,3,0,1,2,0,0
TCGA-Z4-A9VC-01A-11D-A37C-09,1,6,3,1,3,19,0,0,0,7,0,0
TCGA-Z4-AAPF-01A-11D-A38Z-09,1,3,0,1,1,11,1,0,0,5,2,0
TCGA-Z4-AAPG-01A-11D-A38Z-09,1,6,0,2,2,31,2,0,4,15,0,1
TCGA-Z5-AAPL-01A-12D-A40W-08,0,0,0,1,0,6,0,0,0,1,1,0
TCGA-Z6-A8JD-01A-11D-A36J-09,0,43,0,11,19,144,14,1,4,60,4,0
TCGA-Z6-A8JE-01A-11D-A37C-09,5,39,5,16,9,141,13,0,9,34,2,0
TCGA-Z6-A9VB-01A-21D-A37C-09,1,20,3,4,4,69,3,0,2,31,0,0
TCGA-Z6-AAPN-01A-11D-A403-09,9,95,6,17,18,278,30,1,6,82,3,0
TCGA-Z7-A8R5-01A-42D-A41F-09,1,2,0,2,1,18,3,0,3,4,0,0
TCGA-Z7-A8R6-01A-11D-A41F-09,0,17,1,3,7,45,8,0,2,22,2,0
TCGA-ZA-A8F6-01A-23D-A364-08,0,1,1,1,2,34,7,0,0,11,1,0
TCGA-ZB-A961-01A-11D-A428-09,0,3,1,1,0,23,2,0,1,9,0,0
TCGA-ZB-A962-01A-11D-A428-09,0,5,1,0,2,17,1,0,0,5,0,0
TCGA-ZB-A963-01A-11D-A428-09,0,3,0,0,1,9,1,0,1,7,0,0
TCGA-ZB-A964-01A-11D-A428-09,0,4,2,0,0,15,0,0,1,3,0,0
TCGA-ZB-A965-01A-11D-A428-09,1,8,0,2,2,23,2,0,3,9,0,0
TCGA-ZB-A966-01A-11D-A428-09,5,97,2,14,23,436,21,0,18,166,5,1
TCGA-ZB-A969-01A-11D-A428-09,0,5,0,1,1,26,2,0,0,10,0,0
TCGA-ZB-A96A-01A-11D-A428-09,1,3,0,1,5,9,0,0,0,5,0,0
TCGA-ZB-A96B-01A-11D-A428-09,0,0,0,1,0,6,0,0,0,1,0,0
TCGA-ZB-A96C-01A-11D-A428-09,0,5,0,2,2,24,1,0,0,8,0,0
TCGA-ZB-A96D-01A-11D-A428-09,0,2,1,0,0,16,2,0,0,3,0,0
TCGA-ZB-A96E-01A-11D-A428-09,0,3,1,1,1,19,2,0,0,8,1,0
TCGA-ZB-A96F-01A-11D-A428-09,1,1,0,2,0,15,0,0,0,7,0,0
TCGA-ZB-A96G-01A-11D-A428-09,0,1,0,2,0,8,0,0,0,0,0,0
TCGA-ZB-A96H-01A-11D-A428-09,0,5,0,1,1,18,0,0,0,1,0,0
TCGA-ZB-A96I-01A-11D-A428-09,1,3,0,3,0,24,4,0,1,7,1,0
TCGA-ZB-A96K-01A-11D-A428-09,0,6,0,2,1,12,0,0,0,4,0,0
TCGA-ZB-A96L-01A-11D-A428-09,0,13,0,0,3,23,0,0,0,5,0,0
TCGA-ZB-A96M-01A-11D-A428-09,0,3,1,1,1,23,0,0,1,4,0,0
TCGA-ZB-A96O-01A-11D-A428-09,0,0,0,1,1,1,0,0,0,0,0,0
TCGA-ZB-A96P-01A-11D-A428-09,0,3,1,0,1,5,0,0,0,1,0,0
TCGA-ZB-A96Q-01A-11D-A428-09,0,2,0,0,0,16,1,0,0,5,0,0
TCGA-ZB-A96R-01A-11D-A428-09,0,0,0,1,2,6,0,0,0,1,0,0
TCGA-ZB-A96V-01A-11D-A428-09,1,8,0,3,7,41,6,1,1,22,1,0
TCGA-ZC-AAA7-01A-11D-A428-09,2,11,0,3,4,52,2,0,3,19,3,0
TCGA-ZC-AAAA-01A-11D-A428-09,0,1,0,0,1,11,0,0,1,3,0,0
TCGA-ZC-AAAF-01A-11D-A428-09,0,8,0,3,0,16,0,0,0,8,1,0
TCGA-ZC-AAAH-01A-11D-A428-09,0,0,0,1,0,9,0,0,0,4,0,0
TCGA-ZD-A8I3-01A-11D-A417-09,0,11,0,1,0,25,3,0,1,8,0,0
TCGA-ZF-A9R0-01A-11D-A38G-08,1,14,1,5,7,153,16,0,2,65,1,0
TCGA-ZF-A9R1-01A-11D-A391-08,1,4,0,3,3,75,4,0,5,28,0,0
TCGA-ZF-A9R2-01A-11D-A391-08,0,9,0,2,5,117,10,0,2,46,2,0
TCGA-ZF-A9R3-01A-11D-A38G-08,1,2,0,3,4,68,6,0,3,25,2,0
TCGA-ZF-A9R4-01A-11D-A38G-08,3,11,4,7,8,198,22,0,3,68,0,0
TCGA-ZF-A9R5-01A-12D-A42E-08,0,2,0,2,2,78,5,0,1,24,3,2
TCGA-ZF-A9R7-01A-11D-A38G-08,1,51,6,27,40,548,62,0,6,202,8,2
TCGA-ZF-A9R9-01A-11D-A38G-08,4,4,1,1,10,152,16,0,2,62,2,0
TCGA-ZF-A9RC-01A-11D-A38G-08,3,43,10,43,37,748,50,0,10,354,17,2
TCGA-ZF-A9RD-01A-11D-A42E-08,0,10,0,7,5,137,12,0,1,64,5,0
TCGA-ZF-A9RE-01A-11D-A38G-08,1,2,1,3,2,53,4,1,0,15,0,0
TCGA-ZF-A9RF-01A-11D-A38G-08,1,12,1,7,7,194,17,1,7,60,2,2
TCGA-ZF-A9RG-01A-21D-A42E-08,1,10,1,8,5,193,16,0,2,81,5,0
TCGA-ZF-A9RL-01A-11D-A38G-08,3,14,2,13,17,265,26,2,10,81,8,0
TCGA-ZF-A9RM-01A-11D-A38G-08,0,7,0,0,4,72,4,0,2,21,2,0
TCGA-ZF-A9RN-01A-11D-A42E-08,1,12,1,7,3,144,12,0,5,64,5,0
TCGA-ZF-AA4N-01A-11D-A38G-08,1,8,3,4,9,122,15,0,4,42,5,0
TCGA-ZF-AA4R-01A-11D-A38G-08,0,3,0,0,3,52,4,0,0,17,0,0
TCGA-ZF-AA4T-01A-11D-A38G-08,0,7,0,1,4,83,1,0,0,28,0,0
TCGA-ZF-AA4U-01A-11D-A38G-08,0,5,0,2,2,45,5,0,1,22,2,0
TCGA-ZF-AA4V-01A-11D-A38G-08,2,41,5,26,35,512,34,1,13,236,11,2
TCGA-ZF-AA4W-01A-12D-A38G-08,2,16,1,13,8,389,25,0,5,147,10,0
TCGA-ZF-AA4X-01A-11D-A38G-08,2,35,2,20,30,504,53,0,7,200,10,2
TCGA-ZF-AA51-01A-21D-A391-08,3,38,5,22,27,529,60,2,13,204,9,1
TCGA-ZF-AA52-01A-12D-A391-08,1,8,0,2,4,93,4,0,3,39,1,0
TCGA-ZF-AA53-01A-11D-A391-08,1,12,0,4,6,140,14,0,0,60,3,0
TCGA-ZF-AA54-01A-11D-A391-08,1,9,1,5,13,140,17,1,1,51,7,0
TCGA-ZF-AA56-01A-31D-A391-08,0,2,0,1,3,90,4,0,1,23,3,0
TCGA-ZF-AA58-01A-12D-A42E-08,1,8,2,7,9,179,14,1,0,64,5,0
TCGA-ZF-AA5H-01A-11D-A391-08,2,3,1,1,2,49,3,0,1,20,2,0
TCGA-ZF-AA5N-01A-11D-A42E-08,0,2,0,1,3,41,1,1,1,13,0,0
TCGA-ZF-AA5P-01A-11D-A391-08,0,1,0,0,0,46,2,0,0,19,1,0
TCGA-ZG-A8QW-01A-11D-A377-08,0,1,0,1,0,25,0,0,1,15,1,0
TCGA-ZG-A8QX-01A-11D-A377-08,0,0,0,0,0,23,0,0,1,8,2,0
TCGA-ZG-A8QY-01A-11D-A377-08,0,5,1,1,2,39,2,0,1,14,4,0
TCGA-ZG-A8QZ-01A-11D-A377-08,1,0,0,0,0,22,2,0,0,9,0,0
TCGA-ZG-A9KY-01A-11D-A41K-08,0,2,1,0,1,41,2,0,0,19,1,0
TCGA-ZG-A9L0-01A-11D-A41K-08,0,0,0,2,1,30,2,0,0,9,0,0
TCGA-ZG-A9L1-01A-11D-A41K-08,0,2,0,3,0,19,1,0,1,9,0,1
TCGA-ZG-A9L2-01A-31D-A41K-08,0,0,1,0,1,20,1,0,0,4,0,0
TCGA-ZG-A9L4-01A-11D-A41K-08,0,1,0,0,0,21,2,0,0,6,1,0
TCGA-ZG-A9L5-01A-12D-A41K-08,0,1,2,0,1,35,3,0,0,14,1,0
TCGA-ZG-A9L6-01A-11D-A41K-08,0,2,0,1,1,23,0,0,1,14,1,0
TCGA-ZG-A9L9-01A-11D-A41K-08,1,1,0,1,0,32,0,0,1,11,0,0
TCGA-ZG-A9LB-01A-11D-A41K-08,0,0,0,2,2,46,2,0,0,12,0,0
TCGA-ZG-A9LM-01A-11D-A41K-08,0,0,0,0,0,21,7,0,1,9,0,0
TCGA-ZG-A9LN-01A-11D-A41K-08,0,1,0,0,1,25,3,0,1,13,1,0
TCGA-ZG-A9LS-01A-12D-A41K-08,0,1,0,2,3,14,0,0,0,5,1,0
TCGA-ZG-A9LU-01A-11D-A41K-08,0,2,0,0,1,13,3,0,0,11,0,0
TCGA-ZG-A9LY-01A-11D-A41K-08,0,2,0,1,1,28,2,0,0,7,0,1
TCGA-ZG-A9LZ-01A-11D-A41K-08,0,0,0,1,1,26,3,0,0,7,0,0
TCGA-ZG-A9M4-01A-11D-A41K-08,0,0,1,1,1,23,3,0,0,10,0,0
TCGA-ZG-A9MC-01A-31D-A41K-08,0,1,0,0,0,26,1,0,0,5,0,0
TCGA-ZG-A9N3-01A-11D-A41K-08,0,1,0,1,6,43,0,0,0,21,0,0
TCGA-ZG-A9ND-01A-11D-A41K-08,0,0,0,0,4,17,1,0,0,4,0,0
TCGA-ZG-A9NI-01A-11D-A41K-08,0,1,0,0,3,67,5,1,0,20,0,0
TCGA-ZH-A8Y1-01A-11D-A417-09,0,13,1,1,3,34,1,0,1,8,0,0
TCGA-ZH-A8Y2-01A-11D-A417-09,0,6,0,2,3,38,2,0,4,11,1,0
TCGA-ZH-A8Y4-01A-11D-A417-09,2,15,0,2,4,38,4,0,2,12,1,0
TCGA-ZH-A8Y5-01A-11D-A417-09,1,7,0,1,1,17,1,0,0,9,1,0
TCGA-ZH-A8Y6-01A-11D-A417-09,1,20,1,4,6,32,0,0,3,15,0,0
TCGA-ZH-A8Y8-01A-51D-A417-09,0,10,0,2,0,20,2,0,0,8,0,0
TCGA-ZJ-A8QO-01A-11D-A37N-09,1,12,1,1,4,49,4,0,2,21,3,0
TCGA-ZJ-A8QR-01A-11D-A37N-09,1,25,2,10,10,100,10,0,7,35,4,1
TCGA-ZJ-AAX4-01A-11D-A42O-09,1,16,0,1,8,42,1,0,0,23,0,0
TCGA-ZJ-AAX8-01A-11D-A42O-09,1,16,0,2,4,46,6,0,3,21,0,0
TCGA-ZJ-AAXA-01A-11D-A42O-09,3,14,0,5,1,46,6,0,4,29,1,0
TCGA-ZJ-AAXB-01A-11D-A42O-09,5,35,2,9,8,110,5,0,8,45,4,0
TCGA-ZJ-AAXD-01A-21D-A42O-09,2,17,0,4,4,70,6,0,3,26,0,0
TCGA-ZJ-AAXF-01A-31D-A42O-09,0,9,0,4,4,42,3,0,0,19,0,0
TCGA-ZJ-AAXI-01A-11D-A42O-09,1,21,3,2,8,51,8,1,1,23,0,0
TCGA-ZJ-AAXJ-01A-11D-A42O-09,2,22,1,4,7,67,11,0,4,37,0,0
TCGA-ZJ-AAXN-01A-11D-A42O-09,1,11,1,4,1,45,3,0,3,17,0,0
TCGA-ZJ-AAXT-01A-11D-A42O-09,4,50,2,9,15,118,23,0,5,54,2,0
TCGA-ZJ-AAXU-01A-11D-A42O-09,2,105,1,12,21,306,41,1,12,139,7,0
TCGA-ZJ-AB0H-01A-11D-A42O-09,3,27,0,5,12,91,4,0,3,34,1,0
TCGA-ZJ-AB0I-01A-11D-A42O-09,2,24,0,6,4,82,4,0,4,24,1,0
TCGA-ZL-A9V6-01A-11D-A428-09,1,3,0,2,1,16,3,0,0,4,0,0
TCGA-ZM-AA05-01A-12D-A435-10,0,3,0,2,3,21,0,0,0,5,0,0
TCGA-ZM-AA06-01A-12D-A435-10,0,0,0,3,3,10,2,0,0,6,1,0
TCGA-ZM-AA0B-01A-11D-A435-10,0,2,0,1,1,8,0,0,0,7,0,0
TCGA-ZM-AA0D-01A-11D-A435-10,0,0,0,1,0,5,1,0,0,3,0,0
TCGA-ZM-AA0E-01A-12D-A435-10,0,3,0,0,0,5,0,0,0,3,0,0
TCGA-ZM-AA0F-01A-21D-A435-10,0,0,0,0,1,3,0,0,0,2,0,0
TCGA-ZM-AA0H-01A-11D-A435-10,0,3,0,3,1,25,0,0,2,15,1,0
TCGA-ZM-AA0N-01A-21D-A435-10,0,4,0,1,0,12,0,0,0,5,0,0
TCGA-ZN-A9VO-01A-11D-A39R-32,1,2,0,1,2,18,2,1,2,7,0,0
TCGA-ZN-A9VP-01A-11D-A39R-32,0,1,1,2,0,12,4,0,0,9,0,0
TCGA-ZN-A9VS-01A-11D-A39R-32,0,1,1,6,1,29,0,0,0,9,0,0
TCGA-ZN-A9VU-01A-11D-A39R-32,0,3,0,2,2,29,1,0,3,3,0,0
TCGA-ZN-A9VV-01A-11D-A39R-32,0,1,0,0,3,23,3,0,0,4,1,0
TCGA-ZN-A9VW-01A-11D-A39R-32,1,4,0,2,1,48,3,0,0,9,0,0
TCGA-ZP-A9CV-01A-11D-A382-10,1,15,2,4,4,88,5,0,2,32,1,0
TCGA-ZP-A9CY-01A-11D-A382-10,0,6,0,5,5,69,5,0,1,21,1,0
TCGA-ZP-A9CZ-01A-11D-A382-10,0,6,1,6,4,41,2,0,0,16,3,1
TCGA-ZP-A9D0-01A-11D-A36X-10,1,5,0,2,2,41,2,1,0,18,0,0
TCGA-ZP-A9D1-01A-11D-A382-10,1,15,0,8,10,108,3,0,2,43,5,0
TCGA-ZP-A9D2-01A-11D-A382-10,0,11,1,1,3,44,6,0,1,11,1,1
TCGA-ZP-A9D4-01A-11D-A36X-10,0,8,1,3,3,56,2,0,1,20,3,0
TCGA-ZQ-A9CR-01A-11D-A397-08,2,8,0,3,3,89,4,0,0,33,2,0
TCGA-ZR-A9CJ-01B-11D-A387-09,3,21,0,4,8,97,7,0,1,37,1,0
TCGA-ZS-A9CD-01A-11D-A36X-10,2,12,0,7,5,79,6,0,2,29,1,0
TCGA-ZS-A9CE-01A-11D-A36X-10,0,14,0,7,10,92,9,0,1,29,1,0
TCGA-ZS-A9CF-01A-11D-A382-10,1,17,0,5,3,69,7,0,1,28,1,0
TCGA-ZS-A9CG-01A-11D-A36X-10,0,6,1,5,2,63,1,0,1,20,4,0
TCGA-ZT-A8OM-01A-11D-A428-09,1,6,0,0,2,14,0,0,1,5,0,0
TCGA-ZU-A8S4-01A-11D-A417-09,0,12,0,1,3,41,2,0,2,13,0,0
TCGA-ZX-AA5X-01A-11D-A42O-09,2,9,0,1,4,52,3,0,1,20,1,0
